solid ASCII
  facet normal 0.000000e+00 1.000000e+00 -0.000000e+00
    outer loop
      vertex   1.879801e+01 6.575000e+01 -1.107851e+01
      vertex   1.799809e+01 6.575000e+01 -1.105350e+01
      vertex   1.880000e+01 6.575000e+01 -1.100000e+01
    endloop
  endfacet
  facet normal 0.000000e+00 1.000000e+00 0.000000e+00
    outer loop
      vertex   1.880000e+01 6.575000e+01 -1.100000e+01
      vertex   1.799809e+01 6.575000e+01 -1.105350e+01
      vertex   1.800000e+01 6.575000e+01 -1.100000e+01
    endloop
  endfacet
  facet normal 0.000000e+00 1.000000e+00 -0.000000e+00
    outer loop
      vertex   1.880000e+01 6.575000e+01 -1.100000e+01
      vertex   1.800000e+01 6.575000e+01 -1.100000e+01
      vertex   1.880000e+01 6.575000e+01 -1.000000e+01
    endloop
  endfacet
  facet normal 0.000000e+00 1.000000e+00 0.000000e+00
    outer loop
      vertex   1.880000e+01 6.575000e+01 -1.000000e+01
      vertex   1.800000e+01 6.575000e+01 -1.100000e+01
      vertex   1.800000e+01 6.575000e+01 -1.000000e+01
    endloop
  endfacet
  facet normal 0.000000e+00 1.000000e+00 0.000000e+00
    outer loop
      vertex   1.880000e+01 6.575000e+01 -1.000000e+01
      vertex   1.800000e+01 6.575000e+01 -1.000000e+01
      vertex   1.799809e+01 6.575000e+01 -9.946496e+00
    endloop
  endfacet
  facet normal 0.000000e+00 1.000000e+00 0.000000e+00
    outer loop
      vertex   1.799809e+01 6.575000e+01 -1.105350e+01
      vertex   1.879801e+01 6.575000e+01 -1.107851e+01
      vertex   1.799237e+01 6.575000e+01 -1.110674e+01
    endloop
  endfacet
  facet normal -0.000000e+00 1.000000e+00 0.000000e+00
    outer loop
      vertex   1.799237e+01 6.575000e+01 -1.110674e+01
      vertex   1.879801e+01 6.575000e+01 -1.107851e+01
      vertex   1.879205e+01 6.575000e+01 -1.115681e+01
    endloop
  endfacet
  facet normal 0.000000e+00 1.000000e+00 0.000000e+00
    outer loop
      vertex   1.799237e+01 6.575000e+01 -1.110674e+01
      vertex   1.879205e+01 6.575000e+01 -1.115681e+01
      vertex   1.798286e+01 6.575000e+01 -1.115942e+01
    endloop
  endfacet
  facet normal -0.000000e+00 1.000000e+00 0.000000e+00
    outer loop
      vertex   1.798286e+01 6.575000e+01 -1.115942e+01
      vertex   1.879205e+01 6.575000e+01 -1.115681e+01
      vertex   1.878213e+01 6.575000e+01 -1.123471e+01
    endloop
  endfacet
  facet normal 0.000000e+00 1.000000e+00 0.000000e+00
    outer loop
      vertex   1.798286e+01 6.575000e+01 -1.115942e+01
      vertex   1.878213e+01 6.575000e+01 -1.123471e+01
      vertex   1.796962e+01 6.575000e+01 -1.121130e+01
    endloop
  endfacet
  facet normal 0.000000e+00 1.000000e+00 0.000000e+00
    outer loop
      vertex   1.796962e+01 6.575000e+01 -1.121130e+01
      vertex   1.878213e+01 6.575000e+01 -1.123471e+01
      vertex   1.876827e+01 6.575000e+01 -1.131201e+01
    endloop
  endfacet
  facet normal 0.000000e+00 1.000000e+00 0.000000e+00
    outer loop
      vertex   1.796962e+01 6.575000e+01 -1.121130e+01
      vertex   1.876827e+01 6.575000e+01 -1.131201e+01
      vertex   1.795271e+01 6.575000e+01 -1.126210e+01
    endloop
  endfacet
  facet normal 0.000000e+00 1.000000e+00 0.000000e+00
    outer loop
      vertex   1.795271e+01 6.575000e+01 -1.126210e+01
      vertex   1.876827e+01 6.575000e+01 -1.131201e+01
      vertex   1.875052e+01 6.575000e+01 -1.138851e+01
    endloop
  endfacet
  facet normal 0.000000e+00 1.000000e+00 0.000000e+00
    outer loop
      vertex   1.795271e+01 6.575000e+01 -1.126210e+01
      vertex   1.875052e+01 6.575000e+01 -1.138851e+01
      vertex   1.793222e+01 6.575000e+01 -1.131156e+01
    endloop
  endfacet
  facet normal 0.000000e+00 1.000000e+00 0.000000e+00
    outer loop
      vertex   1.793222e+01 6.575000e+01 -1.131156e+01
      vertex   1.875052e+01 6.575000e+01 -1.138851e+01
      vertex   1.872892e+01 6.575000e+01 -1.146401e+01
    endloop
  endfacet
  facet normal 0.000000e+00 1.000000e+00 0.000000e+00
    outer loop
      vertex   1.793222e+01 6.575000e+01 -1.131156e+01
      vertex   1.872892e+01 6.575000e+01 -1.146401e+01
      vertex   1.790826e+01 6.575000e+01 -1.135944e+01
    endloop
  endfacet
  facet normal 0.000000e+00 1.000000e+00 0.000000e+00
    outer loop
      vertex   1.790826e+01 6.575000e+01 -1.135944e+01
      vertex   1.872892e+01 6.575000e+01 -1.146401e+01
      vertex   1.870352e+01 6.575000e+01 -1.153832e+01
    endloop
  endfacet
  facet normal 0.000000e+00 1.000000e+00 0.000000e+00
    outer loop
      vertex   1.790826e+01 6.575000e+01 -1.135944e+01
      vertex   1.870352e+01 6.575000e+01 -1.153832e+01
      vertex   1.788094e+01 6.575000e+01 -1.140548e+01
    endloop
  endfacet
  facet normal 0.000000e+00 1.000000e+00 0.000000e+00
    outer loop
      vertex   1.788094e+01 6.575000e+01 -1.140548e+01
      vertex   1.870352e+01 6.575000e+01 -1.153832e+01
      vertex   1.867438e+01 6.575000e+01 -1.161125e+01
    endloop
  endfacet
  facet normal 0.000000e+00 1.000000e+00 0.000000e+00
    outer loop
      vertex   1.788094e+01 6.575000e+01 -1.140548e+01
      vertex   1.867438e+01 6.575000e+01 -1.161125e+01
      vertex   1.785041e+01 6.575000e+01 -1.144946e+01
    endloop
  endfacet
  facet normal 0.000000e+00 1.000000e+00 0.000000e+00
    outer loop
      vertex   1.785041e+01 6.575000e+01 -1.144946e+01
      vertex   1.867438e+01 6.575000e+01 -1.161125e+01
      vertex   1.864160e+01 6.575000e+01 -1.168261e+01
    endloop
  endfacet
  facet normal 0.000000e+00 1.000000e+00 0.000000e+00
    outer loop
      vertex   1.785041e+01 6.575000e+01 -1.144946e+01
      vertex   1.864160e+01 6.575000e+01 -1.168261e+01
      vertex   1.781681e+01 6.575000e+01 -1.149115e+01
    endloop
  endfacet
  facet normal 0.000000e+00 1.000000e+00 0.000000e+00
    outer loop
      vertex   1.781681e+01 6.575000e+01 -1.149115e+01
      vertex   1.864160e+01 6.575000e+01 -1.168261e+01
      vertex   1.860524e+01 6.575000e+01 -1.175222e+01
    endloop
  endfacet
  facet normal 0.000000e+00 1.000000e+00 0.000000e+00
    outer loop
      vertex   1.781681e+01 6.575000e+01 -1.149115e+01
      vertex   1.860524e+01 6.575000e+01 -1.175222e+01
      vertex   1.778033e+01 6.575000e+01 -1.153033e+01
    endloop
  endfacet
  facet normal 0.000000e+00 1.000000e+00 0.000000e+00
    outer loop
      vertex   1.778033e+01 6.575000e+01 -1.153033e+01
      vertex   1.860524e+01 6.575000e+01 -1.175222e+01
      vertex   1.856540e+01 6.575000e+01 -1.181989e+01
    endloop
  endfacet
  facet normal 0.000000e+00 1.000000e+00 0.000000e+00
    outer loop
      vertex   1.778033e+01 6.575000e+01 -1.153033e+01
      vertex   1.856540e+01 6.575000e+01 -1.181989e+01
      vertex   1.774115e+01 6.575000e+01 -1.156681e+01
    endloop
  endfacet
  facet normal 0.000000e+00 1.000000e+00 0.000000e+00
    outer loop
      vertex   1.774115e+01 6.575000e+01 -1.156681e+01
      vertex   1.856540e+01 6.575000e+01 -1.181989e+01
      vertex   1.852218e+01 6.575000e+01 -1.188547e+01
    endloop
  endfacet
  facet normal 0.000000e+00 1.000000e+00 0.000000e+00
    outer loop
      vertex   1.774115e+01 6.575000e+01 -1.156681e+01
      vertex   1.852218e+01 6.575000e+01 -1.188547e+01
      vertex   1.847570e+01 6.575000e+01 -1.194876e+01
    endloop
  endfacet
  facet normal 0.000000e+00 1.000000e+00 0.000000e+00
    outer loop
      vertex   1.774115e+01 6.575000e+01 -1.156681e+01
      vertex   1.847570e+01 6.575000e+01 -1.194876e+01
      vertex   1.769946e+01 6.575000e+01 -1.160041e+01
    endloop
  endfacet
  facet normal 0.000000e+00 1.000000e+00 0.000000e+00
    outer loop
      vertex   1.769946e+01 6.575000e+01 -1.160041e+01
      vertex   1.847570e+01 6.575000e+01 -1.194876e+01
      vertex   1.842608e+01 6.575000e+01 -1.200963e+01
    endloop
  endfacet
  facet normal 0.000000e+00 1.000000e+00 0.000000e+00
    outer loop
      vertex   1.769946e+01 6.575000e+01 -1.160041e+01
      vertex   1.842608e+01 6.575000e+01 -1.200963e+01
      vertex   1.765548e+01 6.575000e+01 -1.163094e+01
    endloop
  endfacet
  facet normal 0.000000e+00 1.000000e+00 0.000000e+00
    outer loop
      vertex   1.765548e+01 6.575000e+01 -1.163094e+01
      vertex   1.842608e+01 6.575000e+01 -1.200963e+01
      vertex   1.837343e+01 6.575000e+01 -1.206790e+01
    endloop
  endfacet
  facet normal 0.000000e+00 1.000000e+00 0.000000e+00
    outer loop
      vertex   1.765548e+01 6.575000e+01 -1.163094e+01
      vertex   1.837343e+01 6.575000e+01 -1.206790e+01
      vertex   1.760944e+01 6.575000e+01 -1.165826e+01
    endloop
  endfacet
  facet normal 0.000000e+00 1.000000e+00 0.000000e+00
    outer loop
      vertex   1.760944e+01 6.575000e+01 -1.165826e+01
      vertex   1.837343e+01 6.575000e+01 -1.206790e+01
      vertex   1.831790e+01 6.575000e+01 -1.212343e+01
    endloop
  endfacet
  facet normal 0.000000e+00 1.000000e+00 0.000000e+00
    outer loop
      vertex   1.760944e+01 6.575000e+01 -1.165826e+01
      vertex   1.831790e+01 6.575000e+01 -1.212343e+01
      vertex   1.756156e+01 6.575000e+01 -1.168222e+01
    endloop
  endfacet
  facet normal 0.000000e+00 1.000000e+00 0.000000e+00
    outer loop
      vertex   1.756156e+01 6.575000e+01 -1.168222e+01
      vertex   1.831790e+01 6.575000e+01 -1.212343e+01
      vertex   1.825963e+01 6.575000e+01 -1.217608e+01
    endloop
  endfacet
  facet normal 0.000000e+00 1.000000e+00 0.000000e+00
    outer loop
      vertex   1.756156e+01 6.575000e+01 -1.168222e+01
      vertex   1.825963e+01 6.575000e+01 -1.217608e+01
      vertex   1.819876e+01 6.575000e+01 -1.222570e+01
    endloop
  endfacet
  facet normal 0.000000e+00 1.000000e+00 0.000000e+00
    outer loop
      vertex   1.756156e+01 6.575000e+01 -1.168222e+01
      vertex   1.819876e+01 6.575000e+01 -1.222570e+01
      vertex   1.751210e+01 6.575000e+01 -1.170271e+01
    endloop
  endfacet
  facet normal 0.000000e+00 1.000000e+00 0.000000e+00
    outer loop
      vertex   1.751210e+01 6.575000e+01 -1.170271e+01
      vertex   1.819876e+01 6.575000e+01 -1.222570e+01
      vertex   1.813547e+01 6.575000e+01 -1.227218e+01
    endloop
  endfacet
  facet normal 0.000000e+00 1.000000e+00 0.000000e+00
    outer loop
      vertex   1.751210e+01 6.575000e+01 -1.170271e+01
      vertex   1.813547e+01 6.575000e+01 -1.227218e+01
      vertex   1.806989e+01 6.575000e+01 -1.231540e+01
    endloop
  endfacet
  facet normal 0.000000e+00 1.000000e+00 0.000000e+00
    outer loop
      vertex   1.751210e+01 6.575000e+01 -1.170271e+01
      vertex   1.806989e+01 6.575000e+01 -1.231540e+01
      vertex   1.746130e+01 6.575000e+01 -1.171962e+01
    endloop
  endfacet
  facet normal 0.000000e+00 1.000000e+00 0.000000e+00
    outer loop
      vertex   1.746130e+01 6.575000e+01 -1.171962e+01
      vertex   1.806989e+01 6.575000e+01 -1.231540e+01
      vertex   1.800222e+01 6.575000e+01 -1.235524e+01
    endloop
  endfacet
  facet normal 0.000000e+00 1.000000e+00 0.000000e+00
    outer loop
      vertex   1.746130e+01 6.575000e+01 -1.171962e+01
      vertex   1.800222e+01 6.575000e+01 -1.235524e+01
      vertex   1.740942e+01 6.575000e+01 -1.173286e+01
    endloop
  endfacet
  facet normal 0.000000e+00 1.000000e+00 0.000000e+00
    outer loop
      vertex   1.740942e+01 6.575000e+01 -1.173286e+01
      vertex   1.800222e+01 6.575000e+01 -1.235524e+01
      vertex   1.793261e+01 6.575000e+01 -1.239160e+01
    endloop
  endfacet
  facet normal 0.000000e+00 1.000000e+00 0.000000e+00
    outer loop
      vertex   1.740942e+01 6.575000e+01 -1.173286e+01
      vertex   1.793261e+01 6.575000e+01 -1.239160e+01
      vertex   1.786125e+01 6.575000e+01 -1.242438e+01
    endloop
  endfacet
  facet normal 0.000000e+00 1.000000e+00 0.000000e+00
    outer loop
      vertex   1.786125e+01 6.575000e+01 -1.242438e+01
      vertex   1.778832e+01 6.575000e+01 -1.245352e+01
      vertex   1.740942e+01 6.575000e+01 -1.173286e+01
    endloop
  endfacet
  facet normal 0.000000e+00 1.000000e+00 0.000000e+00
    outer loop
      vertex   1.740942e+01 6.575000e+01 -1.173286e+01
      vertex   1.778832e+01 6.575000e+01 -1.245352e+01
      vertex   1.735674e+01 6.575000e+01 -1.174237e+01
    endloop
  endfacet
  facet normal 0.000000e+00 1.000000e+00 0.000000e+00
    outer loop
      vertex   1.735674e+01 6.575000e+01 -1.174237e+01
      vertex   1.778832e+01 6.575000e+01 -1.245352e+01
      vertex   1.771401e+01 6.575000e+01 -1.247892e+01
    endloop
  endfacet
  facet normal 0.000000e+00 1.000000e+00 0.000000e+00
    outer loop
      vertex   1.735674e+01 6.575000e+01 -1.174237e+01
      vertex   1.771401e+01 6.575000e+01 -1.247892e+01
      vertex   1.763851e+01 6.575000e+01 -1.250052e+01
    endloop
  endfacet
  facet normal 0.000000e+00 1.000000e+00 0.000000e+00
    outer loop
      vertex   1.735674e+01 6.575000e+01 -1.174237e+01
      vertex   1.763851e+01 6.575000e+01 -1.250052e+01
      vertex   1.730350e+01 6.575000e+01 -1.174809e+01
    endloop
  endfacet
  facet normal 0.000000e+00 1.000000e+00 0.000000e+00
    outer loop
      vertex   1.730350e+01 6.575000e+01 -1.174809e+01
      vertex   1.763851e+01 6.575000e+01 -1.250052e+01
      vertex   1.756201e+01 6.575000e+01 -1.251827e+01
    endloop
  endfacet
  facet normal 0.000000e+00 1.000000e+00 0.000000e+00
    outer loop
      vertex   1.730350e+01 6.575000e+01 -1.174809e+01
      vertex   1.756201e+01 6.575000e+01 -1.251827e+01
      vertex   1.748471e+01 6.575000e+01 -1.253213e+01
    endloop
  endfacet
  facet normal 0.000000e+00 1.000000e+00 0.000000e+00
    outer loop
      vertex   1.748471e+01 6.575000e+01 -1.253213e+01
      vertex   1.740681e+01 6.575000e+01 -1.254205e+01
      vertex   1.730350e+01 6.575000e+01 -1.174809e+01
    endloop
  endfacet
  facet normal 0.000000e+00 1.000000e+00 0.000000e+00
    outer loop
      vertex   1.730350e+01 6.575000e+01 -1.174809e+01
      vertex   1.740681e+01 6.575000e+01 -1.254205e+01
      vertex   1.725000e+01 6.575000e+01 -1.175000e+01
    endloop
  endfacet
  facet normal 0.000000e+00 1.000000e+00 0.000000e+00
    outer loop
      vertex   1.725000e+01 6.575000e+01 -1.175000e+01
      vertex   1.740681e+01 6.575000e+01 -1.254205e+01
      vertex   1.732851e+01 6.575000e+01 -1.254801e+01
    endloop
  endfacet
  facet normal 0.000000e+00 1.000000e+00 0.000000e+00
    outer loop
      vertex   1.725000e+01 6.575000e+01 -1.175000e+01
      vertex   1.732851e+01 6.575000e+01 -1.254801e+01
      vertex   1.725000e+01 6.575000e+01 -1.255000e+01
    endloop
  endfacet
  facet normal 0.000000e+00 1.000000e+00 -0.000000e+00
    outer loop
      vertex   1.725000e+01 6.575000e+01 -1.255000e+01
      vertex   1.425000e+01 6.575000e+01 -1.255000e+01
      vertex   1.725000e+01 6.575000e+01 -1.175000e+01
    endloop
  endfacet
  facet normal 0.000000e+00 1.000000e+00 0.000000e+00
    outer loop
      vertex   1.725000e+01 6.575000e+01 -1.175000e+01
      vertex   1.425000e+01 6.575000e+01 -1.255000e+01
      vertex   1.425000e+01 6.575000e+01 -1.175000e+01
    endloop
  endfacet
  facet normal 0.000000e+00 1.000000e+00 0.000000e+00
    outer loop
      vertex   1.425000e+01 6.575000e+01 -1.175000e+01
      vertex   1.425000e+01 6.575000e+01 -1.255000e+01
      vertex   1.417149e+01 6.575000e+01 -1.254801e+01
    endloop
  endfacet
  facet normal 0.000000e+00 1.000000e+00 0.000000e+00
    outer loop
      vertex   1.425000e+01 6.575000e+01 -1.175000e+01
      vertex   1.417149e+01 6.575000e+01 -1.254801e+01
      vertex   1.409319e+01 6.575000e+01 -1.254205e+01
    endloop
  endfacet
  facet normal 0.000000e+00 1.000000e+00 0.000000e+00
    outer loop
      vertex   1.425000e+01 6.575000e+01 -1.175000e+01
      vertex   1.409319e+01 6.575000e+01 -1.254205e+01
      vertex   1.419650e+01 6.575000e+01 -1.174809e+01
    endloop
  endfacet
  facet normal 0.000000e+00 1.000000e+00 0.000000e+00
    outer loop
      vertex   1.419650e+01 6.575000e+01 -1.174809e+01
      vertex   1.409319e+01 6.575000e+01 -1.254205e+01
      vertex   1.401529e+01 6.575000e+01 -1.253213e+01
    endloop
  endfacet
  facet normal 0.000000e+00 1.000000e+00 0.000000e+00
    outer loop
      vertex   1.419650e+01 6.575000e+01 -1.174809e+01
      vertex   1.401529e+01 6.575000e+01 -1.253213e+01
      vertex   1.393799e+01 6.575000e+01 -1.251827e+01
    endloop
  endfacet
  facet normal 0.000000e+00 1.000000e+00 -0.000000e+00
    outer loop
      vertex   1.393799e+01 6.575000e+01 -1.251827e+01
      vertex   1.386149e+01 6.575000e+01 -1.250052e+01
      vertex   1.419650e+01 6.575000e+01 -1.174809e+01
    endloop
  endfacet
  facet normal 0.000000e+00 1.000000e+00 0.000000e+00
    outer loop
      vertex   1.419650e+01 6.575000e+01 -1.174809e+01
      vertex   1.386149e+01 6.575000e+01 -1.250052e+01
      vertex   1.414326e+01 6.575000e+01 -1.174237e+01
    endloop
  endfacet
  facet normal 0.000000e+00 1.000000e+00 0.000000e+00
    outer loop
      vertex   1.414326e+01 6.575000e+01 -1.174237e+01
      vertex   1.386149e+01 6.575000e+01 -1.250052e+01
      vertex   1.378599e+01 6.575000e+01 -1.247892e+01
    endloop
  endfacet
  facet normal 0.000000e+00 1.000000e+00 0.000000e+00
    outer loop
      vertex   1.414326e+01 6.575000e+01 -1.174237e+01
      vertex   1.378599e+01 6.575000e+01 -1.247892e+01
      vertex   1.371168e+01 6.575000e+01 -1.245352e+01
    endloop
  endfacet
  facet normal 0.000000e+00 1.000000e+00 0.000000e+00
    outer loop
      vertex   1.414326e+01 6.575000e+01 -1.174237e+01
      vertex   1.371168e+01 6.575000e+01 -1.245352e+01
      vertex   1.409058e+01 6.575000e+01 -1.173286e+01
    endloop
  endfacet
  facet normal 0.000000e+00 1.000000e+00 0.000000e+00
    outer loop
      vertex   1.409058e+01 6.575000e+01 -1.173286e+01
      vertex   1.371168e+01 6.575000e+01 -1.245352e+01
      vertex   1.363875e+01 6.575000e+01 -1.242438e+01
    endloop
  endfacet
  facet normal 0.000000e+00 1.000000e+00 0.000000e+00
    outer loop
      vertex   1.409058e+01 6.575000e+01 -1.173286e+01
      vertex   1.363875e+01 6.575000e+01 -1.242438e+01
      vertex   1.356739e+01 6.575000e+01 -1.239160e+01
    endloop
  endfacet
  facet normal 0.000000e+00 1.000000e+00 -0.000000e+00
    outer loop
      vertex   1.356739e+01 6.575000e+01 -1.239160e+01
      vertex   1.349778e+01 6.575000e+01 -1.235524e+01
      vertex   1.409058e+01 6.575000e+01 -1.173286e+01
    endloop
  endfacet
  facet normal 0.000000e+00 1.000000e+00 0.000000e+00
    outer loop
      vertex   1.409058e+01 6.575000e+01 -1.173286e+01
      vertex   1.349778e+01 6.575000e+01 -1.235524e+01
      vertex   1.403870e+01 6.575000e+01 -1.171962e+01
    endloop
  endfacet
  facet normal 0.000000e+00 1.000000e+00 0.000000e+00
    outer loop
      vertex   1.403870e+01 6.575000e+01 -1.171962e+01
      vertex   1.349778e+01 6.575000e+01 -1.235524e+01
      vertex   1.343011e+01 6.575000e+01 -1.231540e+01
    endloop
  endfacet
  facet normal 0.000000e+00 1.000000e+00 0.000000e+00
    outer loop
      vertex   1.403870e+01 6.575000e+01 -1.171962e+01
      vertex   1.343011e+01 6.575000e+01 -1.231540e+01
      vertex   1.398790e+01 6.575000e+01 -1.170271e+01
    endloop
  endfacet
  facet normal 0.000000e+00 1.000000e+00 0.000000e+00
    outer loop
      vertex   1.398790e+01 6.575000e+01 -1.170271e+01
      vertex   1.343011e+01 6.575000e+01 -1.231540e+01
      vertex   1.336453e+01 6.575000e+01 -1.227218e+01
    endloop
  endfacet
  facet normal 0.000000e+00 1.000000e+00 0.000000e+00
    outer loop
      vertex   1.398790e+01 6.575000e+01 -1.170271e+01
      vertex   1.336453e+01 6.575000e+01 -1.227218e+01
      vertex   1.330124e+01 6.575000e+01 -1.222570e+01
    endloop
  endfacet
  facet normal 0.000000e+00 1.000000e+00 0.000000e+00
    outer loop
      vertex   1.398790e+01 6.575000e+01 -1.170271e+01
      vertex   1.330124e+01 6.575000e+01 -1.222570e+01
      vertex   1.393844e+01 6.575000e+01 -1.168222e+01
    endloop
  endfacet
  facet normal 0.000000e+00 1.000000e+00 0.000000e+00
    outer loop
      vertex   1.393844e+01 6.575000e+01 -1.168222e+01
      vertex   1.330124e+01 6.575000e+01 -1.222570e+01
      vertex   1.324037e+01 6.575000e+01 -1.217608e+01
    endloop
  endfacet
  facet normal 0.000000e+00 1.000000e+00 0.000000e+00
    outer loop
      vertex   1.393844e+01 6.575000e+01 -1.168222e+01
      vertex   1.324037e+01 6.575000e+01 -1.217608e+01
      vertex   1.318210e+01 6.575000e+01 -1.212343e+01
    endloop
  endfacet
  facet normal 0.000000e+00 1.000000e+00 0.000000e+00
    outer loop
      vertex   1.393844e+01 6.575000e+01 -1.168222e+01
      vertex   1.318210e+01 6.575000e+01 -1.212343e+01
      vertex   1.389056e+01 6.575000e+01 -1.165826e+01
    endloop
  endfacet
  facet normal 0.000000e+00 1.000000e+00 0.000000e+00
    outer loop
      vertex   1.389056e+01 6.575000e+01 -1.165826e+01
      vertex   1.318210e+01 6.575000e+01 -1.212343e+01
      vertex   1.312657e+01 6.575000e+01 -1.206790e+01
    endloop
  endfacet
  facet normal 0.000000e+00 1.000000e+00 0.000000e+00
    outer loop
      vertex   1.389056e+01 6.575000e+01 -1.165826e+01
      vertex   1.312657e+01 6.575000e+01 -1.206790e+01
      vertex   1.384452e+01 6.575000e+01 -1.163094e+01
    endloop
  endfacet
  facet normal 0.000000e+00 1.000000e+00 0.000000e+00
    outer loop
      vertex   1.384452e+01 6.575000e+01 -1.163094e+01
      vertex   1.312657e+01 6.575000e+01 -1.206790e+01
      vertex   1.307392e+01 6.575000e+01 -1.200963e+01
    endloop
  endfacet
  facet normal 0.000000e+00 1.000000e+00 0.000000e+00
    outer loop
      vertex   1.384452e+01 6.575000e+01 -1.163094e+01
      vertex   1.307392e+01 6.575000e+01 -1.200963e+01
      vertex   1.380054e+01 6.575000e+01 -1.160041e+01
    endloop
  endfacet
  facet normal 0.000000e+00 1.000000e+00 0.000000e+00
    outer loop
      vertex   1.380054e+01 6.575000e+01 -1.160041e+01
      vertex   1.307392e+01 6.575000e+01 -1.200963e+01
      vertex   1.302430e+01 6.575000e+01 -1.194876e+01
    endloop
  endfacet
  facet normal 0.000000e+00 1.000000e+00 0.000000e+00
    outer loop
      vertex   1.380054e+01 6.575000e+01 -1.160041e+01
      vertex   1.302430e+01 6.575000e+01 -1.194876e+01
      vertex   1.375885e+01 6.575000e+01 -1.156681e+01
    endloop
  endfacet
  facet normal 0.000000e+00 1.000000e+00 0.000000e+00
    outer loop
      vertex   1.375885e+01 6.575000e+01 -1.156681e+01
      vertex   1.302430e+01 6.575000e+01 -1.194876e+01
      vertex   1.297782e+01 6.575000e+01 -1.188547e+01
    endloop
  endfacet
  facet normal 0.000000e+00 1.000000e+00 0.000000e+00
    outer loop
      vertex   1.375885e+01 6.575000e+01 -1.156681e+01
      vertex   1.297782e+01 6.575000e+01 -1.188547e+01
      vertex   1.293460e+01 6.575000e+01 -1.181989e+01
    endloop
  endfacet
  facet normal 0.000000e+00 1.000000e+00 0.000000e+00
    outer loop
      vertex   1.375885e+01 6.575000e+01 -1.156681e+01
      vertex   1.293460e+01 6.575000e+01 -1.181989e+01
      vertex   1.371967e+01 6.575000e+01 -1.153033e+01
    endloop
  endfacet
  facet normal 0.000000e+00 1.000000e+00 0.000000e+00
    outer loop
      vertex   1.371967e+01 6.575000e+01 -1.153033e+01
      vertex   1.293460e+01 6.575000e+01 -1.181989e+01
      vertex   1.289476e+01 6.575000e+01 -1.175222e+01
    endloop
  endfacet
  facet normal 0.000000e+00 1.000000e+00 0.000000e+00
    outer loop
      vertex   1.371967e+01 6.575000e+01 -1.153033e+01
      vertex   1.289476e+01 6.575000e+01 -1.175222e+01
      vertex   1.368319e+01 6.575000e+01 -1.149115e+01
    endloop
  endfacet
  facet normal 0.000000e+00 1.000000e+00 0.000000e+00
    outer loop
      vertex   1.368319e+01 6.575000e+01 -1.149115e+01
      vertex   1.289476e+01 6.575000e+01 -1.175222e+01
      vertex   1.285840e+01 6.575000e+01 -1.168261e+01
    endloop
  endfacet
  facet normal 0.000000e+00 1.000000e+00 0.000000e+00
    outer loop
      vertex   1.368319e+01 6.575000e+01 -1.149115e+01
      vertex   1.285840e+01 6.575000e+01 -1.168261e+01
      vertex   1.364959e+01 6.575000e+01 -1.144946e+01
    endloop
  endfacet
  facet normal 0.000000e+00 1.000000e+00 0.000000e+00
    outer loop
      vertex   1.364959e+01 6.575000e+01 -1.144946e+01
      vertex   1.285840e+01 6.575000e+01 -1.168261e+01
      vertex   1.282562e+01 6.575000e+01 -1.161125e+01
    endloop
  endfacet
  facet normal 0.000000e+00 1.000000e+00 0.000000e+00
    outer loop
      vertex   1.364959e+01 6.575000e+01 -1.144946e+01
      vertex   1.282562e+01 6.575000e+01 -1.161125e+01
      vertex   1.361906e+01 6.575000e+01 -1.140548e+01
    endloop
  endfacet
  facet normal 0.000000e+00 1.000000e+00 0.000000e+00
    outer loop
      vertex   1.361906e+01 6.575000e+01 -1.140548e+01
      vertex   1.282562e+01 6.575000e+01 -1.161125e+01
      vertex   1.279648e+01 6.575000e+01 -1.153832e+01
    endloop
  endfacet
  facet normal 0.000000e+00 1.000000e+00 0.000000e+00
    outer loop
      vertex   1.361906e+01 6.575000e+01 -1.140548e+01
      vertex   1.279648e+01 6.575000e+01 -1.153832e+01
      vertex   1.359174e+01 6.575000e+01 -1.135944e+01
    endloop
  endfacet
  facet normal 0.000000e+00 1.000000e+00 0.000000e+00
    outer loop
      vertex   1.359174e+01 6.575000e+01 -1.135944e+01
      vertex   1.279648e+01 6.575000e+01 -1.153832e+01
      vertex   1.277108e+01 6.575000e+01 -1.146401e+01
    endloop
  endfacet
  facet normal 0.000000e+00 1.000000e+00 0.000000e+00
    outer loop
      vertex   1.359174e+01 6.575000e+01 -1.135944e+01
      vertex   1.277108e+01 6.575000e+01 -1.146401e+01
      vertex   1.356778e+01 6.575000e+01 -1.131156e+01
    endloop
  endfacet
  facet normal 0.000000e+00 1.000000e+00 0.000000e+00
    outer loop
      vertex   1.356778e+01 6.575000e+01 -1.131156e+01
      vertex   1.277108e+01 6.575000e+01 -1.146401e+01
      vertex   1.274948e+01 6.575000e+01 -1.138851e+01
    endloop
  endfacet
  facet normal 0.000000e+00 1.000000e+00 0.000000e+00
    outer loop
      vertex   1.356778e+01 6.575000e+01 -1.131156e+01
      vertex   1.274948e+01 6.575000e+01 -1.138851e+01
      vertex   1.354729e+01 6.575000e+01 -1.126210e+01
    endloop
  endfacet
  facet normal 0.000000e+00 1.000000e+00 0.000000e+00
    outer loop
      vertex   1.354729e+01 6.575000e+01 -1.126210e+01
      vertex   1.274948e+01 6.575000e+01 -1.138851e+01
      vertex   1.273173e+01 6.575000e+01 -1.131201e+01
    endloop
  endfacet
  facet normal 0.000000e+00 1.000000e+00 0.000000e+00
    outer loop
      vertex   1.354729e+01 6.575000e+01 -1.126210e+01
      vertex   1.273173e+01 6.575000e+01 -1.131201e+01
      vertex   1.353038e+01 6.575000e+01 -1.121130e+01
    endloop
  endfacet
  facet normal 0.000000e+00 1.000000e+00 0.000000e+00
    outer loop
      vertex   1.353038e+01 6.575000e+01 -1.121130e+01
      vertex   1.273173e+01 6.575000e+01 -1.131201e+01
      vertex   1.271787e+01 6.575000e+01 -1.123471e+01
    endloop
  endfacet
  facet normal 0.000000e+00 1.000000e+00 0.000000e+00
    outer loop
      vertex   1.353038e+01 6.575000e+01 -1.121130e+01
      vertex   1.271787e+01 6.575000e+01 -1.123471e+01
      vertex   1.351714e+01 6.575000e+01 -1.115942e+01
    endloop
  endfacet
  facet normal 0.000000e+00 1.000000e+00 0.000000e+00
    outer loop
      vertex   1.351714e+01 6.575000e+01 -1.115942e+01
      vertex   1.271787e+01 6.575000e+01 -1.123471e+01
      vertex   1.270795e+01 6.575000e+01 -1.115681e+01
    endloop
  endfacet
  facet normal 0.000000e+00 1.000000e+00 0.000000e+00
    outer loop
      vertex   1.351714e+01 6.575000e+01 -1.115942e+01
      vertex   1.270795e+01 6.575000e+01 -1.115681e+01
      vertex   1.350763e+01 6.575000e+01 -1.110674e+01
    endloop
  endfacet
  facet normal 0.000000e+00 1.000000e+00 0.000000e+00
    outer loop
      vertex   1.350763e+01 6.575000e+01 -1.110674e+01
      vertex   1.270795e+01 6.575000e+01 -1.115681e+01
      vertex   1.270199e+01 6.575000e+01 -1.107851e+01
    endloop
  endfacet
  facet normal 0.000000e+00 1.000000e+00 0.000000e+00
    outer loop
      vertex   1.350763e+01 6.575000e+01 -1.110674e+01
      vertex   1.270199e+01 6.575000e+01 -1.107851e+01
      vertex   1.350191e+01 6.575000e+01 -1.105350e+01
    endloop
  endfacet
  facet normal 0.000000e+00 1.000000e+00 0.000000e+00
    outer loop
      vertex   1.350191e+01 6.575000e+01 -1.105350e+01
      vertex   1.270199e+01 6.575000e+01 -1.107851e+01
      vertex   1.270000e+01 6.575000e+01 -1.100000e+01
    endloop
  endfacet
  facet normal 0.000000e+00 1.000000e+00 0.000000e+00
    outer loop
      vertex   1.350191e+01 6.575000e+01 -1.105350e+01
      vertex   1.270000e+01 6.575000e+01 -1.100000e+01
      vertex   1.350000e+01 6.575000e+01 -1.100000e+01
    endloop
  endfacet
  facet normal 0.000000e+00 1.000000e+00 -0.000000e+00
    outer loop
      vertex   1.350000e+01 6.575000e+01 -1.100000e+01
      vertex   1.270000e+01 6.575000e+01 -1.100000e+01
      vertex   1.350000e+01 6.575000e+01 -1.000000e+01
    endloop
  endfacet
  facet normal 0.000000e+00 1.000000e+00 0.000000e+00
    outer loop
      vertex   1.350000e+01 6.575000e+01 -1.000000e+01
      vertex   1.270000e+01 6.575000e+01 -1.100000e+01
      vertex   1.270000e+01 6.575000e+01 -1.000000e+01
    endloop
  endfacet
  facet normal 0.000000e+00 1.000000e+00 -0.000000e+00
    outer loop
      vertex   1.350000e+01 6.575000e+01 -1.000000e+01
      vertex   1.270000e+01 6.575000e+01 -1.000000e+01
      vertex   1.350191e+01 6.575000e+01 -9.946496e+00
    endloop
  endfacet
  facet normal 0.000000e+00 1.000000e+00 0.000000e+00
    outer loop
      vertex   1.350191e+01 6.575000e+01 -9.946496e+00
      vertex   1.270000e+01 6.575000e+01 -1.000000e+01
      vertex   1.270199e+01 6.575000e+01 -9.921494e+00
    endloop
  endfacet
  facet normal 0.000000e+00 1.000000e+00 -0.000000e+00
    outer loop
      vertex   1.350191e+01 6.575000e+01 -9.946496e+00
      vertex   1.270199e+01 6.575000e+01 -9.921494e+00
      vertex   1.350763e+01 6.575000e+01 -9.893264e+00
    endloop
  endfacet
  facet normal 0.000000e+00 1.000000e+00 0.000000e+00
    outer loop
      vertex   1.350763e+01 6.575000e+01 -9.893264e+00
      vertex   1.270199e+01 6.575000e+01 -9.921494e+00
      vertex   1.270795e+01 6.575000e+01 -9.843189e+00
    endloop
  endfacet
  facet normal 0.000000e+00 1.000000e+00 -0.000000e+00
    outer loop
      vertex   1.350763e+01 6.575000e+01 -9.893264e+00
      vertex   1.270795e+01 6.575000e+01 -9.843189e+00
      vertex   1.351714e+01 6.575000e+01 -9.840576e+00
    endloop
  endfacet
  facet normal 0.000000e+00 1.000000e+00 0.000000e+00
    outer loop
      vertex   1.351714e+01 6.575000e+01 -9.840576e+00
      vertex   1.270795e+01 6.575000e+01 -9.843189e+00
      vertex   1.271787e+01 6.575000e+01 -9.765287e+00
    endloop
  endfacet
  facet normal 0.000000e+00 1.000000e+00 -0.000000e+00
    outer loop
      vertex   1.351714e+01 6.575000e+01 -9.840576e+00
      vertex   1.271787e+01 6.575000e+01 -9.765287e+00
      vertex   1.353038e+01 6.575000e+01 -9.788701e+00
    endloop
  endfacet
  facet normal 0.000000e+00 1.000000e+00 0.000000e+00
    outer loop
      vertex   1.353038e+01 6.575000e+01 -9.788701e+00
      vertex   1.271787e+01 6.575000e+01 -9.765287e+00
      vertex   1.273173e+01 6.575000e+01 -9.687987e+00
    endloop
  endfacet
  facet normal 0.000000e+00 1.000000e+00 -0.000000e+00
    outer loop
      vertex   1.353038e+01 6.575000e+01 -9.788701e+00
      vertex   1.273173e+01 6.575000e+01 -9.687987e+00
      vertex   1.354729e+01 6.575000e+01 -9.737902e+00
    endloop
  endfacet
  facet normal 0.000000e+00 1.000000e+00 0.000000e+00
    outer loop
      vertex   1.354729e+01 6.575000e+01 -9.737902e+00
      vertex   1.273173e+01 6.575000e+01 -9.687987e+00
      vertex   1.274948e+01 6.575000e+01 -9.611489e+00
    endloop
  endfacet
  facet normal 0.000000e+00 1.000000e+00 -0.000000e+00
    outer loop
      vertex   1.354729e+01 6.575000e+01 -9.737902e+00
      vertex   1.274948e+01 6.575000e+01 -9.611489e+00
      vertex   1.356778e+01 6.575000e+01 -9.688439e+00
    endloop
  endfacet
  facet normal 0.000000e+00 1.000000e+00 0.000000e+00
    outer loop
      vertex   1.356778e+01 6.575000e+01 -9.688439e+00
      vertex   1.274948e+01 6.575000e+01 -9.611489e+00
      vertex   1.277108e+01 6.575000e+01 -9.535987e+00
    endloop
  endfacet
  facet normal 0.000000e+00 1.000000e+00 -0.000000e+00
    outer loop
      vertex   1.356778e+01 6.575000e+01 -9.688439e+00
      vertex   1.277108e+01 6.575000e+01 -9.535987e+00
      vertex   1.359174e+01 6.575000e+01 -9.640563e+00
    endloop
  endfacet
  facet normal 0.000000e+00 1.000000e+00 0.000000e+00
    outer loop
      vertex   1.359174e+01 6.575000e+01 -9.640563e+00
      vertex   1.277108e+01 6.575000e+01 -9.535987e+00
      vertex   1.279648e+01 6.575000e+01 -9.461677e+00
    endloop
  endfacet
  facet normal 0.000000e+00 1.000000e+00 -0.000000e+00
    outer loop
      vertex   1.359174e+01 6.575000e+01 -9.640563e+00
      vertex   1.279648e+01 6.575000e+01 -9.461677e+00
      vertex   1.361906e+01 6.575000e+01 -9.594519e+00
    endloop
  endfacet
  facet normal 0.000000e+00 1.000000e+00 0.000000e+00
    outer loop
      vertex   1.361906e+01 6.575000e+01 -9.594519e+00
      vertex   1.279648e+01 6.575000e+01 -9.461677e+00
      vertex   1.282562e+01 6.575000e+01 -9.388748e+00
    endloop
  endfacet
  facet normal 0.000000e+00 1.000000e+00 -0.000000e+00
    outer loop
      vertex   1.361906e+01 6.575000e+01 -9.594519e+00
      vertex   1.282562e+01 6.575000e+01 -9.388748e+00
      vertex   1.364959e+01 6.575000e+01 -9.550542e+00
    endloop
  endfacet
  facet normal 0.000000e+00 1.000000e+00 0.000000e+00
    outer loop
      vertex   1.364959e+01 6.575000e+01 -9.550542e+00
      vertex   1.282562e+01 6.575000e+01 -9.388748e+00
      vertex   1.285840e+01 6.575000e+01 -9.317389e+00
    endloop
  endfacet
  facet normal 0.000000e+00 1.000000e+00 -0.000000e+00
    outer loop
      vertex   1.364959e+01 6.575000e+01 -9.550542e+00
      vertex   1.285840e+01 6.575000e+01 -9.317389e+00
      vertex   1.368319e+01 6.575000e+01 -9.508854e+00
    endloop
  endfacet
  facet normal 0.000000e+00 1.000000e+00 0.000000e+00
    outer loop
      vertex   1.368319e+01 6.575000e+01 -9.508854e+00
      vertex   1.285840e+01 6.575000e+01 -9.317389e+00
      vertex   1.289476e+01 6.575000e+01 -9.247782e+00
    endloop
  endfacet
  facet normal 0.000000e+00 1.000000e+00 -0.000000e+00
    outer loop
      vertex   1.368319e+01 6.575000e+01 -9.508854e+00
      vertex   1.289476e+01 6.575000e+01 -9.247782e+00
      vertex   1.371967e+01 6.575000e+01 -9.469670e+00
    endloop
  endfacet
  facet normal 0.000000e+00 1.000000e+00 0.000000e+00
    outer loop
      vertex   1.371967e+01 6.575000e+01 -9.469670e+00
      vertex   1.289476e+01 6.575000e+01 -9.247782e+00
      vertex   1.293460e+01 6.575000e+01 -9.180106e+00
    endloop
  endfacet
  facet normal 0.000000e+00 1.000000e+00 -0.000000e+00
    outer loop
      vertex   1.371967e+01 6.575000e+01 -9.469670e+00
      vertex   1.293460e+01 6.575000e+01 -9.180106e+00
      vertex   1.375885e+01 6.575000e+01 -9.433188e+00
    endloop
  endfacet
  facet normal 0.000000e+00 1.000000e+00 0.000000e+00
    outer loop
      vertex   1.375885e+01 6.575000e+01 -9.433188e+00
      vertex   1.293460e+01 6.575000e+01 -9.180106e+00
      vertex   1.297782e+01 6.575000e+01 -9.114534e+00
    endloop
  endfacet
  facet normal 0.000000e+00 1.000000e+00 0.000000e+00
    outer loop
      vertex   1.375885e+01 6.575000e+01 -9.433188e+00
      vertex   1.297782e+01 6.575000e+01 -9.114534e+00
      vertex   1.302430e+01 6.575000e+01 -9.051236e+00
    endloop
  endfacet
  facet normal 0.000000e+00 1.000000e+00 -0.000000e+00
    outer loop
      vertex   1.375885e+01 6.575000e+01 -9.433188e+00
      vertex   1.302430e+01 6.575000e+01 -9.051236e+00
      vertex   1.380054e+01 6.575000e+01 -9.399594e+00
    endloop
  endfacet
  facet normal 0.000000e+00 1.000000e+00 0.000000e+00
    outer loop
      vertex   1.380054e+01 6.575000e+01 -9.399594e+00
      vertex   1.302430e+01 6.575000e+01 -9.051236e+00
      vertex   1.307392e+01 6.575000e+01 -8.990373e+00
    endloop
  endfacet
  facet normal 0.000000e+00 1.000000e+00 -0.000000e+00
    outer loop
      vertex   1.380054e+01 6.575000e+01 -9.399594e+00
      vertex   1.307392e+01 6.575000e+01 -8.990373e+00
      vertex   1.384452e+01 6.575000e+01 -9.369060e+00
    endloop
  endfacet
  facet normal 0.000000e+00 1.000000e+00 0.000000e+00
    outer loop
      vertex   1.384452e+01 6.575000e+01 -9.369060e+00
      vertex   1.307392e+01 6.575000e+01 -8.990373e+00
      vertex   1.312657e+01 6.575000e+01 -8.932101e+00
    endloop
  endfacet
  facet normal 0.000000e+00 1.000000e+00 -0.000000e+00
    outer loop
      vertex   1.384452e+01 6.575000e+01 -9.369060e+00
      vertex   1.312657e+01 6.575000e+01 -8.932101e+00
      vertex   1.389056e+01 6.575000e+01 -9.341741e+00
    endloop
  endfacet
  facet normal 0.000000e+00 1.000000e+00 0.000000e+00
    outer loop
      vertex   1.389056e+01 6.575000e+01 -9.341741e+00
      vertex   1.312657e+01 6.575000e+01 -8.932101e+00
      vertex   1.318210e+01 6.575000e+01 -8.876571e+00
    endloop
  endfacet
  facet normal 0.000000e+00 1.000000e+00 -0.000000e+00
    outer loop
      vertex   1.389056e+01 6.575000e+01 -9.341741e+00
      vertex   1.318210e+01 6.575000e+01 -8.876571e+00
      vertex   1.393844e+01 6.575000e+01 -9.317776e+00
    endloop
  endfacet
  facet normal 0.000000e+00 1.000000e+00 0.000000e+00
    outer loop
      vertex   1.393844e+01 6.575000e+01 -9.317776e+00
      vertex   1.318210e+01 6.575000e+01 -8.876571e+00
      vertex   1.324037e+01 6.575000e+01 -8.823925e+00
    endloop
  endfacet
  facet normal 0.000000e+00 1.000000e+00 0.000000e+00
    outer loop
      vertex   1.393844e+01 6.575000e+01 -9.317776e+00
      vertex   1.324037e+01 6.575000e+01 -8.823925e+00
      vertex   1.330124e+01 6.575000e+01 -8.774298e+00
    endloop
  endfacet
  facet normal 0.000000e+00 1.000000e+00 -0.000000e+00
    outer loop
      vertex   1.393844e+01 6.575000e+01 -9.317776e+00
      vertex   1.330124e+01 6.575000e+01 -8.774298e+00
      vertex   1.398790e+01 6.575000e+01 -9.297288e+00
    endloop
  endfacet
  facet normal 0.000000e+00 1.000000e+00 0.000000e+00
    outer loop
      vertex   1.398790e+01 6.575000e+01 -9.297288e+00
      vertex   1.330124e+01 6.575000e+01 -8.774298e+00
      vertex   1.336453e+01 6.575000e+01 -8.727817e+00
    endloop
  endfacet
  facet normal 0.000000e+00 1.000000e+00 0.000000e+00
    outer loop
      vertex   1.398790e+01 6.575000e+01 -9.297288e+00
      vertex   1.336453e+01 6.575000e+01 -8.727817e+00
      vertex   1.343011e+01 6.575000e+01 -8.684601e+00
    endloop
  endfacet
  facet normal 0.000000e+00 1.000000e+00 -0.000000e+00
    outer loop
      vertex   1.398790e+01 6.575000e+01 -9.297288e+00
      vertex   1.343011e+01 6.575000e+01 -8.684601e+00
      vertex   1.403870e+01 6.575000e+01 -9.280380e+00
    endloop
  endfacet
  facet normal 0.000000e+00 1.000000e+00 0.000000e+00
    outer loop
      vertex   1.403870e+01 6.575000e+01 -9.280380e+00
      vertex   1.343011e+01 6.575000e+01 -8.684601e+00
      vertex   1.349778e+01 6.575000e+01 -8.644763e+00
    endloop
  endfacet
  facet normal 0.000000e+00 1.000000e+00 -0.000000e+00
    outer loop
      vertex   1.403870e+01 6.575000e+01 -9.280380e+00
      vertex   1.349778e+01 6.575000e+01 -8.644763e+00
      vertex   1.409058e+01 6.575000e+01 -9.267140e+00
    endloop
  endfacet
  facet normal 0.000000e+00 1.000000e+00 0.000000e+00
    outer loop
      vertex   1.409058e+01 6.575000e+01 -9.267140e+00
      vertex   1.349778e+01 6.575000e+01 -8.644763e+00
      vertex   1.356739e+01 6.575000e+01 -8.608403e+00
    endloop
  endfacet
  facet normal 0.000000e+00 1.000000e+00 0.000000e+00
    outer loop
      vertex   1.409058e+01 6.575000e+01 -9.267140e+00
      vertex   1.356739e+01 6.575000e+01 -8.608403e+00
      vertex   1.363875e+01 6.575000e+01 -8.575615e+00
    endloop
  endfacet
  facet normal -0.000000e+00 1.000000e+00 0.000000e+00
    outer loop
      vertex   1.363875e+01 6.575000e+01 -8.575615e+00
      vertex   1.371168e+01 6.575000e+01 -8.546484e+00
      vertex   1.409058e+01 6.575000e+01 -9.267140e+00
    endloop
  endfacet
  facet normal 0.000000e+00 1.000000e+00 -0.000000e+00
    outer loop
      vertex   1.409058e+01 6.575000e+01 -9.267140e+00
      vertex   1.371168e+01 6.575000e+01 -8.546484e+00
      vertex   1.414326e+01 6.575000e+01 -9.257634e+00
    endloop
  endfacet
  facet normal 0.000000e+00 1.000000e+00 0.000000e+00
    outer loop
      vertex   1.414326e+01 6.575000e+01 -9.257634e+00
      vertex   1.371168e+01 6.575000e+01 -8.546484e+00
      vertex   1.378599e+01 6.575000e+01 -8.521084e+00
    endloop
  endfacet
  facet normal 0.000000e+00 1.000000e+00 0.000000e+00
    outer loop
      vertex   1.414326e+01 6.575000e+01 -9.257634e+00
      vertex   1.378599e+01 6.575000e+01 -8.521084e+00
      vertex   1.386149e+01 6.575000e+01 -8.499480e+00
    endloop
  endfacet
  facet normal 0.000000e+00 1.000000e+00 -0.000000e+00
    outer loop
      vertex   1.414326e+01 6.575000e+01 -9.257634e+00
      vertex   1.386149e+01 6.575000e+01 -8.499480e+00
      vertex   1.419650e+01 6.575000e+01 -9.251911e+00
    endloop
  endfacet
  facet normal 0.000000e+00 1.000000e+00 0.000000e+00
    outer loop
      vertex   1.419650e+01 6.575000e+01 -9.251911e+00
      vertex   1.386149e+01 6.575000e+01 -8.499480e+00
      vertex   1.393799e+01 6.575000e+01 -8.481729e+00
    endloop
  endfacet
  facet normal 0.000000e+00 1.000000e+00 0.000000e+00
    outer loop
      vertex   1.419650e+01 6.575000e+01 -9.251911e+00
      vertex   1.393799e+01 6.575000e+01 -8.481729e+00
      vertex   1.401529e+01 6.575000e+01 -8.467874e+00
    endloop
  endfacet
  facet normal -0.000000e+00 1.000000e+00 0.000000e+00
    outer loop
      vertex   1.401529e+01 6.575000e+01 -8.467874e+00
      vertex   1.409319e+01 6.575000e+01 -8.457953e+00
      vertex   1.419650e+01 6.575000e+01 -9.251911e+00
    endloop
  endfacet
  facet normal 0.000000e+00 1.000000e+00 -0.000000e+00
    outer loop
      vertex   1.419650e+01 6.575000e+01 -9.251911e+00
      vertex   1.409319e+01 6.575000e+01 -8.457953e+00
      vertex   1.425000e+01 6.575000e+01 -9.250000e+00
    endloop
  endfacet
  facet normal 0.000000e+00 1.000000e+00 0.000000e+00
    outer loop
      vertex   1.425000e+01 6.575000e+01 -9.250000e+00
      vertex   1.409319e+01 6.575000e+01 -8.457953e+00
      vertex   1.417149e+01 6.575000e+01 -8.451989e+00
    endloop
  endfacet
  facet normal 0.000000e+00 1.000000e+00 -0.000000e+00
    outer loop
      vertex   1.425000e+01 6.575000e+01 -9.250000e+00
      vertex   1.417149e+01 6.575000e+01 -8.451989e+00
      vertex   1.425000e+01 6.575000e+01 -8.450000e+00
    endloop
  endfacet
  facet normal 0.000000e+00 1.000000e+00 0.000000e+00
    outer loop
      vertex   1.425000e+01 6.575000e+01 -8.450000e+00
      vertex   1.725000e+01 6.575000e+01 -8.450000e+00
      vertex   1.425000e+01 6.575000e+01 -9.250000e+00
    endloop
  endfacet
  facet normal -0.000000e+00 1.000000e+00 0.000000e+00
    outer loop
      vertex   1.425000e+01 6.575000e+01 -9.250000e+00
      vertex   1.725000e+01 6.575000e+01 -8.450000e+00
      vertex   1.725000e+01 6.575000e+01 -9.250000e+00
    endloop
  endfacet
  facet normal 0.000000e+00 1.000000e+00 0.000000e+00
    outer loop
      vertex   1.725000e+01 6.575000e+01 -9.250000e+00
      vertex   1.725000e+01 6.575000e+01 -8.450000e+00
      vertex   1.732851e+01 6.575000e+01 -8.451989e+00
    endloop
  endfacet
  facet normal 0.000000e+00 1.000000e+00 0.000000e+00
    outer loop
      vertex   1.725000e+01 6.575000e+01 -9.250000e+00
      vertex   1.732851e+01 6.575000e+01 -8.451989e+00
      vertex   1.740681e+01 6.575000e+01 -8.457953e+00
    endloop
  endfacet
  facet normal -0.000000e+00 1.000000e+00 0.000000e+00
    outer loop
      vertex   1.725000e+01 6.575000e+01 -9.250000e+00
      vertex   1.740681e+01 6.575000e+01 -8.457953e+00
      vertex   1.730350e+01 6.575000e+01 -9.251911e+00
    endloop
  endfacet
  facet normal 0.000000e+00 1.000000e+00 0.000000e+00
    outer loop
      vertex   1.730350e+01 6.575000e+01 -9.251911e+00
      vertex   1.740681e+01 6.575000e+01 -8.457953e+00
      vertex   1.748471e+01 6.575000e+01 -8.467874e+00
    endloop
  endfacet
  facet normal 0.000000e+00 1.000000e+00 0.000000e+00
    outer loop
      vertex   1.730350e+01 6.575000e+01 -9.251911e+00
      vertex   1.748471e+01 6.575000e+01 -8.467874e+00
      vertex   1.756201e+01 6.575000e+01 -8.481729e+00
    endloop
  endfacet
  facet normal 0.000000e+00 1.000000e+00 0.000000e+00
    outer loop
      vertex   1.756201e+01 6.575000e+01 -8.481729e+00
      vertex   1.763851e+01 6.575000e+01 -8.499480e+00
      vertex   1.730350e+01 6.575000e+01 -9.251911e+00
    endloop
  endfacet
  facet normal -0.000000e+00 1.000000e+00 0.000000e+00
    outer loop
      vertex   1.730350e+01 6.575000e+01 -9.251911e+00
      vertex   1.763851e+01 6.575000e+01 -8.499480e+00
      vertex   1.735674e+01 6.575000e+01 -9.257634e+00
    endloop
  endfacet
  facet normal 0.000000e+00 1.000000e+00 0.000000e+00
    outer loop
      vertex   1.735674e+01 6.575000e+01 -9.257634e+00
      vertex   1.763851e+01 6.575000e+01 -8.499480e+00
      vertex   1.771401e+01 6.575000e+01 -8.521084e+00
    endloop
  endfacet
  facet normal 0.000000e+00 1.000000e+00 0.000000e+00
    outer loop
      vertex   1.735674e+01 6.575000e+01 -9.257634e+00
      vertex   1.771401e+01 6.575000e+01 -8.521084e+00
      vertex   1.778832e+01 6.575000e+01 -8.546484e+00
    endloop
  endfacet
  facet normal -0.000000e+00 1.000000e+00 0.000000e+00
    outer loop
      vertex   1.735674e+01 6.575000e+01 -9.257634e+00
      vertex   1.778832e+01 6.575000e+01 -8.546484e+00
      vertex   1.740942e+01 6.575000e+01 -9.267140e+00
    endloop
  endfacet
  facet normal 0.000000e+00 1.000000e+00 0.000000e+00
    outer loop
      vertex   1.740942e+01 6.575000e+01 -9.267140e+00
      vertex   1.778832e+01 6.575000e+01 -8.546484e+00
      vertex   1.786125e+01 6.575000e+01 -8.575615e+00
    endloop
  endfacet
  facet normal 0.000000e+00 1.000000e+00 0.000000e+00
    outer loop
      vertex   1.740942e+01 6.575000e+01 -9.267140e+00
      vertex   1.786125e+01 6.575000e+01 -8.575615e+00
      vertex   1.793261e+01 6.575000e+01 -8.608403e+00
    endloop
  endfacet
  facet normal 0.000000e+00 1.000000e+00 0.000000e+00
    outer loop
      vertex   1.793261e+01 6.575000e+01 -8.608403e+00
      vertex   1.800222e+01 6.575000e+01 -8.644763e+00
      vertex   1.740942e+01 6.575000e+01 -9.267140e+00
    endloop
  endfacet
  facet normal -0.000000e+00 1.000000e+00 0.000000e+00
    outer loop
      vertex   1.740942e+01 6.575000e+01 -9.267140e+00
      vertex   1.800222e+01 6.575000e+01 -8.644763e+00
      vertex   1.746130e+01 6.575000e+01 -9.280380e+00
    endloop
  endfacet
  facet normal 0.000000e+00 1.000000e+00 0.000000e+00
    outer loop
      vertex   1.746130e+01 6.575000e+01 -9.280380e+00
      vertex   1.800222e+01 6.575000e+01 -8.644763e+00
      vertex   1.806989e+01 6.575000e+01 -8.684601e+00
    endloop
  endfacet
  facet normal -0.000000e+00 1.000000e+00 0.000000e+00
    outer loop
      vertex   1.746130e+01 6.575000e+01 -9.280380e+00
      vertex   1.806989e+01 6.575000e+01 -8.684601e+00
      vertex   1.751210e+01 6.575000e+01 -9.297288e+00
    endloop
  endfacet
  facet normal 0.000000e+00 1.000000e+00 0.000000e+00
    outer loop
      vertex   1.751210e+01 6.575000e+01 -9.297288e+00
      vertex   1.806989e+01 6.575000e+01 -8.684601e+00
      vertex   1.813547e+01 6.575000e+01 -8.727817e+00
    endloop
  endfacet
  facet normal 0.000000e+00 1.000000e+00 0.000000e+00
    outer loop
      vertex   1.751210e+01 6.575000e+01 -9.297288e+00
      vertex   1.813547e+01 6.575000e+01 -8.727817e+00
      vertex   1.819876e+01 6.575000e+01 -8.774298e+00
    endloop
  endfacet
  facet normal -0.000000e+00 1.000000e+00 0.000000e+00
    outer loop
      vertex   1.751210e+01 6.575000e+01 -9.297288e+00
      vertex   1.819876e+01 6.575000e+01 -8.774298e+00
      vertex   1.756156e+01 6.575000e+01 -9.317776e+00
    endloop
  endfacet
  facet normal 0.000000e+00 1.000000e+00 0.000000e+00
    outer loop
      vertex   1.756156e+01 6.575000e+01 -9.317776e+00
      vertex   1.819876e+01 6.575000e+01 -8.774298e+00
      vertex   1.825963e+01 6.575000e+01 -8.823925e+00
    endloop
  endfacet
  facet normal 0.000000e+00 1.000000e+00 0.000000e+00
    outer loop
      vertex   1.756156e+01 6.575000e+01 -9.317776e+00
      vertex   1.825963e+01 6.575000e+01 -8.823925e+00
      vertex   1.831790e+01 6.575000e+01 -8.876571e+00
    endloop
  endfacet
  facet normal -0.000000e+00 1.000000e+00 0.000000e+00
    outer loop
      vertex   1.756156e+01 6.575000e+01 -9.317776e+00
      vertex   1.831790e+01 6.575000e+01 -8.876571e+00
      vertex   1.760944e+01 6.575000e+01 -9.341741e+00
    endloop
  endfacet
  facet normal 0.000000e+00 1.000000e+00 0.000000e+00
    outer loop
      vertex   1.760944e+01 6.575000e+01 -9.341741e+00
      vertex   1.831790e+01 6.575000e+01 -8.876571e+00
      vertex   1.837343e+01 6.575000e+01 -8.932101e+00
    endloop
  endfacet
  facet normal -0.000000e+00 1.000000e+00 0.000000e+00
    outer loop
      vertex   1.760944e+01 6.575000e+01 -9.341741e+00
      vertex   1.837343e+01 6.575000e+01 -8.932101e+00
      vertex   1.765548e+01 6.575000e+01 -9.369060e+00
    endloop
  endfacet
  facet normal 0.000000e+00 1.000000e+00 0.000000e+00
    outer loop
      vertex   1.765548e+01 6.575000e+01 -9.369060e+00
      vertex   1.837343e+01 6.575000e+01 -8.932101e+00
      vertex   1.842608e+01 6.575000e+01 -8.990373e+00
    endloop
  endfacet
  facet normal -0.000000e+00 1.000000e+00 0.000000e+00
    outer loop
      vertex   1.765548e+01 6.575000e+01 -9.369060e+00
      vertex   1.842608e+01 6.575000e+01 -8.990373e+00
      vertex   1.769946e+01 6.575000e+01 -9.399594e+00
    endloop
  endfacet
  facet normal 0.000000e+00 1.000000e+00 0.000000e+00
    outer loop
      vertex   1.769946e+01 6.575000e+01 -9.399594e+00
      vertex   1.842608e+01 6.575000e+01 -8.990373e+00
      vertex   1.847570e+01 6.575000e+01 -9.051236e+00
    endloop
  endfacet
  facet normal -0.000000e+00 1.000000e+00 0.000000e+00
    outer loop
      vertex   1.769946e+01 6.575000e+01 -9.399594e+00
      vertex   1.847570e+01 6.575000e+01 -9.051236e+00
      vertex   1.774115e+01 6.575000e+01 -9.433188e+00
    endloop
  endfacet
  facet normal 0.000000e+00 1.000000e+00 0.000000e+00
    outer loop
      vertex   1.774115e+01 6.575000e+01 -9.433188e+00
      vertex   1.847570e+01 6.575000e+01 -9.051236e+00
      vertex   1.852218e+01 6.575000e+01 -9.114534e+00
    endloop
  endfacet
  facet normal 0.000000e+00 1.000000e+00 0.000000e+00
    outer loop
      vertex   1.774115e+01 6.575000e+01 -9.433188e+00
      vertex   1.852218e+01 6.575000e+01 -9.114534e+00
      vertex   1.856540e+01 6.575000e+01 -9.180106e+00
    endloop
  endfacet
  facet normal -0.000000e+00 1.000000e+00 0.000000e+00
    outer loop
      vertex   1.774115e+01 6.575000e+01 -9.433188e+00
      vertex   1.856540e+01 6.575000e+01 -9.180106e+00
      vertex   1.778033e+01 6.575000e+01 -9.469670e+00
    endloop
  endfacet
  facet normal 0.000000e+00 1.000000e+00 0.000000e+00
    outer loop
      vertex   1.778033e+01 6.575000e+01 -9.469670e+00
      vertex   1.856540e+01 6.575000e+01 -9.180106e+00
      vertex   1.860524e+01 6.575000e+01 -9.247782e+00
    endloop
  endfacet
  facet normal -0.000000e+00 1.000000e+00 0.000000e+00
    outer loop
      vertex   1.778033e+01 6.575000e+01 -9.469670e+00
      vertex   1.860524e+01 6.575000e+01 -9.247782e+00
      vertex   1.781681e+01 6.575000e+01 -9.508854e+00
    endloop
  endfacet
  facet normal 0.000000e+00 1.000000e+00 0.000000e+00
    outer loop
      vertex   1.781681e+01 6.575000e+01 -9.508854e+00
      vertex   1.860524e+01 6.575000e+01 -9.247782e+00
      vertex   1.864160e+01 6.575000e+01 -9.317389e+00
    endloop
  endfacet
  facet normal -0.000000e+00 1.000000e+00 0.000000e+00
    outer loop
      vertex   1.781681e+01 6.575000e+01 -9.508854e+00
      vertex   1.864160e+01 6.575000e+01 -9.317389e+00
      vertex   1.785041e+01 6.575000e+01 -9.550542e+00
    endloop
  endfacet
  facet normal 0.000000e+00 1.000000e+00 0.000000e+00
    outer loop
      vertex   1.785041e+01 6.575000e+01 -9.550542e+00
      vertex   1.864160e+01 6.575000e+01 -9.317389e+00
      vertex   1.867438e+01 6.575000e+01 -9.388748e+00
    endloop
  endfacet
  facet normal -0.000000e+00 1.000000e+00 0.000000e+00
    outer loop
      vertex   1.785041e+01 6.575000e+01 -9.550542e+00
      vertex   1.867438e+01 6.575000e+01 -9.388748e+00
      vertex   1.788094e+01 6.575000e+01 -9.594519e+00
    endloop
  endfacet
  facet normal 0.000000e+00 1.000000e+00 0.000000e+00
    outer loop
      vertex   1.788094e+01 6.575000e+01 -9.594519e+00
      vertex   1.867438e+01 6.575000e+01 -9.388748e+00
      vertex   1.870352e+01 6.575000e+01 -9.461677e+00
    endloop
  endfacet
  facet normal -0.000000e+00 1.000000e+00 0.000000e+00
    outer loop
      vertex   1.788094e+01 6.575000e+01 -9.594519e+00
      vertex   1.870352e+01 6.575000e+01 -9.461677e+00
      vertex   1.790826e+01 6.575000e+01 -9.640563e+00
    endloop
  endfacet
  facet normal 0.000000e+00 1.000000e+00 0.000000e+00
    outer loop
      vertex   1.790826e+01 6.575000e+01 -9.640563e+00
      vertex   1.870352e+01 6.575000e+01 -9.461677e+00
      vertex   1.872892e+01 6.575000e+01 -9.535987e+00
    endloop
  endfacet
  facet normal -0.000000e+00 1.000000e+00 0.000000e+00
    outer loop
      vertex   1.790826e+01 6.575000e+01 -9.640563e+00
      vertex   1.872892e+01 6.575000e+01 -9.535987e+00
      vertex   1.793222e+01 6.575000e+01 -9.688439e+00
    endloop
  endfacet
  facet normal 0.000000e+00 1.000000e+00 0.000000e+00
    outer loop
      vertex   1.793222e+01 6.575000e+01 -9.688439e+00
      vertex   1.872892e+01 6.575000e+01 -9.535987e+00
      vertex   1.875052e+01 6.575000e+01 -9.611489e+00
    endloop
  endfacet
  facet normal -0.000000e+00 1.000000e+00 0.000000e+00
    outer loop
      vertex   1.793222e+01 6.575000e+01 -9.688439e+00
      vertex   1.875052e+01 6.575000e+01 -9.611489e+00
      vertex   1.795271e+01 6.575000e+01 -9.737902e+00
    endloop
  endfacet
  facet normal 0.000000e+00 1.000000e+00 0.000000e+00
    outer loop
      vertex   1.795271e+01 6.575000e+01 -9.737902e+00
      vertex   1.875052e+01 6.575000e+01 -9.611489e+00
      vertex   1.876827e+01 6.575000e+01 -9.687987e+00
    endloop
  endfacet
  facet normal -0.000000e+00 1.000000e+00 0.000000e+00
    outer loop
      vertex   1.795271e+01 6.575000e+01 -9.737902e+00
      vertex   1.876827e+01 6.575000e+01 -9.687987e+00
      vertex   1.796962e+01 6.575000e+01 -9.788701e+00
    endloop
  endfacet
  facet normal 0.000000e+00 1.000000e+00 0.000000e+00
    outer loop
      vertex   1.796962e+01 6.575000e+01 -9.788701e+00
      vertex   1.876827e+01 6.575000e+01 -9.687987e+00
      vertex   1.878213e+01 6.575000e+01 -9.765287e+00
    endloop
  endfacet
  facet normal -0.000000e+00 1.000000e+00 0.000000e+00
    outer loop
      vertex   1.796962e+01 6.575000e+01 -9.788701e+00
      vertex   1.878213e+01 6.575000e+01 -9.765287e+00
      vertex   1.798286e+01 6.575000e+01 -9.840576e+00
    endloop
  endfacet
  facet normal -0.000000e+00 1.000000e+00 0.000000e+00
    outer loop
      vertex   1.798286e+01 6.575000e+01 -9.840576e+00
      vertex   1.878213e+01 6.575000e+01 -9.765287e+00
      vertex   1.879205e+01 6.575000e+01 -9.843189e+00
    endloop
  endfacet
  facet normal 0.000000e+00 1.000000e+00 0.000000e+00
    outer loop
      vertex   1.798286e+01 6.575000e+01 -9.840576e+00
      vertex   1.879205e+01 6.575000e+01 -9.843189e+00
      vertex   1.799237e+01 6.575000e+01 -9.893264e+00
    endloop
  endfacet
  facet normal -0.000000e+00 1.000000e+00 0.000000e+00
    outer loop
      vertex   1.799237e+01 6.575000e+01 -9.893264e+00
      vertex   1.879205e+01 6.575000e+01 -9.843189e+00
      vertex   1.879801e+01 6.575000e+01 -9.921494e+00
    endloop
  endfacet
  facet normal 0.000000e+00 1.000000e+00 0.000000e+00
    outer loop
      vertex   1.799237e+01 6.575000e+01 -9.893264e+00
      vertex   1.879801e+01 6.575000e+01 -9.921494e+00
      vertex   1.799809e+01 6.575000e+01 -9.946496e+00
    endloop
  endfacet
  facet normal -0.000000e+00 1.000000e+00 0.000000e+00
    outer loop
      vertex   1.799809e+01 6.575000e+01 -9.946496e+00
      vertex   1.879801e+01 6.575000e+01 -9.921494e+00
      vertex   1.880000e+01 6.575000e+01 -1.000000e+01
    endloop
  endfacet
  facet normal 0.000000e+00 0.000000e+00 -1.000000e+00
    outer loop
      vertex   1.425000e+01 6.575000e+01 -1.255000e+01
      vertex   1.725000e+01 6.575000e+01 -1.255000e+01
      vertex   1.425000e+01 6.525000e+01 -1.255000e+01
    endloop
  endfacet
  facet normal 0.000000e+00 0.000000e+00 -1.000000e+00
    outer loop
      vertex   1.425000e+01 6.525000e+01 -1.255000e+01
      vertex   1.725000e+01 6.575000e+01 -1.255000e+01
      vertex   1.725000e+01 6.525000e+01 -1.255000e+01
    endloop
  endfacet
  facet normal -9.996791e-01 0.000000e+00 -2.533271e-02
    outer loop
      vertex   1.270000e+01 6.525000e+01 -1.100000e+01
      vertex   1.270000e+01 6.575000e+01 -1.100000e+01
      vertex   1.270199e+01 6.525000e+01 -1.107851e+01
    endloop
  endfacet
  facet normal -9.996791e-01 0.000000e+00 -2.533271e-02
    outer loop
      vertex   1.270199e+01 6.525000e+01 -1.107851e+01
      vertex   1.270000e+01 6.575000e+01 -1.100000e+01
      vertex   1.270199e+01 6.575000e+01 -1.107851e+01
    endloop
  endfacet
  facet normal -9.971129e-01 0.000000e+00 -7.593311e-02
    outer loop
      vertex   1.270199e+01 6.525000e+01 -1.107851e+01
      vertex   1.270199e+01 6.575000e+01 -1.107851e+01
      vertex   1.270795e+01 6.525000e+01 -1.115681e+01
    endloop
  endfacet
  facet normal -9.971129e-01 0.000000e+00 -7.593311e-02
    outer loop
      vertex   1.270795e+01 6.525000e+01 -1.115681e+01
      vertex   1.270199e+01 6.575000e+01 -1.107851e+01
      vertex   1.270795e+01 6.575000e+01 -1.115681e+01
    endloop
  endfacet
  facet normal -9.919872e-01 0.000000e+00 -1.263386e-01
    outer loop
      vertex   1.270795e+01 6.525000e+01 -1.115681e+01
      vertex   1.270795e+01 6.575000e+01 -1.115681e+01
      vertex   1.271787e+01 6.525000e+01 -1.123471e+01
    endloop
  endfacet
  facet normal -9.919872e-01 0.000000e+00 -1.263386e-01
    outer loop
      vertex   1.271787e+01 6.525000e+01 -1.123471e+01
      vertex   1.270795e+01 6.575000e+01 -1.115681e+01
      vertex   1.271787e+01 6.575000e+01 -1.123471e+01
    endloop
  endfacet
  facet normal -9.843150e-01 0.000000e+00 -1.764198e-01
    outer loop
      vertex   1.271787e+01 6.525000e+01 -1.123471e+01
      vertex   1.271787e+01 6.575000e+01 -1.123471e+01
      vertex   1.273173e+01 6.525000e+01 -1.131201e+01
    endloop
  endfacet
  facet normal -9.843150e-01 0.000000e+00 -1.764198e-01
    outer loop
      vertex   1.273173e+01 6.525000e+01 -1.131201e+01
      vertex   1.271787e+01 6.575000e+01 -1.123471e+01
      vertex   1.273173e+01 6.575000e+01 -1.131201e+01
    endloop
  endfacet
  facet normal -9.741161e-01 0.000000e+00 -2.260481e-01
    outer loop
      vertex   1.273173e+01 6.525000e+01 -1.131201e+01
      vertex   1.273173e+01 6.575000e+01 -1.131201e+01
      vertex   1.274948e+01 6.525000e+01 -1.138851e+01
    endloop
  endfacet
  facet normal -9.741161e-01 0.000000e+00 -2.260481e-01
    outer loop
      vertex   1.274948e+01 6.525000e+01 -1.138851e+01
      vertex   1.273173e+01 6.575000e+01 -1.131201e+01
      vertex   1.274948e+01 6.575000e+01 -1.138851e+01
    endloop
  endfacet
  facet normal -9.614167e-01 0.000000e+00 -2.750961e-01
    outer loop
      vertex   1.274948e+01 6.525000e+01 -1.138851e+01
      vertex   1.274948e+01 6.575000e+01 -1.138851e+01
      vertex   1.277108e+01 6.525000e+01 -1.146401e+01
    endloop
  endfacet
  facet normal -9.614167e-01 0.000000e+00 -2.750961e-01
    outer loop
      vertex   1.277108e+01 6.525000e+01 -1.146401e+01
      vertex   1.274948e+01 6.575000e+01 -1.138851e+01
      vertex   1.277108e+01 6.575000e+01 -1.146401e+01
    endloop
  endfacet
  facet normal -9.462494e-01 0.000000e+00 -3.234380e-01
    outer loop
      vertex   1.277108e+01 6.525000e+01 -1.146401e+01
      vertex   1.277108e+01 6.575000e+01 -1.146401e+01
      vertex   1.279648e+01 6.525000e+01 -1.153832e+01
    endloop
  endfacet
  facet normal -9.462494e-01 0.000000e+00 -3.234380e-01
    outer loop
      vertex   1.279648e+01 6.525000e+01 -1.153832e+01
      vertex   1.277108e+01 6.575000e+01 -1.146401e+01
      vertex   1.279648e+01 6.575000e+01 -1.153832e+01
    endloop
  endfacet
  facet normal -9.286530e-01 0.000000e+00 -3.709496e-01
    outer loop
      vertex   1.279648e+01 6.525000e+01 -1.153832e+01
      vertex   1.279648e+01 6.575000e+01 -1.153832e+01
      vertex   1.282562e+01 6.525000e+01 -1.161125e+01
    endloop
  endfacet
  facet normal -9.286530e-01 0.000000e+00 -3.709496e-01
    outer loop
      vertex   1.282562e+01 6.525000e+01 -1.161125e+01
      vertex   1.279648e+01 6.575000e+01 -1.153832e+01
      vertex   1.282562e+01 6.575000e+01 -1.161125e+01
    endloop
  endfacet
  facet normal -9.086728e-01 0.000000e+00 -4.175090e-01
    outer loop
      vertex   1.282562e+01 6.525000e+01 -1.161125e+01
      vertex   1.282562e+01 6.575000e+01 -1.161125e+01
      vertex   1.285840e+01 6.525000e+01 -1.168261e+01
    endloop
  endfacet
  facet normal -9.086728e-01 0.000000e+00 -4.175090e-01
    outer loop
      vertex   1.285840e+01 6.525000e+01 -1.168261e+01
      vertex   1.282562e+01 6.575000e+01 -1.161125e+01
      vertex   1.285840e+01 6.575000e+01 -1.168261e+01
    endloop
  endfacet
  facet normal -8.863600e-01 0.000000e+00 -4.629966e-01
    outer loop
      vertex   1.285840e+01 6.525000e+01 -1.168261e+01
      vertex   1.285840e+01 6.575000e+01 -1.168261e+01
      vertex   1.289476e+01 6.525000e+01 -1.175222e+01
    endloop
  endfacet
  facet normal -8.863600e-01 0.000000e+00 -4.629966e-01
    outer loop
      vertex   1.289476e+01 6.525000e+01 -1.175222e+01
      vertex   1.285840e+01 6.575000e+01 -1.168261e+01
      vertex   1.289476e+01 6.575000e+01 -1.175222e+01
    endloop
  endfacet
  facet normal -8.617720e-01 0.000000e+00 -5.072958e-01
    outer loop
      vertex   1.289476e+01 6.525000e+01 -1.175222e+01
      vertex   1.289476e+01 6.575000e+01 -1.175222e+01
      vertex   1.293460e+01 6.525000e+01 -1.181989e+01
    endloop
  endfacet
  facet normal -8.617720e-01 0.000000e+00 -5.072958e-01
    outer loop
      vertex   1.293460e+01 6.525000e+01 -1.181989e+01
      vertex   1.289476e+01 6.575000e+01 -1.175222e+01
      vertex   1.293460e+01 6.575000e+01 -1.181989e+01
    endloop
  endfacet
  facet normal -8.349718e-01 0.000000e+00 -5.502927e-01
    outer loop
      vertex   1.293460e+01 6.525000e+01 -1.181989e+01
      vertex   1.293460e+01 6.575000e+01 -1.181989e+01
      vertex   1.297782e+01 6.525000e+01 -1.188547e+01
    endloop
  endfacet
  facet normal -8.349718e-01 0.000000e+00 -5.502927e-01
    outer loop
      vertex   1.297782e+01 6.525000e+01 -1.188547e+01
      vertex   1.293460e+01 6.575000e+01 -1.181989e+01
      vertex   1.297782e+01 6.575000e+01 -1.188547e+01
    endloop
  endfacet
  facet normal -8.060283e-01 0.000000e+00 -5.918770e-01
    outer loop
      vertex   1.297782e+01 6.525000e+01 -1.188547e+01
      vertex   1.297782e+01 6.575000e+01 -1.188547e+01
      vertex   1.302430e+01 6.525000e+01 -1.194876e+01
    endloop
  endfacet
  facet normal -8.060283e-01 0.000000e+00 -5.918770e-01
    outer loop
      vertex   1.302430e+01 6.525000e+01 -1.194876e+01
      vertex   1.297782e+01 6.575000e+01 -1.188547e+01
      vertex   1.302430e+01 6.575000e+01 -1.194876e+01
    endloop
  endfacet
  facet normal -7.750157e-01 0.000000e+00 -6.319420e-01
    outer loop
      vertex   1.302430e+01 6.525000e+01 -1.194876e+01
      vertex   1.302430e+01 6.575000e+01 -1.194876e+01
      vertex   1.307392e+01 6.525000e+01 -1.200963e+01
    endloop
  endfacet
  facet normal -7.750157e-01 0.000000e+00 -6.319420e-01
    outer loop
      vertex   1.307392e+01 6.525000e+01 -1.200963e+01
      vertex   1.302430e+01 6.575000e+01 -1.194876e+01
      vertex   1.307392e+01 6.575000e+01 -1.200963e+01
    endloop
  endfacet
  facet normal -7.420136e-01 0.000000e+00 -6.703848e-01
    outer loop
      vertex   1.307392e+01 6.525000e+01 -1.200963e+01
      vertex   1.307392e+01 6.575000e+01 -1.200963e+01
      vertex   1.312657e+01 6.525000e+01 -1.206790e+01
    endloop
  endfacet
  facet normal -7.420136e-01 0.000000e+00 -6.703848e-01
    outer loop
      vertex   1.312657e+01 6.525000e+01 -1.206790e+01
      vertex   1.307392e+01 6.575000e+01 -1.200963e+01
      vertex   1.312657e+01 6.575000e+01 -1.206790e+01
    endloop
  endfacet
  facet normal -7.071068e-01 0.000000e+00 -7.071068e-01
    outer loop
      vertex   1.312657e+01 6.525000e+01 -1.206790e+01
      vertex   1.312657e+01 6.575000e+01 -1.206790e+01
      vertex   1.318210e+01 6.525000e+01 -1.212343e+01
    endloop
  endfacet
  facet normal -7.071068e-01 0.000000e+00 -7.071068e-01
    outer loop
      vertex   1.318210e+01 6.525000e+01 -1.212343e+01
      vertex   1.312657e+01 6.575000e+01 -1.206790e+01
      vertex   1.318210e+01 6.575000e+01 -1.212343e+01
    endloop
  endfacet
  facet normal -6.703848e-01 0.000000e+00 -7.420136e-01
    outer loop
      vertex   1.318210e+01 6.525000e+01 -1.212343e+01
      vertex   1.318210e+01 6.575000e+01 -1.212343e+01
      vertex   1.324037e+01 6.525000e+01 -1.217608e+01
    endloop
  endfacet
  facet normal -6.703848e-01 0.000000e+00 -7.420136e-01
    outer loop
      vertex   1.324037e+01 6.525000e+01 -1.217608e+01
      vertex   1.318210e+01 6.575000e+01 -1.212343e+01
      vertex   1.324037e+01 6.575000e+01 -1.217608e+01
    endloop
  endfacet
  facet normal -6.319420e-01 0.000000e+00 -7.750157e-01
    outer loop
      vertex   1.324037e+01 6.525000e+01 -1.217608e+01
      vertex   1.324037e+01 6.575000e+01 -1.217608e+01
      vertex   1.330124e+01 6.525000e+01 -1.222570e+01
    endloop
  endfacet
  facet normal -6.319420e-01 0.000000e+00 -7.750157e-01
    outer loop
      vertex   1.330124e+01 6.525000e+01 -1.222570e+01
      vertex   1.324037e+01 6.575000e+01 -1.217608e+01
      vertex   1.330124e+01 6.575000e+01 -1.222570e+01
    endloop
  endfacet
  facet normal -5.918770e-01 0.000000e+00 -8.060283e-01
    outer loop
      vertex   1.330124e+01 6.525000e+01 -1.222570e+01
      vertex   1.330124e+01 6.575000e+01 -1.222570e+01
      vertex   1.336453e+01 6.525000e+01 -1.227218e+01
    endloop
  endfacet
  facet normal -5.918770e-01 0.000000e+00 -8.060283e-01
    outer loop
      vertex   1.336453e+01 6.525000e+01 -1.227218e+01
      vertex   1.330124e+01 6.575000e+01 -1.222570e+01
      vertex   1.336453e+01 6.575000e+01 -1.227218e+01
    endloop
  endfacet
  facet normal -5.502927e-01 0.000000e+00 -8.349718e-01
    outer loop
      vertex   1.336453e+01 6.525000e+01 -1.227218e+01
      vertex   1.336453e+01 6.575000e+01 -1.227218e+01
      vertex   1.343011e+01 6.525000e+01 -1.231540e+01
    endloop
  endfacet
  facet normal -5.502927e-01 0.000000e+00 -8.349718e-01
    outer loop
      vertex   1.343011e+01 6.525000e+01 -1.231540e+01
      vertex   1.336453e+01 6.575000e+01 -1.227218e+01
      vertex   1.343011e+01 6.575000e+01 -1.231540e+01
    endloop
  endfacet
  facet normal -5.072958e-01 0.000000e+00 -8.617720e-01
    outer loop
      vertex   1.343011e+01 6.525000e+01 -1.231540e+01
      vertex   1.343011e+01 6.575000e+01 -1.231540e+01
      vertex   1.349778e+01 6.525000e+01 -1.235524e+01
    endloop
  endfacet
  facet normal -5.072958e-01 0.000000e+00 -8.617720e-01
    outer loop
      vertex   1.349778e+01 6.525000e+01 -1.235524e+01
      vertex   1.343011e+01 6.575000e+01 -1.231540e+01
      vertex   1.349778e+01 6.575000e+01 -1.235524e+01
    endloop
  endfacet
  facet normal -4.629966e-01 0.000000e+00 -8.863600e-01
    outer loop
      vertex   1.349778e+01 6.525000e+01 -1.235524e+01
      vertex   1.349778e+01 6.575000e+01 -1.235524e+01
      vertex   1.356739e+01 6.525000e+01 -1.239160e+01
    endloop
  endfacet
  facet normal -4.629966e-01 0.000000e+00 -8.863600e-01
    outer loop
      vertex   1.356739e+01 6.525000e+01 -1.239160e+01
      vertex   1.349778e+01 6.575000e+01 -1.235524e+01
      vertex   1.356739e+01 6.575000e+01 -1.239160e+01
    endloop
  endfacet
  facet normal -4.175090e-01 0.000000e+00 -9.086728e-01
    outer loop
      vertex   1.356739e+01 6.525000e+01 -1.239160e+01
      vertex   1.356739e+01 6.575000e+01 -1.239160e+01
      vertex   1.363875e+01 6.525000e+01 -1.242438e+01
    endloop
  endfacet
  facet normal -4.175090e-01 0.000000e+00 -9.086728e-01
    outer loop
      vertex   1.363875e+01 6.525000e+01 -1.242438e+01
      vertex   1.356739e+01 6.575000e+01 -1.239160e+01
      vertex   1.363875e+01 6.575000e+01 -1.242438e+01
    endloop
  endfacet
  facet normal -3.709496e-01 0.000000e+00 -9.286530e-01
    outer loop
      vertex   1.363875e+01 6.525000e+01 -1.242438e+01
      vertex   1.363875e+01 6.575000e+01 -1.242438e+01
      vertex   1.371168e+01 6.525000e+01 -1.245352e+01
    endloop
  endfacet
  facet normal -3.709496e-01 0.000000e+00 -9.286530e-01
    outer loop
      vertex   1.371168e+01 6.525000e+01 -1.245352e+01
      vertex   1.363875e+01 6.575000e+01 -1.242438e+01
      vertex   1.371168e+01 6.575000e+01 -1.245352e+01
    endloop
  endfacet
  facet normal -3.234380e-01 0.000000e+00 -9.462494e-01
    outer loop
      vertex   1.371168e+01 6.525000e+01 -1.245352e+01
      vertex   1.371168e+01 6.575000e+01 -1.245352e+01
      vertex   1.378599e+01 6.525000e+01 -1.247892e+01
    endloop
  endfacet
  facet normal -3.234380e-01 0.000000e+00 -9.462494e-01
    outer loop
      vertex   1.378599e+01 6.525000e+01 -1.247892e+01
      vertex   1.371168e+01 6.575000e+01 -1.245352e+01
      vertex   1.378599e+01 6.575000e+01 -1.247892e+01
    endloop
  endfacet
  facet normal -2.750961e-01 0.000000e+00 -9.614167e-01
    outer loop
      vertex   1.378599e+01 6.525000e+01 -1.247892e+01
      vertex   1.378599e+01 6.575000e+01 -1.247892e+01
      vertex   1.386149e+01 6.525000e+01 -1.250052e+01
    endloop
  endfacet
  facet normal -2.750961e-01 0.000000e+00 -9.614167e-01
    outer loop
      vertex   1.386149e+01 6.525000e+01 -1.250052e+01
      vertex   1.378599e+01 6.575000e+01 -1.247892e+01
      vertex   1.386149e+01 6.575000e+01 -1.250052e+01
    endloop
  endfacet
  facet normal -2.260481e-01 0.000000e+00 -9.741161e-01
    outer loop
      vertex   1.386149e+01 6.525000e+01 -1.250052e+01
      vertex   1.386149e+01 6.575000e+01 -1.250052e+01
      vertex   1.393799e+01 6.525000e+01 -1.251827e+01
    endloop
  endfacet
  facet normal -2.260481e-01 0.000000e+00 -9.741161e-01
    outer loop
      vertex   1.393799e+01 6.525000e+01 -1.251827e+01
      vertex   1.386149e+01 6.575000e+01 -1.250052e+01
      vertex   1.393799e+01 6.575000e+01 -1.251827e+01
    endloop
  endfacet
  facet normal -1.764198e-01 0.000000e+00 -9.843150e-01
    outer loop
      vertex   1.393799e+01 6.525000e+01 -1.251827e+01
      vertex   1.393799e+01 6.575000e+01 -1.251827e+01
      vertex   1.401529e+01 6.525000e+01 -1.253213e+01
    endloop
  endfacet
  facet normal -1.764198e-01 0.000000e+00 -9.843150e-01
    outer loop
      vertex   1.401529e+01 6.525000e+01 -1.253213e+01
      vertex   1.393799e+01 6.575000e+01 -1.251827e+01
      vertex   1.401529e+01 6.575000e+01 -1.253213e+01
    endloop
  endfacet
  facet normal -1.263386e-01 0.000000e+00 -9.919872e-01
    outer loop
      vertex   1.401529e+01 6.525000e+01 -1.253213e+01
      vertex   1.401529e+01 6.575000e+01 -1.253213e+01
      vertex   1.409319e+01 6.525000e+01 -1.254205e+01
    endloop
  endfacet
  facet normal -1.263386e-01 0.000000e+00 -9.919872e-01
    outer loop
      vertex   1.409319e+01 6.525000e+01 -1.254205e+01
      vertex   1.401529e+01 6.575000e+01 -1.253213e+01
      vertex   1.409319e+01 6.575000e+01 -1.254205e+01
    endloop
  endfacet
  facet normal -7.593311e-02 0.000000e+00 -9.971129e-01
    outer loop
      vertex   1.409319e+01 6.525000e+01 -1.254205e+01
      vertex   1.409319e+01 6.575000e+01 -1.254205e+01
      vertex   1.417149e+01 6.525000e+01 -1.254801e+01
    endloop
  endfacet
  facet normal -7.593311e-02 0.000000e+00 -9.971129e-01
    outer loop
      vertex   1.417149e+01 6.525000e+01 -1.254801e+01
      vertex   1.409319e+01 6.575000e+01 -1.254205e+01
      vertex   1.417149e+01 6.575000e+01 -1.254801e+01
    endloop
  endfacet
  facet normal -2.533271e-02 0.000000e+00 -9.996791e-01
    outer loop
      vertex   1.417149e+01 6.525000e+01 -1.254801e+01
      vertex   1.417149e+01 6.575000e+01 -1.254801e+01
      vertex   1.425000e+01 6.525000e+01 -1.255000e+01
    endloop
  endfacet
  facet normal -2.533271e-02 0.000000e+00 -9.996791e-01
    outer loop
      vertex   1.425000e+01 6.525000e+01 -1.255000e+01
      vertex   1.417149e+01 6.575000e+01 -1.254801e+01
      vertex   1.425000e+01 6.575000e+01 -1.255000e+01
    endloop
  endfacet
  facet normal -1.000000e+00 -0.000000e+00 -0.000000e+00
    outer loop
      vertex   1.270000e+01 6.575000e+01 -1.000000e+01
      vertex   1.270000e+01 6.575000e+01 -1.100000e+01
      vertex   1.270000e+01 6.525000e+01 -1.000000e+01
    endloop
  endfacet
  facet normal -1.000000e+00 0.000000e+00 0.000000e+00
    outer loop
      vertex   1.270000e+01 6.525000e+01 -1.000000e+01
      vertex   1.270000e+01 6.575000e+01 -1.100000e+01
      vertex   1.270000e+01 6.525000e+01 -1.100000e+01
    endloop
  endfacet
  facet normal -2.533271e-02 0.000000e+00 9.996791e-01
    outer loop
      vertex   1.425000e+01 6.525000e+01 -8.450000e+00
      vertex   1.425000e+01 6.575000e+01 -8.450000e+00
      vertex   1.417149e+01 6.525000e+01 -8.451989e+00
    endloop
  endfacet
  facet normal -2.533271e-02 0.000000e+00 9.996791e-01
    outer loop
      vertex   1.417149e+01 6.525000e+01 -8.451989e+00
      vertex   1.425000e+01 6.575000e+01 -8.450000e+00
      vertex   1.417149e+01 6.575000e+01 -8.451989e+00
    endloop
  endfacet
  facet normal -7.593311e-02 0.000000e+00 9.971129e-01
    outer loop
      vertex   1.417149e+01 6.525000e+01 -8.451989e+00
      vertex   1.417149e+01 6.575000e+01 -8.451989e+00
      vertex   1.409319e+01 6.525000e+01 -8.457953e+00
    endloop
  endfacet
  facet normal -7.593311e-02 0.000000e+00 9.971129e-01
    outer loop
      vertex   1.409319e+01 6.525000e+01 -8.457953e+00
      vertex   1.417149e+01 6.575000e+01 -8.451989e+00
      vertex   1.409319e+01 6.575000e+01 -8.457953e+00
    endloop
  endfacet
  facet normal -1.263386e-01 0.000000e+00 9.919872e-01
    outer loop
      vertex   1.409319e+01 6.525000e+01 -8.457953e+00
      vertex   1.409319e+01 6.575000e+01 -8.457953e+00
      vertex   1.401529e+01 6.525000e+01 -8.467874e+00
    endloop
  endfacet
  facet normal -1.263386e-01 0.000000e+00 9.919872e-01
    outer loop
      vertex   1.401529e+01 6.525000e+01 -8.467874e+00
      vertex   1.409319e+01 6.575000e+01 -8.457953e+00
      vertex   1.401529e+01 6.575000e+01 -8.467874e+00
    endloop
  endfacet
  facet normal -1.764198e-01 0.000000e+00 9.843150e-01
    outer loop
      vertex   1.401529e+01 6.525000e+01 -8.467874e+00
      vertex   1.401529e+01 6.575000e+01 -8.467874e+00
      vertex   1.393799e+01 6.525000e+01 -8.481729e+00
    endloop
  endfacet
  facet normal -1.764198e-01 0.000000e+00 9.843150e-01
    outer loop
      vertex   1.393799e+01 6.525000e+01 -8.481729e+00
      vertex   1.401529e+01 6.575000e+01 -8.467874e+00
      vertex   1.393799e+01 6.575000e+01 -8.481729e+00
    endloop
  endfacet
  facet normal -2.260481e-01 0.000000e+00 9.741161e-01
    outer loop
      vertex   1.393799e+01 6.525000e+01 -8.481729e+00
      vertex   1.393799e+01 6.575000e+01 -8.481729e+00
      vertex   1.386149e+01 6.525000e+01 -8.499480e+00
    endloop
  endfacet
  facet normal -2.260481e-01 0.000000e+00 9.741161e-01
    outer loop
      vertex   1.386149e+01 6.525000e+01 -8.499480e+00
      vertex   1.393799e+01 6.575000e+01 -8.481729e+00
      vertex   1.386149e+01 6.575000e+01 -8.499480e+00
    endloop
  endfacet
  facet normal -2.750961e-01 0.000000e+00 9.614167e-01
    outer loop
      vertex   1.386149e+01 6.525000e+01 -8.499480e+00
      vertex   1.386149e+01 6.575000e+01 -8.499480e+00
      vertex   1.378599e+01 6.525000e+01 -8.521084e+00
    endloop
  endfacet
  facet normal -2.750961e-01 0.000000e+00 9.614167e-01
    outer loop
      vertex   1.378599e+01 6.525000e+01 -8.521084e+00
      vertex   1.386149e+01 6.575000e+01 -8.499480e+00
      vertex   1.378599e+01 6.575000e+01 -8.521084e+00
    endloop
  endfacet
  facet normal -3.234380e-01 0.000000e+00 9.462494e-01
    outer loop
      vertex   1.378599e+01 6.525000e+01 -8.521084e+00
      vertex   1.378599e+01 6.575000e+01 -8.521084e+00
      vertex   1.371168e+01 6.525000e+01 -8.546484e+00
    endloop
  endfacet
  facet normal -3.234380e-01 0.000000e+00 9.462494e-01
    outer loop
      vertex   1.371168e+01 6.525000e+01 -8.546484e+00
      vertex   1.378599e+01 6.575000e+01 -8.521084e+00
      vertex   1.371168e+01 6.575000e+01 -8.546484e+00
    endloop
  endfacet
  facet normal -3.709496e-01 0.000000e+00 9.286530e-01
    outer loop
      vertex   1.371168e+01 6.525000e+01 -8.546484e+00
      vertex   1.371168e+01 6.575000e+01 -8.546484e+00
      vertex   1.363875e+01 6.525000e+01 -8.575615e+00
    endloop
  endfacet
  facet normal -3.709496e-01 0.000000e+00 9.286530e-01
    outer loop
      vertex   1.363875e+01 6.525000e+01 -8.575615e+00
      vertex   1.371168e+01 6.575000e+01 -8.546484e+00
      vertex   1.363875e+01 6.575000e+01 -8.575615e+00
    endloop
  endfacet
  facet normal -4.175090e-01 0.000000e+00 9.086728e-01
    outer loop
      vertex   1.363875e+01 6.525000e+01 -8.575615e+00
      vertex   1.363875e+01 6.575000e+01 -8.575615e+00
      vertex   1.356739e+01 6.525000e+01 -8.608403e+00
    endloop
  endfacet
  facet normal -4.175090e-01 0.000000e+00 9.086728e-01
    outer loop
      vertex   1.356739e+01 6.525000e+01 -8.608403e+00
      vertex   1.363875e+01 6.575000e+01 -8.575615e+00
      vertex   1.356739e+01 6.575000e+01 -8.608403e+00
    endloop
  endfacet
  facet normal -4.629966e-01 0.000000e+00 8.863600e-01
    outer loop
      vertex   1.356739e+01 6.525000e+01 -8.608403e+00
      vertex   1.356739e+01 6.575000e+01 -8.608403e+00
      vertex   1.349778e+01 6.525000e+01 -8.644763e+00
    endloop
  endfacet
  facet normal -4.629966e-01 0.000000e+00 8.863600e-01
    outer loop
      vertex   1.349778e+01 6.525000e+01 -8.644763e+00
      vertex   1.356739e+01 6.575000e+01 -8.608403e+00
      vertex   1.349778e+01 6.575000e+01 -8.644763e+00
    endloop
  endfacet
  facet normal -5.072958e-01 0.000000e+00 8.617720e-01
    outer loop
      vertex   1.349778e+01 6.525000e+01 -8.644763e+00
      vertex   1.349778e+01 6.575000e+01 -8.644763e+00
      vertex   1.343011e+01 6.525000e+01 -8.684601e+00
    endloop
  endfacet
  facet normal -5.072958e-01 0.000000e+00 8.617720e-01
    outer loop
      vertex   1.343011e+01 6.525000e+01 -8.684601e+00
      vertex   1.349778e+01 6.575000e+01 -8.644763e+00
      vertex   1.343011e+01 6.575000e+01 -8.684601e+00
    endloop
  endfacet
  facet normal -5.502927e-01 0.000000e+00 8.349718e-01
    outer loop
      vertex   1.343011e+01 6.525000e+01 -8.684601e+00
      vertex   1.343011e+01 6.575000e+01 -8.684601e+00
      vertex   1.336453e+01 6.525000e+01 -8.727817e+00
    endloop
  endfacet
  facet normal -5.502927e-01 0.000000e+00 8.349718e-01
    outer loop
      vertex   1.336453e+01 6.525000e+01 -8.727817e+00
      vertex   1.343011e+01 6.575000e+01 -8.684601e+00
      vertex   1.336453e+01 6.575000e+01 -8.727817e+00
    endloop
  endfacet
  facet normal -5.918770e-01 0.000000e+00 8.060283e-01
    outer loop
      vertex   1.336453e+01 6.525000e+01 -8.727817e+00
      vertex   1.336453e+01 6.575000e+01 -8.727817e+00
      vertex   1.330124e+01 6.525000e+01 -8.774298e+00
    endloop
  endfacet
  facet normal -5.918770e-01 0.000000e+00 8.060283e-01
    outer loop
      vertex   1.330124e+01 6.525000e+01 -8.774298e+00
      vertex   1.336453e+01 6.575000e+01 -8.727817e+00
      vertex   1.330124e+01 6.575000e+01 -8.774298e+00
    endloop
  endfacet
  facet normal -6.319420e-01 0.000000e+00 7.750157e-01
    outer loop
      vertex   1.330124e+01 6.525000e+01 -8.774298e+00
      vertex   1.330124e+01 6.575000e+01 -8.774298e+00
      vertex   1.324037e+01 6.525000e+01 -8.823925e+00
    endloop
  endfacet
  facet normal -6.319420e-01 0.000000e+00 7.750157e-01
    outer loop
      vertex   1.324037e+01 6.525000e+01 -8.823925e+00
      vertex   1.330124e+01 6.575000e+01 -8.774298e+00
      vertex   1.324037e+01 6.575000e+01 -8.823925e+00
    endloop
  endfacet
  facet normal -6.703848e-01 0.000000e+00 7.420136e-01
    outer loop
      vertex   1.324037e+01 6.525000e+01 -8.823925e+00
      vertex   1.324037e+01 6.575000e+01 -8.823925e+00
      vertex   1.318210e+01 6.525000e+01 -8.876571e+00
    endloop
  endfacet
  facet normal -6.703848e-01 0.000000e+00 7.420136e-01
    outer loop
      vertex   1.318210e+01 6.525000e+01 -8.876571e+00
      vertex   1.324037e+01 6.575000e+01 -8.823925e+00
      vertex   1.318210e+01 6.575000e+01 -8.876571e+00
    endloop
  endfacet
  facet normal -7.071068e-01 0.000000e+00 7.071068e-01
    outer loop
      vertex   1.318210e+01 6.525000e+01 -8.876571e+00
      vertex   1.318210e+01 6.575000e+01 -8.876571e+00
      vertex   1.312657e+01 6.525000e+01 -8.932101e+00
    endloop
  endfacet
  facet normal -7.071068e-01 0.000000e+00 7.071068e-01
    outer loop
      vertex   1.312657e+01 6.525000e+01 -8.932101e+00
      vertex   1.318210e+01 6.575000e+01 -8.876571e+00
      vertex   1.312657e+01 6.575000e+01 -8.932101e+00
    endloop
  endfacet
  facet normal -7.420136e-01 0.000000e+00 6.703848e-01
    outer loop
      vertex   1.312657e+01 6.525000e+01 -8.932101e+00
      vertex   1.312657e+01 6.575000e+01 -8.932101e+00
      vertex   1.307392e+01 6.525000e+01 -8.990373e+00
    endloop
  endfacet
  facet normal -7.420136e-01 0.000000e+00 6.703848e-01
    outer loop
      vertex   1.307392e+01 6.525000e+01 -8.990373e+00
      vertex   1.312657e+01 6.575000e+01 -8.932101e+00
      vertex   1.307392e+01 6.575000e+01 -8.990373e+00
    endloop
  endfacet
  facet normal -7.750157e-01 0.000000e+00 6.319420e-01
    outer loop
      vertex   1.307392e+01 6.525000e+01 -8.990373e+00
      vertex   1.307392e+01 6.575000e+01 -8.990373e+00
      vertex   1.302430e+01 6.525000e+01 -9.051236e+00
    endloop
  endfacet
  facet normal -7.750157e-01 0.000000e+00 6.319420e-01
    outer loop
      vertex   1.302430e+01 6.525000e+01 -9.051236e+00
      vertex   1.307392e+01 6.575000e+01 -8.990373e+00
      vertex   1.302430e+01 6.575000e+01 -9.051236e+00
    endloop
  endfacet
  facet normal -8.060283e-01 0.000000e+00 5.918770e-01
    outer loop
      vertex   1.302430e+01 6.525000e+01 -9.051236e+00
      vertex   1.302430e+01 6.575000e+01 -9.051236e+00
      vertex   1.297782e+01 6.525000e+01 -9.114534e+00
    endloop
  endfacet
  facet normal -8.060283e-01 0.000000e+00 5.918770e-01
    outer loop
      vertex   1.297782e+01 6.525000e+01 -9.114534e+00
      vertex   1.302430e+01 6.575000e+01 -9.051236e+00
      vertex   1.297782e+01 6.575000e+01 -9.114534e+00
    endloop
  endfacet
  facet normal -8.349718e-01 0.000000e+00 5.502927e-01
    outer loop
      vertex   1.297782e+01 6.525000e+01 -9.114534e+00
      vertex   1.297782e+01 6.575000e+01 -9.114534e+00
      vertex   1.293460e+01 6.525000e+01 -9.180106e+00
    endloop
  endfacet
  facet normal -8.349718e-01 0.000000e+00 5.502927e-01
    outer loop
      vertex   1.293460e+01 6.525000e+01 -9.180106e+00
      vertex   1.297782e+01 6.575000e+01 -9.114534e+00
      vertex   1.293460e+01 6.575000e+01 -9.180106e+00
    endloop
  endfacet
  facet normal -8.617720e-01 0.000000e+00 5.072958e-01
    outer loop
      vertex   1.293460e+01 6.525000e+01 -9.180106e+00
      vertex   1.293460e+01 6.575000e+01 -9.180106e+00
      vertex   1.289476e+01 6.525000e+01 -9.247782e+00
    endloop
  endfacet
  facet normal -8.617720e-01 0.000000e+00 5.072958e-01
    outer loop
      vertex   1.289476e+01 6.525000e+01 -9.247782e+00
      vertex   1.293460e+01 6.575000e+01 -9.180106e+00
      vertex   1.289476e+01 6.575000e+01 -9.247782e+00
    endloop
  endfacet
  facet normal -8.863600e-01 0.000000e+00 4.629966e-01
    outer loop
      vertex   1.289476e+01 6.525000e+01 -9.247782e+00
      vertex   1.289476e+01 6.575000e+01 -9.247782e+00
      vertex   1.285840e+01 6.525000e+01 -9.317389e+00
    endloop
  endfacet
  facet normal -8.863600e-01 0.000000e+00 4.629966e-01
    outer loop
      vertex   1.285840e+01 6.525000e+01 -9.317389e+00
      vertex   1.289476e+01 6.575000e+01 -9.247782e+00
      vertex   1.285840e+01 6.575000e+01 -9.317389e+00
    endloop
  endfacet
  facet normal -9.086728e-01 0.000000e+00 4.175090e-01
    outer loop
      vertex   1.285840e+01 6.525000e+01 -9.317389e+00
      vertex   1.285840e+01 6.575000e+01 -9.317389e+00
      vertex   1.282562e+01 6.525000e+01 -9.388748e+00
    endloop
  endfacet
  facet normal -9.086728e-01 0.000000e+00 4.175090e-01
    outer loop
      vertex   1.282562e+01 6.525000e+01 -9.388748e+00
      vertex   1.285840e+01 6.575000e+01 -9.317389e+00
      vertex   1.282562e+01 6.575000e+01 -9.388748e+00
    endloop
  endfacet
  facet normal -9.286530e-01 0.000000e+00 3.709496e-01
    outer loop
      vertex   1.282562e+01 6.525000e+01 -9.388748e+00
      vertex   1.282562e+01 6.575000e+01 -9.388748e+00
      vertex   1.279648e+01 6.525000e+01 -9.461677e+00
    endloop
  endfacet
  facet normal -9.286530e-01 0.000000e+00 3.709496e-01
    outer loop
      vertex   1.279648e+01 6.525000e+01 -9.461677e+00
      vertex   1.282562e+01 6.575000e+01 -9.388748e+00
      vertex   1.279648e+01 6.575000e+01 -9.461677e+00
    endloop
  endfacet
  facet normal -9.462494e-01 0.000000e+00 3.234380e-01
    outer loop
      vertex   1.279648e+01 6.525000e+01 -9.461677e+00
      vertex   1.279648e+01 6.575000e+01 -9.461677e+00
      vertex   1.277108e+01 6.525000e+01 -9.535987e+00
    endloop
  endfacet
  facet normal -9.462494e-01 0.000000e+00 3.234380e-01
    outer loop
      vertex   1.277108e+01 6.525000e+01 -9.535987e+00
      vertex   1.279648e+01 6.575000e+01 -9.461677e+00
      vertex   1.277108e+01 6.575000e+01 -9.535987e+00
    endloop
  endfacet
  facet normal -9.614167e-01 0.000000e+00 2.750961e-01
    outer loop
      vertex   1.277108e+01 6.525000e+01 -9.535987e+00
      vertex   1.277108e+01 6.575000e+01 -9.535987e+00
      vertex   1.274948e+01 6.525000e+01 -9.611489e+00
    endloop
  endfacet
  facet normal -9.614167e-01 0.000000e+00 2.750961e-01
    outer loop
      vertex   1.274948e+01 6.525000e+01 -9.611489e+00
      vertex   1.277108e+01 6.575000e+01 -9.535987e+00
      vertex   1.274948e+01 6.575000e+01 -9.611489e+00
    endloop
  endfacet
  facet normal -9.741161e-01 0.000000e+00 2.260481e-01
    outer loop
      vertex   1.274948e+01 6.525000e+01 -9.611489e+00
      vertex   1.274948e+01 6.575000e+01 -9.611489e+00
      vertex   1.273173e+01 6.525000e+01 -9.687987e+00
    endloop
  endfacet
  facet normal -9.741161e-01 0.000000e+00 2.260481e-01
    outer loop
      vertex   1.273173e+01 6.525000e+01 -9.687987e+00
      vertex   1.274948e+01 6.575000e+01 -9.611489e+00
      vertex   1.273173e+01 6.575000e+01 -9.687987e+00
    endloop
  endfacet
  facet normal -9.843150e-01 0.000000e+00 1.764198e-01
    outer loop
      vertex   1.273173e+01 6.525000e+01 -9.687987e+00
      vertex   1.273173e+01 6.575000e+01 -9.687987e+00
      vertex   1.271787e+01 6.525000e+01 -9.765287e+00
    endloop
  endfacet
  facet normal -9.843150e-01 0.000000e+00 1.764198e-01
    outer loop
      vertex   1.271787e+01 6.525000e+01 -9.765287e+00
      vertex   1.273173e+01 6.575000e+01 -9.687987e+00
      vertex   1.271787e+01 6.575000e+01 -9.765287e+00
    endloop
  endfacet
  facet normal -9.919872e-01 0.000000e+00 1.263386e-01
    outer loop
      vertex   1.271787e+01 6.525000e+01 -9.765287e+00
      vertex   1.271787e+01 6.575000e+01 -9.765287e+00
      vertex   1.270795e+01 6.525000e+01 -9.843189e+00
    endloop
  endfacet
  facet normal -9.919872e-01 0.000000e+00 1.263386e-01
    outer loop
      vertex   1.270795e+01 6.525000e+01 -9.843189e+00
      vertex   1.271787e+01 6.575000e+01 -9.765287e+00
      vertex   1.270795e+01 6.575000e+01 -9.843189e+00
    endloop
  endfacet
  facet normal -9.971129e-01 0.000000e+00 7.593311e-02
    outer loop
      vertex   1.270795e+01 6.525000e+01 -9.843189e+00
      vertex   1.270795e+01 6.575000e+01 -9.843189e+00
      vertex   1.270199e+01 6.525000e+01 -9.921494e+00
    endloop
  endfacet
  facet normal -9.971129e-01 0.000000e+00 7.593311e-02
    outer loop
      vertex   1.270199e+01 6.525000e+01 -9.921494e+00
      vertex   1.270795e+01 6.575000e+01 -9.843189e+00
      vertex   1.270199e+01 6.575000e+01 -9.921494e+00
    endloop
  endfacet
  facet normal -9.996791e-01 0.000000e+00 2.533271e-02
    outer loop
      vertex   1.270199e+01 6.525000e+01 -9.921494e+00
      vertex   1.270199e+01 6.575000e+01 -9.921494e+00
      vertex   1.270000e+01 6.525000e+01 -1.000000e+01
    endloop
  endfacet
  facet normal -9.996791e-01 0.000000e+00 2.533271e-02
    outer loop
      vertex   1.270000e+01 6.525000e+01 -1.000000e+01
      vertex   1.270199e+01 6.575000e+01 -9.921494e+00
      vertex   1.270000e+01 6.575000e+01 -1.000000e+01
    endloop
  endfacet
  facet normal 5.921189e-16 0.000000e+00 1.000000e+00
    outer loop
      vertex   1.725000e+01 6.575000e+01 -8.450000e+00
      vertex   1.425000e+01 6.575000e+01 -8.450000e+00
      vertex   1.725000e+01 6.525000e+01 -8.450000e+00
    endloop
  endfacet
  facet normal 5.921189e-16 0.000000e+00 1.000000e+00
    outer loop
      vertex   1.725000e+01 6.525000e+01 -8.450000e+00
      vertex   1.425000e+01 6.575000e+01 -8.450000e+00
      vertex   1.425000e+01 6.525000e+01 -8.450000e+00
    endloop
  endfacet
  facet normal 9.996791e-01 -0.000000e+00 2.533271e-02
    outer loop
      vertex   1.880000e+01 6.525000e+01 -1.000000e+01
      vertex   1.880000e+01 6.575000e+01 -1.000000e+01
      vertex   1.879801e+01 6.525000e+01 -9.921494e+00
    endloop
  endfacet
  facet normal 9.996791e-01 -0.000000e+00 2.533271e-02
    outer loop
      vertex   1.879801e+01 6.525000e+01 -9.921494e+00
      vertex   1.880000e+01 6.575000e+01 -1.000000e+01
      vertex   1.879801e+01 6.575000e+01 -9.921494e+00
    endloop
  endfacet
  facet normal 9.971129e-01 -0.000000e+00 7.593311e-02
    outer loop
      vertex   1.879801e+01 6.525000e+01 -9.921494e+00
      vertex   1.879801e+01 6.575000e+01 -9.921494e+00
      vertex   1.879205e+01 6.525000e+01 -9.843189e+00
    endloop
  endfacet
  facet normal 9.971129e-01 -0.000000e+00 7.593311e-02
    outer loop
      vertex   1.879205e+01 6.525000e+01 -9.843189e+00
      vertex   1.879801e+01 6.575000e+01 -9.921494e+00
      vertex   1.879205e+01 6.575000e+01 -9.843189e+00
    endloop
  endfacet
  facet normal 9.919872e-01 -0.000000e+00 1.263386e-01
    outer loop
      vertex   1.879205e+01 6.525000e+01 -9.843189e+00
      vertex   1.879205e+01 6.575000e+01 -9.843189e+00
      vertex   1.878213e+01 6.525000e+01 -9.765287e+00
    endloop
  endfacet
  facet normal 9.919872e-01 -0.000000e+00 1.263386e-01
    outer loop
      vertex   1.878213e+01 6.525000e+01 -9.765287e+00
      vertex   1.879205e+01 6.575000e+01 -9.843189e+00
      vertex   1.878213e+01 6.575000e+01 -9.765287e+00
    endloop
  endfacet
  facet normal 9.843150e-01 -0.000000e+00 1.764198e-01
    outer loop
      vertex   1.878213e+01 6.525000e+01 -9.765287e+00
      vertex   1.878213e+01 6.575000e+01 -9.765287e+00
      vertex   1.876827e+01 6.525000e+01 -9.687987e+00
    endloop
  endfacet
  facet normal 9.843150e-01 -0.000000e+00 1.764198e-01
    outer loop
      vertex   1.876827e+01 6.525000e+01 -9.687987e+00
      vertex   1.878213e+01 6.575000e+01 -9.765287e+00
      vertex   1.876827e+01 6.575000e+01 -9.687987e+00
    endloop
  endfacet
  facet normal 9.741161e-01 -0.000000e+00 2.260481e-01
    outer loop
      vertex   1.876827e+01 6.525000e+01 -9.687987e+00
      vertex   1.876827e+01 6.575000e+01 -9.687987e+00
      vertex   1.875052e+01 6.525000e+01 -9.611489e+00
    endloop
  endfacet
  facet normal 9.741161e-01 -0.000000e+00 2.260481e-01
    outer loop
      vertex   1.875052e+01 6.525000e+01 -9.611489e+00
      vertex   1.876827e+01 6.575000e+01 -9.687987e+00
      vertex   1.875052e+01 6.575000e+01 -9.611489e+00
    endloop
  endfacet
  facet normal 9.614167e-01 -0.000000e+00 2.750961e-01
    outer loop
      vertex   1.875052e+01 6.525000e+01 -9.611489e+00
      vertex   1.875052e+01 6.575000e+01 -9.611489e+00
      vertex   1.872892e+01 6.525000e+01 -9.535987e+00
    endloop
  endfacet
  facet normal 9.614167e-01 -0.000000e+00 2.750961e-01
    outer loop
      vertex   1.872892e+01 6.525000e+01 -9.535987e+00
      vertex   1.875052e+01 6.575000e+01 -9.611489e+00
      vertex   1.872892e+01 6.575000e+01 -9.535987e+00
    endloop
  endfacet
  facet normal 9.462494e-01 -0.000000e+00 3.234380e-01
    outer loop
      vertex   1.872892e+01 6.525000e+01 -9.535987e+00
      vertex   1.872892e+01 6.575000e+01 -9.535987e+00
      vertex   1.870352e+01 6.525000e+01 -9.461677e+00
    endloop
  endfacet
  facet normal 9.462494e-01 -0.000000e+00 3.234380e-01
    outer loop
      vertex   1.870352e+01 6.525000e+01 -9.461677e+00
      vertex   1.872892e+01 6.575000e+01 -9.535987e+00
      vertex   1.870352e+01 6.575000e+01 -9.461677e+00
    endloop
  endfacet
  facet normal 9.286530e-01 -0.000000e+00 3.709496e-01
    outer loop
      vertex   1.870352e+01 6.525000e+01 -9.461677e+00
      vertex   1.870352e+01 6.575000e+01 -9.461677e+00
      vertex   1.867438e+01 6.525000e+01 -9.388748e+00
    endloop
  endfacet
  facet normal 9.286530e-01 -0.000000e+00 3.709496e-01
    outer loop
      vertex   1.867438e+01 6.525000e+01 -9.388748e+00
      vertex   1.870352e+01 6.575000e+01 -9.461677e+00
      vertex   1.867438e+01 6.575000e+01 -9.388748e+00
    endloop
  endfacet
  facet normal 9.086728e-01 -0.000000e+00 4.175090e-01
    outer loop
      vertex   1.867438e+01 6.525000e+01 -9.388748e+00
      vertex   1.867438e+01 6.575000e+01 -9.388748e+00
      vertex   1.864160e+01 6.525000e+01 -9.317389e+00
    endloop
  endfacet
  facet normal 9.086728e-01 -0.000000e+00 4.175090e-01
    outer loop
      vertex   1.864160e+01 6.525000e+01 -9.317389e+00
      vertex   1.867438e+01 6.575000e+01 -9.388748e+00
      vertex   1.864160e+01 6.575000e+01 -9.317389e+00
    endloop
  endfacet
  facet normal 8.863600e-01 -0.000000e+00 4.629966e-01
    outer loop
      vertex   1.864160e+01 6.525000e+01 -9.317389e+00
      vertex   1.864160e+01 6.575000e+01 -9.317389e+00
      vertex   1.860524e+01 6.525000e+01 -9.247782e+00
    endloop
  endfacet
  facet normal 8.863600e-01 -0.000000e+00 4.629966e-01
    outer loop
      vertex   1.860524e+01 6.525000e+01 -9.247782e+00
      vertex   1.864160e+01 6.575000e+01 -9.317389e+00
      vertex   1.860524e+01 6.575000e+01 -9.247782e+00
    endloop
  endfacet
  facet normal 8.617720e-01 -0.000000e+00 5.072958e-01
    outer loop
      vertex   1.860524e+01 6.525000e+01 -9.247782e+00
      vertex   1.860524e+01 6.575000e+01 -9.247782e+00
      vertex   1.856540e+01 6.525000e+01 -9.180106e+00
    endloop
  endfacet
  facet normal 8.617720e-01 -0.000000e+00 5.072958e-01
    outer loop
      vertex   1.856540e+01 6.525000e+01 -9.180106e+00
      vertex   1.860524e+01 6.575000e+01 -9.247782e+00
      vertex   1.856540e+01 6.575000e+01 -9.180106e+00
    endloop
  endfacet
  facet normal 8.349718e-01 -0.000000e+00 5.502927e-01
    outer loop
      vertex   1.856540e+01 6.525000e+01 -9.180106e+00
      vertex   1.856540e+01 6.575000e+01 -9.180106e+00
      vertex   1.852218e+01 6.525000e+01 -9.114534e+00
    endloop
  endfacet
  facet normal 8.349718e-01 -0.000000e+00 5.502927e-01
    outer loop
      vertex   1.852218e+01 6.525000e+01 -9.114534e+00
      vertex   1.856540e+01 6.575000e+01 -9.180106e+00
      vertex   1.852218e+01 6.575000e+01 -9.114534e+00
    endloop
  endfacet
  facet normal 8.060283e-01 -0.000000e+00 5.918770e-01
    outer loop
      vertex   1.852218e+01 6.525000e+01 -9.114534e+00
      vertex   1.852218e+01 6.575000e+01 -9.114534e+00
      vertex   1.847570e+01 6.525000e+01 -9.051236e+00
    endloop
  endfacet
  facet normal 8.060283e-01 -0.000000e+00 5.918770e-01
    outer loop
      vertex   1.847570e+01 6.525000e+01 -9.051236e+00
      vertex   1.852218e+01 6.575000e+01 -9.114534e+00
      vertex   1.847570e+01 6.575000e+01 -9.051236e+00
    endloop
  endfacet
  facet normal 7.750157e-01 -0.000000e+00 6.319420e-01
    outer loop
      vertex   1.847570e+01 6.525000e+01 -9.051236e+00
      vertex   1.847570e+01 6.575000e+01 -9.051236e+00
      vertex   1.842608e+01 6.525000e+01 -8.990373e+00
    endloop
  endfacet
  facet normal 7.750157e-01 -0.000000e+00 6.319420e-01
    outer loop
      vertex   1.842608e+01 6.525000e+01 -8.990373e+00
      vertex   1.847570e+01 6.575000e+01 -9.051236e+00
      vertex   1.842608e+01 6.575000e+01 -8.990373e+00
    endloop
  endfacet
  facet normal 7.420136e-01 -0.000000e+00 6.703848e-01
    outer loop
      vertex   1.842608e+01 6.525000e+01 -8.990373e+00
      vertex   1.842608e+01 6.575000e+01 -8.990373e+00
      vertex   1.837343e+01 6.525000e+01 -8.932101e+00
    endloop
  endfacet
  facet normal 7.420136e-01 -0.000000e+00 6.703848e-01
    outer loop
      vertex   1.837343e+01 6.525000e+01 -8.932101e+00
      vertex   1.842608e+01 6.575000e+01 -8.990373e+00
      vertex   1.837343e+01 6.575000e+01 -8.932101e+00
    endloop
  endfacet
  facet normal 7.071068e-01 -0.000000e+00 7.071068e-01
    outer loop
      vertex   1.837343e+01 6.525000e+01 -8.932101e+00
      vertex   1.837343e+01 6.575000e+01 -8.932101e+00
      vertex   1.831790e+01 6.525000e+01 -8.876571e+00
    endloop
  endfacet
  facet normal 7.071068e-01 -0.000000e+00 7.071068e-01
    outer loop
      vertex   1.831790e+01 6.525000e+01 -8.876571e+00
      vertex   1.837343e+01 6.575000e+01 -8.932101e+00
      vertex   1.831790e+01 6.575000e+01 -8.876571e+00
    endloop
  endfacet
  facet normal 6.703848e-01 -0.000000e+00 7.420136e-01
    outer loop
      vertex   1.831790e+01 6.525000e+01 -8.876571e+00
      vertex   1.831790e+01 6.575000e+01 -8.876571e+00
      vertex   1.825963e+01 6.525000e+01 -8.823925e+00
    endloop
  endfacet
  facet normal 6.703848e-01 -0.000000e+00 7.420136e-01
    outer loop
      vertex   1.825963e+01 6.525000e+01 -8.823925e+00
      vertex   1.831790e+01 6.575000e+01 -8.876571e+00
      vertex   1.825963e+01 6.575000e+01 -8.823925e+00
    endloop
  endfacet
  facet normal 6.319420e-01 -0.000000e+00 7.750157e-01
    outer loop
      vertex   1.825963e+01 6.525000e+01 -8.823925e+00
      vertex   1.825963e+01 6.575000e+01 -8.823925e+00
      vertex   1.819876e+01 6.525000e+01 -8.774298e+00
    endloop
  endfacet
  facet normal 6.319420e-01 -0.000000e+00 7.750157e-01
    outer loop
      vertex   1.819876e+01 6.525000e+01 -8.774298e+00
      vertex   1.825963e+01 6.575000e+01 -8.823925e+00
      vertex   1.819876e+01 6.575000e+01 -8.774298e+00
    endloop
  endfacet
  facet normal 5.918770e-01 -0.000000e+00 8.060283e-01
    outer loop
      vertex   1.819876e+01 6.525000e+01 -8.774298e+00
      vertex   1.819876e+01 6.575000e+01 -8.774298e+00
      vertex   1.813547e+01 6.525000e+01 -8.727817e+00
    endloop
  endfacet
  facet normal 5.918770e-01 -0.000000e+00 8.060283e-01
    outer loop
      vertex   1.813547e+01 6.525000e+01 -8.727817e+00
      vertex   1.819876e+01 6.575000e+01 -8.774298e+00
      vertex   1.813547e+01 6.575000e+01 -8.727817e+00
    endloop
  endfacet
  facet normal 5.502927e-01 -0.000000e+00 8.349718e-01
    outer loop
      vertex   1.813547e+01 6.525000e+01 -8.727817e+00
      vertex   1.813547e+01 6.575000e+01 -8.727817e+00
      vertex   1.806989e+01 6.525000e+01 -8.684601e+00
    endloop
  endfacet
  facet normal 5.502927e-01 -0.000000e+00 8.349718e-01
    outer loop
      vertex   1.806989e+01 6.525000e+01 -8.684601e+00
      vertex   1.813547e+01 6.575000e+01 -8.727817e+00
      vertex   1.806989e+01 6.575000e+01 -8.684601e+00
    endloop
  endfacet
  facet normal 5.072958e-01 -0.000000e+00 8.617720e-01
    outer loop
      vertex   1.806989e+01 6.525000e+01 -8.684601e+00
      vertex   1.806989e+01 6.575000e+01 -8.684601e+00
      vertex   1.800222e+01 6.525000e+01 -8.644763e+00
    endloop
  endfacet
  facet normal 5.072958e-01 -0.000000e+00 8.617720e-01
    outer loop
      vertex   1.800222e+01 6.525000e+01 -8.644763e+00
      vertex   1.806989e+01 6.575000e+01 -8.684601e+00
      vertex   1.800222e+01 6.575000e+01 -8.644763e+00
    endloop
  endfacet
  facet normal 4.629966e-01 -0.000000e+00 8.863600e-01
    outer loop
      vertex   1.800222e+01 6.525000e+01 -8.644763e+00
      vertex   1.800222e+01 6.575000e+01 -8.644763e+00
      vertex   1.793261e+01 6.525000e+01 -8.608403e+00
    endloop
  endfacet
  facet normal 4.629966e-01 -0.000000e+00 8.863600e-01
    outer loop
      vertex   1.793261e+01 6.525000e+01 -8.608403e+00
      vertex   1.800222e+01 6.575000e+01 -8.644763e+00
      vertex   1.793261e+01 6.575000e+01 -8.608403e+00
    endloop
  endfacet
  facet normal 4.175090e-01 -0.000000e+00 9.086728e-01
    outer loop
      vertex   1.793261e+01 6.525000e+01 -8.608403e+00
      vertex   1.793261e+01 6.575000e+01 -8.608403e+00
      vertex   1.786125e+01 6.525000e+01 -8.575615e+00
    endloop
  endfacet
  facet normal 4.175090e-01 -0.000000e+00 9.086728e-01
    outer loop
      vertex   1.786125e+01 6.525000e+01 -8.575615e+00
      vertex   1.793261e+01 6.575000e+01 -8.608403e+00
      vertex   1.786125e+01 6.575000e+01 -8.575615e+00
    endloop
  endfacet
  facet normal 3.709496e-01 -0.000000e+00 9.286530e-01
    outer loop
      vertex   1.786125e+01 6.525000e+01 -8.575615e+00
      vertex   1.786125e+01 6.575000e+01 -8.575615e+00
      vertex   1.778832e+01 6.525000e+01 -8.546484e+00
    endloop
  endfacet
  facet normal 3.709496e-01 -0.000000e+00 9.286530e-01
    outer loop
      vertex   1.778832e+01 6.525000e+01 -8.546484e+00
      vertex   1.786125e+01 6.575000e+01 -8.575615e+00
      vertex   1.778832e+01 6.575000e+01 -8.546484e+00
    endloop
  endfacet
  facet normal 3.234380e-01 -0.000000e+00 9.462494e-01
    outer loop
      vertex   1.778832e+01 6.525000e+01 -8.546484e+00
      vertex   1.778832e+01 6.575000e+01 -8.546484e+00
      vertex   1.771401e+01 6.525000e+01 -8.521084e+00
    endloop
  endfacet
  facet normal 3.234380e-01 -0.000000e+00 9.462494e-01
    outer loop
      vertex   1.771401e+01 6.525000e+01 -8.521084e+00
      vertex   1.778832e+01 6.575000e+01 -8.546484e+00
      vertex   1.771401e+01 6.575000e+01 -8.521084e+00
    endloop
  endfacet
  facet normal 2.750961e-01 -0.000000e+00 9.614167e-01
    outer loop
      vertex   1.771401e+01 6.525000e+01 -8.521084e+00
      vertex   1.771401e+01 6.575000e+01 -8.521084e+00
      vertex   1.763851e+01 6.525000e+01 -8.499480e+00
    endloop
  endfacet
  facet normal 2.750961e-01 -0.000000e+00 9.614167e-01
    outer loop
      vertex   1.763851e+01 6.525000e+01 -8.499480e+00
      vertex   1.771401e+01 6.575000e+01 -8.521084e+00
      vertex   1.763851e+01 6.575000e+01 -8.499480e+00
    endloop
  endfacet
  facet normal 2.260481e-01 -0.000000e+00 9.741161e-01
    outer loop
      vertex   1.763851e+01 6.525000e+01 -8.499480e+00
      vertex   1.763851e+01 6.575000e+01 -8.499480e+00
      vertex   1.756201e+01 6.525000e+01 -8.481729e+00
    endloop
  endfacet
  facet normal 2.260481e-01 -0.000000e+00 9.741161e-01
    outer loop
      vertex   1.756201e+01 6.525000e+01 -8.481729e+00
      vertex   1.763851e+01 6.575000e+01 -8.499480e+00
      vertex   1.756201e+01 6.575000e+01 -8.481729e+00
    endloop
  endfacet
  facet normal 1.764198e-01 -0.000000e+00 9.843150e-01
    outer loop
      vertex   1.756201e+01 6.525000e+01 -8.481729e+00
      vertex   1.756201e+01 6.575000e+01 -8.481729e+00
      vertex   1.748471e+01 6.525000e+01 -8.467874e+00
    endloop
  endfacet
  facet normal 1.764198e-01 -0.000000e+00 9.843150e-01
    outer loop
      vertex   1.748471e+01 6.525000e+01 -8.467874e+00
      vertex   1.756201e+01 6.575000e+01 -8.481729e+00
      vertex   1.748471e+01 6.575000e+01 -8.467874e+00
    endloop
  endfacet
  facet normal 1.263386e-01 -0.000000e+00 9.919872e-01
    outer loop
      vertex   1.748471e+01 6.525000e+01 -8.467874e+00
      vertex   1.748471e+01 6.575000e+01 -8.467874e+00
      vertex   1.740681e+01 6.525000e+01 -8.457953e+00
    endloop
  endfacet
  facet normal 1.263386e-01 -0.000000e+00 9.919872e-01
    outer loop
      vertex   1.740681e+01 6.525000e+01 -8.457953e+00
      vertex   1.748471e+01 6.575000e+01 -8.467874e+00
      vertex   1.740681e+01 6.575000e+01 -8.457953e+00
    endloop
  endfacet
  facet normal 7.593311e-02 -0.000000e+00 9.971129e-01
    outer loop
      vertex   1.740681e+01 6.525000e+01 -8.457953e+00
      vertex   1.740681e+01 6.575000e+01 -8.457953e+00
      vertex   1.732851e+01 6.525000e+01 -8.451989e+00
    endloop
  endfacet
  facet normal 7.593311e-02 -0.000000e+00 9.971129e-01
    outer loop
      vertex   1.732851e+01 6.525000e+01 -8.451989e+00
      vertex   1.740681e+01 6.575000e+01 -8.457953e+00
      vertex   1.732851e+01 6.575000e+01 -8.451989e+00
    endloop
  endfacet
  facet normal 2.533271e-02 -0.000000e+00 9.996791e-01
    outer loop
      vertex   1.732851e+01 6.525000e+01 -8.451989e+00
      vertex   1.732851e+01 6.575000e+01 -8.451989e+00
      vertex   1.725000e+01 6.525000e+01 -8.450000e+00
    endloop
  endfacet
  facet normal 2.533271e-02 -0.000000e+00 9.996791e-01
    outer loop
      vertex   1.725000e+01 6.525000e+01 -8.450000e+00
      vertex   1.732851e+01 6.575000e+01 -8.451989e+00
      vertex   1.725000e+01 6.575000e+01 -8.450000e+00
    endloop
  endfacet
  facet normal 1.000000e+00 0.000000e+00 -0.000000e+00
    outer loop
      vertex   1.880000e+01 6.575000e+01 -1.100000e+01
      vertex   1.880000e+01 6.575000e+01 -1.000000e+01
      vertex   1.880000e+01 6.525000e+01 -1.100000e+01
    endloop
  endfacet
  facet normal 1.000000e+00 0.000000e+00 0.000000e+00
    outer loop
      vertex   1.880000e+01 6.525000e+01 -1.100000e+01
      vertex   1.880000e+01 6.575000e+01 -1.000000e+01
      vertex   1.880000e+01 6.525000e+01 -1.000000e+01
    endloop
  endfacet
  facet normal 2.533271e-02 0.000000e+00 -9.996791e-01
    outer loop
      vertex   1.725000e+01 6.525000e+01 -1.255000e+01
      vertex   1.725000e+01 6.575000e+01 -1.255000e+01
      vertex   1.732851e+01 6.525000e+01 -1.254801e+01
    endloop
  endfacet
  facet normal 2.533271e-02 0.000000e+00 -9.996791e-01
    outer loop
      vertex   1.732851e+01 6.525000e+01 -1.254801e+01
      vertex   1.725000e+01 6.575000e+01 -1.255000e+01
      vertex   1.732851e+01 6.575000e+01 -1.254801e+01
    endloop
  endfacet
  facet normal 7.593311e-02 0.000000e+00 -9.971129e-01
    outer loop
      vertex   1.732851e+01 6.525000e+01 -1.254801e+01
      vertex   1.732851e+01 6.575000e+01 -1.254801e+01
      vertex   1.740681e+01 6.525000e+01 -1.254205e+01
    endloop
  endfacet
  facet normal 7.593311e-02 0.000000e+00 -9.971129e-01
    outer loop
      vertex   1.740681e+01 6.525000e+01 -1.254205e+01
      vertex   1.732851e+01 6.575000e+01 -1.254801e+01
      vertex   1.740681e+01 6.575000e+01 -1.254205e+01
    endloop
  endfacet
  facet normal 1.263386e-01 0.000000e+00 -9.919872e-01
    outer loop
      vertex   1.740681e+01 6.525000e+01 -1.254205e+01
      vertex   1.740681e+01 6.575000e+01 -1.254205e+01
      vertex   1.748471e+01 6.525000e+01 -1.253213e+01
    endloop
  endfacet
  facet normal 1.263386e-01 0.000000e+00 -9.919872e-01
    outer loop
      vertex   1.748471e+01 6.525000e+01 -1.253213e+01
      vertex   1.740681e+01 6.575000e+01 -1.254205e+01
      vertex   1.748471e+01 6.575000e+01 -1.253213e+01
    endloop
  endfacet
  facet normal 1.764198e-01 0.000000e+00 -9.843150e-01
    outer loop
      vertex   1.748471e+01 6.525000e+01 -1.253213e+01
      vertex   1.748471e+01 6.575000e+01 -1.253213e+01
      vertex   1.756201e+01 6.525000e+01 -1.251827e+01
    endloop
  endfacet
  facet normal 1.764198e-01 0.000000e+00 -9.843150e-01
    outer loop
      vertex   1.756201e+01 6.525000e+01 -1.251827e+01
      vertex   1.748471e+01 6.575000e+01 -1.253213e+01
      vertex   1.756201e+01 6.575000e+01 -1.251827e+01
    endloop
  endfacet
  facet normal 2.260481e-01 0.000000e+00 -9.741161e-01
    outer loop
      vertex   1.756201e+01 6.525000e+01 -1.251827e+01
      vertex   1.756201e+01 6.575000e+01 -1.251827e+01
      vertex   1.763851e+01 6.525000e+01 -1.250052e+01
    endloop
  endfacet
  facet normal 2.260481e-01 0.000000e+00 -9.741161e-01
    outer loop
      vertex   1.763851e+01 6.525000e+01 -1.250052e+01
      vertex   1.756201e+01 6.575000e+01 -1.251827e+01
      vertex   1.763851e+01 6.575000e+01 -1.250052e+01
    endloop
  endfacet
  facet normal 2.750961e-01 0.000000e+00 -9.614167e-01
    outer loop
      vertex   1.763851e+01 6.525000e+01 -1.250052e+01
      vertex   1.763851e+01 6.575000e+01 -1.250052e+01
      vertex   1.771401e+01 6.525000e+01 -1.247892e+01
    endloop
  endfacet
  facet normal 2.750961e-01 0.000000e+00 -9.614167e-01
    outer loop
      vertex   1.771401e+01 6.525000e+01 -1.247892e+01
      vertex   1.763851e+01 6.575000e+01 -1.250052e+01
      vertex   1.771401e+01 6.575000e+01 -1.247892e+01
    endloop
  endfacet
  facet normal 3.234380e-01 0.000000e+00 -9.462494e-01
    outer loop
      vertex   1.771401e+01 6.525000e+01 -1.247892e+01
      vertex   1.771401e+01 6.575000e+01 -1.247892e+01
      vertex   1.778832e+01 6.525000e+01 -1.245352e+01
    endloop
  endfacet
  facet normal 3.234380e-01 0.000000e+00 -9.462494e-01
    outer loop
      vertex   1.778832e+01 6.525000e+01 -1.245352e+01
      vertex   1.771401e+01 6.575000e+01 -1.247892e+01
      vertex   1.778832e+01 6.575000e+01 -1.245352e+01
    endloop
  endfacet
  facet normal 3.709496e-01 0.000000e+00 -9.286530e-01
    outer loop
      vertex   1.778832e+01 6.525000e+01 -1.245352e+01
      vertex   1.778832e+01 6.575000e+01 -1.245352e+01
      vertex   1.786125e+01 6.525000e+01 -1.242438e+01
    endloop
  endfacet
  facet normal 3.709496e-01 0.000000e+00 -9.286530e-01
    outer loop
      vertex   1.786125e+01 6.525000e+01 -1.242438e+01
      vertex   1.778832e+01 6.575000e+01 -1.245352e+01
      vertex   1.786125e+01 6.575000e+01 -1.242438e+01
    endloop
  endfacet
  facet normal 4.175090e-01 0.000000e+00 -9.086728e-01
    outer loop
      vertex   1.786125e+01 6.525000e+01 -1.242438e+01
      vertex   1.786125e+01 6.575000e+01 -1.242438e+01
      vertex   1.793261e+01 6.525000e+01 -1.239160e+01
    endloop
  endfacet
  facet normal 4.175090e-01 0.000000e+00 -9.086728e-01
    outer loop
      vertex   1.793261e+01 6.525000e+01 -1.239160e+01
      vertex   1.786125e+01 6.575000e+01 -1.242438e+01
      vertex   1.793261e+01 6.575000e+01 -1.239160e+01
    endloop
  endfacet
  facet normal 4.629966e-01 0.000000e+00 -8.863600e-01
    outer loop
      vertex   1.793261e+01 6.525000e+01 -1.239160e+01
      vertex   1.793261e+01 6.575000e+01 -1.239160e+01
      vertex   1.800222e+01 6.525000e+01 -1.235524e+01
    endloop
  endfacet
  facet normal 4.629966e-01 0.000000e+00 -8.863600e-01
    outer loop
      vertex   1.800222e+01 6.525000e+01 -1.235524e+01
      vertex   1.793261e+01 6.575000e+01 -1.239160e+01
      vertex   1.800222e+01 6.575000e+01 -1.235524e+01
    endloop
  endfacet
  facet normal 5.072958e-01 0.000000e+00 -8.617720e-01
    outer loop
      vertex   1.800222e+01 6.525000e+01 -1.235524e+01
      vertex   1.800222e+01 6.575000e+01 -1.235524e+01
      vertex   1.806989e+01 6.525000e+01 -1.231540e+01
    endloop
  endfacet
  facet normal 5.072958e-01 0.000000e+00 -8.617720e-01
    outer loop
      vertex   1.806989e+01 6.525000e+01 -1.231540e+01
      vertex   1.800222e+01 6.575000e+01 -1.235524e+01
      vertex   1.806989e+01 6.575000e+01 -1.231540e+01
    endloop
  endfacet
  facet normal 5.502927e-01 0.000000e+00 -8.349718e-01
    outer loop
      vertex   1.806989e+01 6.525000e+01 -1.231540e+01
      vertex   1.806989e+01 6.575000e+01 -1.231540e+01
      vertex   1.813547e+01 6.525000e+01 -1.227218e+01
    endloop
  endfacet
  facet normal 5.502927e-01 0.000000e+00 -8.349718e-01
    outer loop
      vertex   1.813547e+01 6.525000e+01 -1.227218e+01
      vertex   1.806989e+01 6.575000e+01 -1.231540e+01
      vertex   1.813547e+01 6.575000e+01 -1.227218e+01
    endloop
  endfacet
  facet normal 5.918770e-01 0.000000e+00 -8.060283e-01
    outer loop
      vertex   1.813547e+01 6.525000e+01 -1.227218e+01
      vertex   1.813547e+01 6.575000e+01 -1.227218e+01
      vertex   1.819876e+01 6.525000e+01 -1.222570e+01
    endloop
  endfacet
  facet normal 5.918770e-01 0.000000e+00 -8.060283e-01
    outer loop
      vertex   1.819876e+01 6.525000e+01 -1.222570e+01
      vertex   1.813547e+01 6.575000e+01 -1.227218e+01
      vertex   1.819876e+01 6.575000e+01 -1.222570e+01
    endloop
  endfacet
  facet normal 6.319420e-01 0.000000e+00 -7.750157e-01
    outer loop
      vertex   1.819876e+01 6.525000e+01 -1.222570e+01
      vertex   1.819876e+01 6.575000e+01 -1.222570e+01
      vertex   1.825963e+01 6.525000e+01 -1.217608e+01
    endloop
  endfacet
  facet normal 6.319420e-01 0.000000e+00 -7.750157e-01
    outer loop
      vertex   1.825963e+01 6.525000e+01 -1.217608e+01
      vertex   1.819876e+01 6.575000e+01 -1.222570e+01
      vertex   1.825963e+01 6.575000e+01 -1.217608e+01
    endloop
  endfacet
  facet normal 6.703848e-01 0.000000e+00 -7.420136e-01
    outer loop
      vertex   1.825963e+01 6.525000e+01 -1.217608e+01
      vertex   1.825963e+01 6.575000e+01 -1.217608e+01
      vertex   1.831790e+01 6.525000e+01 -1.212343e+01
    endloop
  endfacet
  facet normal 6.703848e-01 0.000000e+00 -7.420136e-01
    outer loop
      vertex   1.831790e+01 6.525000e+01 -1.212343e+01
      vertex   1.825963e+01 6.575000e+01 -1.217608e+01
      vertex   1.831790e+01 6.575000e+01 -1.212343e+01
    endloop
  endfacet
  facet normal 7.071068e-01 0.000000e+00 -7.071068e-01
    outer loop
      vertex   1.831790e+01 6.525000e+01 -1.212343e+01
      vertex   1.831790e+01 6.575000e+01 -1.212343e+01
      vertex   1.837343e+01 6.525000e+01 -1.206790e+01
    endloop
  endfacet
  facet normal 7.071068e-01 0.000000e+00 -7.071068e-01
    outer loop
      vertex   1.837343e+01 6.525000e+01 -1.206790e+01
      vertex   1.831790e+01 6.575000e+01 -1.212343e+01
      vertex   1.837343e+01 6.575000e+01 -1.206790e+01
    endloop
  endfacet
  facet normal 7.420136e-01 0.000000e+00 -6.703848e-01
    outer loop
      vertex   1.837343e+01 6.525000e+01 -1.206790e+01
      vertex   1.837343e+01 6.575000e+01 -1.206790e+01
      vertex   1.842608e+01 6.525000e+01 -1.200963e+01
    endloop
  endfacet
  facet normal 7.420136e-01 0.000000e+00 -6.703848e-01
    outer loop
      vertex   1.842608e+01 6.525000e+01 -1.200963e+01
      vertex   1.837343e+01 6.575000e+01 -1.206790e+01
      vertex   1.842608e+01 6.575000e+01 -1.200963e+01
    endloop
  endfacet
  facet normal 7.750157e-01 0.000000e+00 -6.319420e-01
    outer loop
      vertex   1.842608e+01 6.525000e+01 -1.200963e+01
      vertex   1.842608e+01 6.575000e+01 -1.200963e+01
      vertex   1.847570e+01 6.525000e+01 -1.194876e+01
    endloop
  endfacet
  facet normal 7.750157e-01 0.000000e+00 -6.319420e-01
    outer loop
      vertex   1.847570e+01 6.525000e+01 -1.194876e+01
      vertex   1.842608e+01 6.575000e+01 -1.200963e+01
      vertex   1.847570e+01 6.575000e+01 -1.194876e+01
    endloop
  endfacet
  facet normal 8.060283e-01 0.000000e+00 -5.918770e-01
    outer loop
      vertex   1.847570e+01 6.525000e+01 -1.194876e+01
      vertex   1.847570e+01 6.575000e+01 -1.194876e+01
      vertex   1.852218e+01 6.525000e+01 -1.188547e+01
    endloop
  endfacet
  facet normal 8.060283e-01 0.000000e+00 -5.918770e-01
    outer loop
      vertex   1.852218e+01 6.525000e+01 -1.188547e+01
      vertex   1.847570e+01 6.575000e+01 -1.194876e+01
      vertex   1.852218e+01 6.575000e+01 -1.188547e+01
    endloop
  endfacet
  facet normal 8.349718e-01 0.000000e+00 -5.502927e-01
    outer loop
      vertex   1.852218e+01 6.525000e+01 -1.188547e+01
      vertex   1.852218e+01 6.575000e+01 -1.188547e+01
      vertex   1.856540e+01 6.525000e+01 -1.181989e+01
    endloop
  endfacet
  facet normal 8.349718e-01 0.000000e+00 -5.502927e-01
    outer loop
      vertex   1.856540e+01 6.525000e+01 -1.181989e+01
      vertex   1.852218e+01 6.575000e+01 -1.188547e+01
      vertex   1.856540e+01 6.575000e+01 -1.181989e+01
    endloop
  endfacet
  facet normal 8.617720e-01 0.000000e+00 -5.072958e-01
    outer loop
      vertex   1.856540e+01 6.525000e+01 -1.181989e+01
      vertex   1.856540e+01 6.575000e+01 -1.181989e+01
      vertex   1.860524e+01 6.525000e+01 -1.175222e+01
    endloop
  endfacet
  facet normal 8.617720e-01 0.000000e+00 -5.072958e-01
    outer loop
      vertex   1.860524e+01 6.525000e+01 -1.175222e+01
      vertex   1.856540e+01 6.575000e+01 -1.181989e+01
      vertex   1.860524e+01 6.575000e+01 -1.175222e+01
    endloop
  endfacet
  facet normal 8.863600e-01 0.000000e+00 -4.629966e-01
    outer loop
      vertex   1.860524e+01 6.525000e+01 -1.175222e+01
      vertex   1.860524e+01 6.575000e+01 -1.175222e+01
      vertex   1.864160e+01 6.525000e+01 -1.168261e+01
    endloop
  endfacet
  facet normal 8.863600e-01 0.000000e+00 -4.629966e-01
    outer loop
      vertex   1.864160e+01 6.525000e+01 -1.168261e+01
      vertex   1.860524e+01 6.575000e+01 -1.175222e+01
      vertex   1.864160e+01 6.575000e+01 -1.168261e+01
    endloop
  endfacet
  facet normal 9.086728e-01 0.000000e+00 -4.175090e-01
    outer loop
      vertex   1.864160e+01 6.525000e+01 -1.168261e+01
      vertex   1.864160e+01 6.575000e+01 -1.168261e+01
      vertex   1.867438e+01 6.525000e+01 -1.161125e+01
    endloop
  endfacet
  facet normal 9.086728e-01 0.000000e+00 -4.175090e-01
    outer loop
      vertex   1.867438e+01 6.525000e+01 -1.161125e+01
      vertex   1.864160e+01 6.575000e+01 -1.168261e+01
      vertex   1.867438e+01 6.575000e+01 -1.161125e+01
    endloop
  endfacet
  facet normal 9.286530e-01 0.000000e+00 -3.709496e-01
    outer loop
      vertex   1.867438e+01 6.525000e+01 -1.161125e+01
      vertex   1.867438e+01 6.575000e+01 -1.161125e+01
      vertex   1.870352e+01 6.525000e+01 -1.153832e+01
    endloop
  endfacet
  facet normal 9.286530e-01 0.000000e+00 -3.709496e-01
    outer loop
      vertex   1.870352e+01 6.525000e+01 -1.153832e+01
      vertex   1.867438e+01 6.575000e+01 -1.161125e+01
      vertex   1.870352e+01 6.575000e+01 -1.153832e+01
    endloop
  endfacet
  facet normal 9.462494e-01 0.000000e+00 -3.234380e-01
    outer loop
      vertex   1.870352e+01 6.525000e+01 -1.153832e+01
      vertex   1.870352e+01 6.575000e+01 -1.153832e+01
      vertex   1.872892e+01 6.525000e+01 -1.146401e+01
    endloop
  endfacet
  facet normal 9.462494e-01 0.000000e+00 -3.234380e-01
    outer loop
      vertex   1.872892e+01 6.525000e+01 -1.146401e+01
      vertex   1.870352e+01 6.575000e+01 -1.153832e+01
      vertex   1.872892e+01 6.575000e+01 -1.146401e+01
    endloop
  endfacet
  facet normal 9.614167e-01 0.000000e+00 -2.750961e-01
    outer loop
      vertex   1.872892e+01 6.525000e+01 -1.146401e+01
      vertex   1.872892e+01 6.575000e+01 -1.146401e+01
      vertex   1.875052e+01 6.525000e+01 -1.138851e+01
    endloop
  endfacet
  facet normal 9.614167e-01 0.000000e+00 -2.750961e-01
    outer loop
      vertex   1.875052e+01 6.525000e+01 -1.138851e+01
      vertex   1.872892e+01 6.575000e+01 -1.146401e+01
      vertex   1.875052e+01 6.575000e+01 -1.138851e+01
    endloop
  endfacet
  facet normal 9.741161e-01 0.000000e+00 -2.260481e-01
    outer loop
      vertex   1.875052e+01 6.525000e+01 -1.138851e+01
      vertex   1.875052e+01 6.575000e+01 -1.138851e+01
      vertex   1.876827e+01 6.525000e+01 -1.131201e+01
    endloop
  endfacet
  facet normal 9.741161e-01 0.000000e+00 -2.260481e-01
    outer loop
      vertex   1.876827e+01 6.525000e+01 -1.131201e+01
      vertex   1.875052e+01 6.575000e+01 -1.138851e+01
      vertex   1.876827e+01 6.575000e+01 -1.131201e+01
    endloop
  endfacet
  facet normal 9.843150e-01 0.000000e+00 -1.764198e-01
    outer loop
      vertex   1.876827e+01 6.525000e+01 -1.131201e+01
      vertex   1.876827e+01 6.575000e+01 -1.131201e+01
      vertex   1.878213e+01 6.525000e+01 -1.123471e+01
    endloop
  endfacet
  facet normal 9.843150e-01 0.000000e+00 -1.764198e-01
    outer loop
      vertex   1.878213e+01 6.525000e+01 -1.123471e+01
      vertex   1.876827e+01 6.575000e+01 -1.131201e+01
      vertex   1.878213e+01 6.575000e+01 -1.123471e+01
    endloop
  endfacet
  facet normal 9.919872e-01 0.000000e+00 -1.263386e-01
    outer loop
      vertex   1.878213e+01 6.525000e+01 -1.123471e+01
      vertex   1.878213e+01 6.575000e+01 -1.123471e+01
      vertex   1.879205e+01 6.525000e+01 -1.115681e+01
    endloop
  endfacet
  facet normal 9.919872e-01 0.000000e+00 -1.263386e-01
    outer loop
      vertex   1.879205e+01 6.525000e+01 -1.115681e+01
      vertex   1.878213e+01 6.575000e+01 -1.123471e+01
      vertex   1.879205e+01 6.575000e+01 -1.115681e+01
    endloop
  endfacet
  facet normal 9.971129e-01 0.000000e+00 -7.593311e-02
    outer loop
      vertex   1.879205e+01 6.525000e+01 -1.115681e+01
      vertex   1.879205e+01 6.575000e+01 -1.115681e+01
      vertex   1.879801e+01 6.525000e+01 -1.107851e+01
    endloop
  endfacet
  facet normal 9.971129e-01 0.000000e+00 -7.593311e-02
    outer loop
      vertex   1.879801e+01 6.525000e+01 -1.107851e+01
      vertex   1.879205e+01 6.575000e+01 -1.115681e+01
      vertex   1.879801e+01 6.575000e+01 -1.107851e+01
    endloop
  endfacet
  facet normal 9.996791e-01 0.000000e+00 -2.533271e-02
    outer loop
      vertex   1.879801e+01 6.525000e+01 -1.107851e+01
      vertex   1.879801e+01 6.575000e+01 -1.107851e+01
      vertex   1.880000e+01 6.525000e+01 -1.100000e+01
    endloop
  endfacet
  facet normal 9.996791e-01 0.000000e+00 -2.533271e-02
    outer loop
      vertex   1.880000e+01 6.525000e+01 -1.100000e+01
      vertex   1.879801e+01 6.575000e+01 -1.107851e+01
      vertex   1.880000e+01 6.575000e+01 -1.100000e+01
    endloop
  endfacet
  facet normal 0.000000e+00 -1.000000e+00 0.000000e+00
    outer loop
      vertex   1.425000e+01 6.525000e+01 -1.255000e+01
      vertex   1.725000e+01 6.525000e+01 -1.255000e+01
      vertex   1.417149e+01 6.525000e+01 -1.254801e+01
    endloop
  endfacet
  facet normal 0.000000e+00 -1.000000e+00 0.000000e+00
    outer loop
      vertex   1.417149e+01 6.525000e+01 -1.254801e+01
      vertex   1.725000e+01 6.525000e+01 -1.255000e+01
      vertex   1.732851e+01 6.525000e+01 -1.254801e+01
    endloop
  endfacet
  facet normal 0.000000e+00 -1.000000e+00 0.000000e+00
    outer loop
      vertex   1.417149e+01 6.525000e+01 -1.254801e+01
      vertex   1.732851e+01 6.525000e+01 -1.254801e+01
      vertex   1.409319e+01 6.525000e+01 -1.254205e+01
    endloop
  endfacet
  facet normal 0.000000e+00 -1.000000e+00 0.000000e+00
    outer loop
      vertex   1.409319e+01 6.525000e+01 -1.254205e+01
      vertex   1.732851e+01 6.525000e+01 -1.254801e+01
      vertex   1.740681e+01 6.525000e+01 -1.254205e+01
    endloop
  endfacet
  facet normal 0.000000e+00 -1.000000e+00 0.000000e+00
    outer loop
      vertex   1.409319e+01 6.525000e+01 -1.254205e+01
      vertex   1.740681e+01 6.525000e+01 -1.254205e+01
      vertex   1.401529e+01 6.525000e+01 -1.253213e+01
    endloop
  endfacet
  facet normal 0.000000e+00 -1.000000e+00 0.000000e+00
    outer loop
      vertex   1.401529e+01 6.525000e+01 -1.253213e+01
      vertex   1.740681e+01 6.525000e+01 -1.254205e+01
      vertex   1.748471e+01 6.525000e+01 -1.253213e+01
    endloop
  endfacet
  facet normal 0.000000e+00 -1.000000e+00 0.000000e+00
    outer loop
      vertex   1.401529e+01 6.525000e+01 -1.253213e+01
      vertex   1.748471e+01 6.525000e+01 -1.253213e+01
      vertex   1.393799e+01 6.525000e+01 -1.251827e+01
    endloop
  endfacet
  facet normal 0.000000e+00 -1.000000e+00 0.000000e+00
    outer loop
      vertex   1.393799e+01 6.525000e+01 -1.251827e+01
      vertex   1.748471e+01 6.525000e+01 -1.253213e+01
      vertex   1.756201e+01 6.525000e+01 -1.251827e+01
    endloop
  endfacet
  facet normal 0.000000e+00 -1.000000e+00 0.000000e+00
    outer loop
      vertex   1.393799e+01 6.525000e+01 -1.251827e+01
      vertex   1.756201e+01 6.525000e+01 -1.251827e+01
      vertex   1.386149e+01 6.525000e+01 -1.250052e+01
    endloop
  endfacet
  facet normal 0.000000e+00 -1.000000e+00 0.000000e+00
    outer loop
      vertex   1.386149e+01 6.525000e+01 -1.250052e+01
      vertex   1.756201e+01 6.525000e+01 -1.251827e+01
      vertex   1.763851e+01 6.525000e+01 -1.250052e+01
    endloop
  endfacet
  facet normal 0.000000e+00 -1.000000e+00 0.000000e+00
    outer loop
      vertex   1.386149e+01 6.525000e+01 -1.250052e+01
      vertex   1.763851e+01 6.525000e+01 -1.250052e+01
      vertex   1.378599e+01 6.525000e+01 -1.247892e+01
    endloop
  endfacet
  facet normal 0.000000e+00 -1.000000e+00 0.000000e+00
    outer loop
      vertex   1.378599e+01 6.525000e+01 -1.247892e+01
      vertex   1.763851e+01 6.525000e+01 -1.250052e+01
      vertex   1.771401e+01 6.525000e+01 -1.247892e+01
    endloop
  endfacet
  facet normal 0.000000e+00 -1.000000e+00 0.000000e+00
    outer loop
      vertex   1.378599e+01 6.525000e+01 -1.247892e+01
      vertex   1.771401e+01 6.525000e+01 -1.247892e+01
      vertex   1.371168e+01 6.525000e+01 -1.245352e+01
    endloop
  endfacet
  facet normal 0.000000e+00 -1.000000e+00 0.000000e+00
    outer loop
      vertex   1.371168e+01 6.525000e+01 -1.245352e+01
      vertex   1.771401e+01 6.525000e+01 -1.247892e+01
      vertex   1.778832e+01 6.525000e+01 -1.245352e+01
    endloop
  endfacet
  facet normal 0.000000e+00 -1.000000e+00 0.000000e+00
    outer loop
      vertex   1.371168e+01 6.525000e+01 -1.245352e+01
      vertex   1.778832e+01 6.525000e+01 -1.245352e+01
      vertex   1.363875e+01 6.525000e+01 -1.242438e+01
    endloop
  endfacet
  facet normal 0.000000e+00 -1.000000e+00 0.000000e+00
    outer loop
      vertex   1.363875e+01 6.525000e+01 -1.242438e+01
      vertex   1.778832e+01 6.525000e+01 -1.245352e+01
      vertex   1.786125e+01 6.525000e+01 -1.242438e+01
    endloop
  endfacet
  facet normal 0.000000e+00 -1.000000e+00 0.000000e+00
    outer loop
      vertex   1.363875e+01 6.525000e+01 -1.242438e+01
      vertex   1.786125e+01 6.525000e+01 -1.242438e+01
      vertex   1.880000e+01 6.525000e+01 -1.100000e+01
    endloop
  endfacet
  facet normal 0.000000e+00 -1.000000e+00 0.000000e+00
    outer loop
      vertex   1.880000e+01 6.525000e+01 -1.100000e+01
      vertex   1.786125e+01 6.525000e+01 -1.242438e+01
      vertex   1.879801e+01 6.525000e+01 -1.107851e+01
    endloop
  endfacet
  facet normal 0.000000e+00 -1.000000e+00 0.000000e+00
    outer loop
      vertex   1.879801e+01 6.525000e+01 -1.107851e+01
      vertex   1.786125e+01 6.525000e+01 -1.242438e+01
      vertex   1.879205e+01 6.525000e+01 -1.115681e+01
    endloop
  endfacet
  facet normal 0.000000e+00 -1.000000e+00 0.000000e+00
    outer loop
      vertex   1.879205e+01 6.525000e+01 -1.115681e+01
      vertex   1.786125e+01 6.525000e+01 -1.242438e+01
      vertex   1.878213e+01 6.525000e+01 -1.123471e+01
    endloop
  endfacet
  facet normal 0.000000e+00 -1.000000e+00 0.000000e+00
    outer loop
      vertex   1.878213e+01 6.525000e+01 -1.123471e+01
      vertex   1.786125e+01 6.525000e+01 -1.242438e+01
      vertex   1.876827e+01 6.525000e+01 -1.131201e+01
    endloop
  endfacet
  facet normal 0.000000e+00 -1.000000e+00 0.000000e+00
    outer loop
      vertex   1.876827e+01 6.525000e+01 -1.131201e+01
      vertex   1.786125e+01 6.525000e+01 -1.242438e+01
      vertex   1.875052e+01 6.525000e+01 -1.138851e+01
    endloop
  endfacet
  facet normal 0.000000e+00 -1.000000e+00 0.000000e+00
    outer loop
      vertex   1.875052e+01 6.525000e+01 -1.138851e+01
      vertex   1.786125e+01 6.525000e+01 -1.242438e+01
      vertex   1.872892e+01 6.525000e+01 -1.146401e+01
    endloop
  endfacet
  facet normal 0.000000e+00 -1.000000e+00 0.000000e+00
    outer loop
      vertex   1.872892e+01 6.525000e+01 -1.146401e+01
      vertex   1.786125e+01 6.525000e+01 -1.242438e+01
      vertex   1.870352e+01 6.525000e+01 -1.153832e+01
    endloop
  endfacet
  facet normal 0.000000e+00 -1.000000e+00 0.000000e+00
    outer loop
      vertex   1.870352e+01 6.525000e+01 -1.153832e+01
      vertex   1.786125e+01 6.525000e+01 -1.242438e+01
      vertex   1.867438e+01 6.525000e+01 -1.161125e+01
    endloop
  endfacet
  facet normal 0.000000e+00 -1.000000e+00 0.000000e+00
    outer loop
      vertex   1.867438e+01 6.525000e+01 -1.161125e+01
      vertex   1.786125e+01 6.525000e+01 -1.242438e+01
      vertex   1.864160e+01 6.525000e+01 -1.168261e+01
    endloop
  endfacet
  facet normal 0.000000e+00 -1.000000e+00 0.000000e+00
    outer loop
      vertex   1.864160e+01 6.525000e+01 -1.168261e+01
      vertex   1.786125e+01 6.525000e+01 -1.242438e+01
      vertex   1.860524e+01 6.525000e+01 -1.175222e+01
    endloop
  endfacet
  facet normal 0.000000e+00 -1.000000e+00 0.000000e+00
    outer loop
      vertex   1.860524e+01 6.525000e+01 -1.175222e+01
      vertex   1.786125e+01 6.525000e+01 -1.242438e+01
      vertex   1.856540e+01 6.525000e+01 -1.181989e+01
    endloop
  endfacet
  facet normal 0.000000e+00 -1.000000e+00 0.000000e+00
    outer loop
      vertex   1.856540e+01 6.525000e+01 -1.181989e+01
      vertex   1.786125e+01 6.525000e+01 -1.242438e+01
      vertex   1.852218e+01 6.525000e+01 -1.188547e+01
    endloop
  endfacet
  facet normal 0.000000e+00 -1.000000e+00 0.000000e+00
    outer loop
      vertex   1.852218e+01 6.525000e+01 -1.188547e+01
      vertex   1.786125e+01 6.525000e+01 -1.242438e+01
      vertex   1.847570e+01 6.525000e+01 -1.194876e+01
    endloop
  endfacet
  facet normal 0.000000e+00 -1.000000e+00 0.000000e+00
    outer loop
      vertex   1.847570e+01 6.525000e+01 -1.194876e+01
      vertex   1.786125e+01 6.525000e+01 -1.242438e+01
      vertex   1.842608e+01 6.525000e+01 -1.200963e+01
    endloop
  endfacet
  facet normal 0.000000e+00 -1.000000e+00 0.000000e+00
    outer loop
      vertex   1.842608e+01 6.525000e+01 -1.200963e+01
      vertex   1.786125e+01 6.525000e+01 -1.242438e+01
      vertex   1.837343e+01 6.525000e+01 -1.206790e+01
    endloop
  endfacet
  facet normal 0.000000e+00 -1.000000e+00 0.000000e+00
    outer loop
      vertex   1.837343e+01 6.525000e+01 -1.206790e+01
      vertex   1.786125e+01 6.525000e+01 -1.242438e+01
      vertex   1.831790e+01 6.525000e+01 -1.212343e+01
    endloop
  endfacet
  facet normal 0.000000e+00 -1.000000e+00 0.000000e+00
    outer loop
      vertex   1.831790e+01 6.525000e+01 -1.212343e+01
      vertex   1.786125e+01 6.525000e+01 -1.242438e+01
      vertex   1.825963e+01 6.525000e+01 -1.217608e+01
    endloop
  endfacet
  facet normal 0.000000e+00 -1.000000e+00 0.000000e+00
    outer loop
      vertex   1.825963e+01 6.525000e+01 -1.217608e+01
      vertex   1.786125e+01 6.525000e+01 -1.242438e+01
      vertex   1.819876e+01 6.525000e+01 -1.222570e+01
    endloop
  endfacet
  facet normal 0.000000e+00 -1.000000e+00 0.000000e+00
    outer loop
      vertex   1.819876e+01 6.525000e+01 -1.222570e+01
      vertex   1.786125e+01 6.525000e+01 -1.242438e+01
      vertex   1.813547e+01 6.525000e+01 -1.227218e+01
    endloop
  endfacet
  facet normal 0.000000e+00 -1.000000e+00 0.000000e+00
    outer loop
      vertex   1.813547e+01 6.525000e+01 -1.227218e+01
      vertex   1.786125e+01 6.525000e+01 -1.242438e+01
      vertex   1.806989e+01 6.525000e+01 -1.231540e+01
    endloop
  endfacet
  facet normal 0.000000e+00 -1.000000e+00 0.000000e+00
    outer loop
      vertex   1.806989e+01 6.525000e+01 -1.231540e+01
      vertex   1.786125e+01 6.525000e+01 -1.242438e+01
      vertex   1.800222e+01 6.525000e+01 -1.235524e+01
    endloop
  endfacet
  facet normal 0.000000e+00 -1.000000e+00 0.000000e+00
    outer loop
      vertex   1.800222e+01 6.525000e+01 -1.235524e+01
      vertex   1.786125e+01 6.525000e+01 -1.242438e+01
      vertex   1.793261e+01 6.525000e+01 -1.239160e+01
    endloop
  endfacet
  facet normal -0.000000e+00 -1.000000e+00 -0.000000e+00
    outer loop
      vertex   1.880000e+01 6.525000e+01 -1.000000e+01
      vertex   1.270000e+01 6.525000e+01 -1.000000e+01
      vertex   1.880000e+01 6.525000e+01 -1.100000e+01
    endloop
  endfacet
  facet normal 0.000000e+00 -1.000000e+00 0.000000e+00
    outer loop
      vertex   1.880000e+01 6.525000e+01 -1.100000e+01
      vertex   1.270000e+01 6.525000e+01 -1.000000e+01
      vertex   1.270000e+01 6.525000e+01 -1.100000e+01
    endloop
  endfacet
  facet normal -0.000000e+00 -1.000000e+00 0.000000e+00
    outer loop
      vertex   1.880000e+01 6.525000e+01 -1.100000e+01
      vertex   1.270000e+01 6.525000e+01 -1.100000e+01
      vertex   1.363875e+01 6.525000e+01 -1.242438e+01
    endloop
  endfacet
  facet normal 0.000000e+00 -1.000000e+00 0.000000e+00
    outer loop
      vertex   1.363875e+01 6.525000e+01 -1.242438e+01
      vertex   1.270000e+01 6.525000e+01 -1.100000e+01
      vertex   1.270199e+01 6.525000e+01 -1.107851e+01
    endloop
  endfacet
  facet normal 0.000000e+00 -1.000000e+00 0.000000e+00
    outer loop
      vertex   1.363875e+01 6.525000e+01 -1.242438e+01
      vertex   1.270199e+01 6.525000e+01 -1.107851e+01
      vertex   1.270795e+01 6.525000e+01 -1.115681e+01
    endloop
  endfacet
  facet normal -0.000000e+00 -1.000000e+00 -0.000000e+00
    outer loop
      vertex   1.879801e+01 6.525000e+01 -9.921494e+00
      vertex   1.725000e+01 6.525000e+01 -8.450000e+00
      vertex   1.880000e+01 6.525000e+01 -1.000000e+01
    endloop
  endfacet
  facet normal 0.000000e+00 -1.000000e+00 0.000000e+00
    outer loop
      vertex   1.880000e+01 6.525000e+01 -1.000000e+01
      vertex   1.725000e+01 6.525000e+01 -8.450000e+00
      vertex   1.425000e+01 6.525000e+01 -8.450000e+00
    endloop
  endfacet
  facet normal 0.000000e+00 -1.000000e+00 0.000000e+00
    outer loop
      vertex   1.880000e+01 6.525000e+01 -1.000000e+01
      vertex   1.425000e+01 6.525000e+01 -8.450000e+00
      vertex   1.270000e+01 6.525000e+01 -1.000000e+01
    endloop
  endfacet
  facet normal 0.000000e+00 -1.000000e+00 0.000000e+00
    outer loop
      vertex   1.270000e+01 6.525000e+01 -1.000000e+01
      vertex   1.425000e+01 6.525000e+01 -8.450000e+00
      vertex   1.270199e+01 6.525000e+01 -9.921494e+00
    endloop
  endfacet
  facet normal 0.000000e+00 -1.000000e+00 0.000000e+00
    outer loop
      vertex   1.270199e+01 6.525000e+01 -9.921494e+00
      vertex   1.425000e+01 6.525000e+01 -8.450000e+00
      vertex   1.270795e+01 6.525000e+01 -9.843189e+00
    endloop
  endfacet
  facet normal 0.000000e+00 -1.000000e+00 0.000000e+00
    outer loop
      vertex   1.270795e+01 6.525000e+01 -9.843189e+00
      vertex   1.425000e+01 6.525000e+01 -8.450000e+00
      vertex   1.271787e+01 6.525000e+01 -9.765287e+00
    endloop
  endfacet
  facet normal 0.000000e+00 -1.000000e+00 0.000000e+00
    outer loop
      vertex   1.271787e+01 6.525000e+01 -9.765287e+00
      vertex   1.425000e+01 6.525000e+01 -8.450000e+00
      vertex   1.273173e+01 6.525000e+01 -9.687987e+00
    endloop
  endfacet
  facet normal 0.000000e+00 -1.000000e+00 0.000000e+00
    outer loop
      vertex   1.273173e+01 6.525000e+01 -9.687987e+00
      vertex   1.425000e+01 6.525000e+01 -8.450000e+00
      vertex   1.274948e+01 6.525000e+01 -9.611489e+00
    endloop
  endfacet
  facet normal 0.000000e+00 -1.000000e+00 0.000000e+00
    outer loop
      vertex   1.274948e+01 6.525000e+01 -9.611489e+00
      vertex   1.425000e+01 6.525000e+01 -8.450000e+00
      vertex   1.277108e+01 6.525000e+01 -9.535987e+00
    endloop
  endfacet
  facet normal 0.000000e+00 -1.000000e+00 0.000000e+00
    outer loop
      vertex   1.277108e+01 6.525000e+01 -9.535987e+00
      vertex   1.425000e+01 6.525000e+01 -8.450000e+00
      vertex   1.279648e+01 6.525000e+01 -9.461677e+00
    endloop
  endfacet
  facet normal 0.000000e+00 -1.000000e+00 0.000000e+00
    outer loop
      vertex   1.279648e+01 6.525000e+01 -9.461677e+00
      vertex   1.425000e+01 6.525000e+01 -8.450000e+00
      vertex   1.282562e+01 6.525000e+01 -9.388748e+00
    endloop
  endfacet
  facet normal 0.000000e+00 -1.000000e+00 0.000000e+00
    outer loop
      vertex   1.282562e+01 6.525000e+01 -9.388748e+00
      vertex   1.425000e+01 6.525000e+01 -8.450000e+00
      vertex   1.285840e+01 6.525000e+01 -9.317389e+00
    endloop
  endfacet
  facet normal 0.000000e+00 -1.000000e+00 0.000000e+00
    outer loop
      vertex   1.285840e+01 6.525000e+01 -9.317389e+00
      vertex   1.425000e+01 6.525000e+01 -8.450000e+00
      vertex   1.289476e+01 6.525000e+01 -9.247782e+00
    endloop
  endfacet
  facet normal 0.000000e+00 -1.000000e+00 0.000000e+00
    outer loop
      vertex   1.289476e+01 6.525000e+01 -9.247782e+00
      vertex   1.425000e+01 6.525000e+01 -8.450000e+00
      vertex   1.293460e+01 6.525000e+01 -9.180106e+00
    endloop
  endfacet
  facet normal 0.000000e+00 -1.000000e+00 0.000000e+00
    outer loop
      vertex   1.293460e+01 6.525000e+01 -9.180106e+00
      vertex   1.425000e+01 6.525000e+01 -8.450000e+00
      vertex   1.297782e+01 6.525000e+01 -9.114534e+00
    endloop
  endfacet
  facet normal 0.000000e+00 -1.000000e+00 0.000000e+00
    outer loop
      vertex   1.297782e+01 6.525000e+01 -9.114534e+00
      vertex   1.425000e+01 6.525000e+01 -8.450000e+00
      vertex   1.302430e+01 6.525000e+01 -9.051236e+00
    endloop
  endfacet
  facet normal 0.000000e+00 -1.000000e+00 0.000000e+00
    outer loop
      vertex   1.302430e+01 6.525000e+01 -9.051236e+00
      vertex   1.425000e+01 6.525000e+01 -8.450000e+00
      vertex   1.307392e+01 6.525000e+01 -8.990373e+00
    endloop
  endfacet
  facet normal 0.000000e+00 -1.000000e+00 0.000000e+00
    outer loop
      vertex   1.307392e+01 6.525000e+01 -8.990373e+00
      vertex   1.425000e+01 6.525000e+01 -8.450000e+00
      vertex   1.312657e+01 6.525000e+01 -8.932101e+00
    endloop
  endfacet
  facet normal 0.000000e+00 -1.000000e+00 0.000000e+00
    outer loop
      vertex   1.312657e+01 6.525000e+01 -8.932101e+00
      vertex   1.425000e+01 6.525000e+01 -8.450000e+00
      vertex   1.318210e+01 6.525000e+01 -8.876571e+00
    endloop
  endfacet
  facet normal 0.000000e+00 -1.000000e+00 0.000000e+00
    outer loop
      vertex   1.318210e+01 6.525000e+01 -8.876571e+00
      vertex   1.425000e+01 6.525000e+01 -8.450000e+00
      vertex   1.324037e+01 6.525000e+01 -8.823925e+00
    endloop
  endfacet
  facet normal 0.000000e+00 -1.000000e+00 0.000000e+00
    outer loop
      vertex   1.324037e+01 6.525000e+01 -8.823925e+00
      vertex   1.425000e+01 6.525000e+01 -8.450000e+00
      vertex   1.330124e+01 6.525000e+01 -8.774298e+00
    endloop
  endfacet
  facet normal 0.000000e+00 -1.000000e+00 0.000000e+00
    outer loop
      vertex   1.330124e+01 6.525000e+01 -8.774298e+00
      vertex   1.425000e+01 6.525000e+01 -8.450000e+00
      vertex   1.336453e+01 6.525000e+01 -8.727817e+00
    endloop
  endfacet
  facet normal 0.000000e+00 -1.000000e+00 0.000000e+00
    outer loop
      vertex   1.336453e+01 6.525000e+01 -8.727817e+00
      vertex   1.425000e+01 6.525000e+01 -8.450000e+00
      vertex   1.343011e+01 6.525000e+01 -8.684601e+00
    endloop
  endfacet
  facet normal 0.000000e+00 -1.000000e+00 0.000000e+00
    outer loop
      vertex   1.343011e+01 6.525000e+01 -8.684601e+00
      vertex   1.425000e+01 6.525000e+01 -8.450000e+00
      vertex   1.349778e+01 6.525000e+01 -8.644763e+00
    endloop
  endfacet
  facet normal 0.000000e+00 -1.000000e+00 0.000000e+00
    outer loop
      vertex   1.349778e+01 6.525000e+01 -8.644763e+00
      vertex   1.425000e+01 6.525000e+01 -8.450000e+00
      vertex   1.356739e+01 6.525000e+01 -8.608403e+00
    endloop
  endfacet
  facet normal 0.000000e+00 -1.000000e+00 0.000000e+00
    outer loop
      vertex   1.356739e+01 6.525000e+01 -8.608403e+00
      vertex   1.425000e+01 6.525000e+01 -8.450000e+00
      vertex   1.363875e+01 6.525000e+01 -8.575615e+00
    endloop
  endfacet
  facet normal 0.000000e+00 -1.000000e+00 0.000000e+00
    outer loop
      vertex   1.363875e+01 6.525000e+01 -8.575615e+00
      vertex   1.425000e+01 6.525000e+01 -8.450000e+00
      vertex   1.371168e+01 6.525000e+01 -8.546484e+00
    endloop
  endfacet
  facet normal 0.000000e+00 -1.000000e+00 0.000000e+00
    outer loop
      vertex   1.371168e+01 6.525000e+01 -8.546484e+00
      vertex   1.425000e+01 6.525000e+01 -8.450000e+00
      vertex   1.378599e+01 6.525000e+01 -8.521084e+00
    endloop
  endfacet
  facet normal 0.000000e+00 -1.000000e+00 0.000000e+00
    outer loop
      vertex   1.378599e+01 6.525000e+01 -8.521084e+00
      vertex   1.425000e+01 6.525000e+01 -8.450000e+00
      vertex   1.386149e+01 6.525000e+01 -8.499480e+00
    endloop
  endfacet
  facet normal 0.000000e+00 -1.000000e+00 0.000000e+00
    outer loop
      vertex   1.386149e+01 6.525000e+01 -8.499480e+00
      vertex   1.425000e+01 6.525000e+01 -8.450000e+00
      vertex   1.393799e+01 6.525000e+01 -8.481729e+00
    endloop
  endfacet
  facet normal 0.000000e+00 -1.000000e+00 0.000000e+00
    outer loop
      vertex   1.393799e+01 6.525000e+01 -8.481729e+00
      vertex   1.425000e+01 6.525000e+01 -8.450000e+00
      vertex   1.401529e+01 6.525000e+01 -8.467874e+00
    endloop
  endfacet
  facet normal 0.000000e+00 -1.000000e+00 0.000000e+00
    outer loop
      vertex   1.401529e+01 6.525000e+01 -8.467874e+00
      vertex   1.425000e+01 6.525000e+01 -8.450000e+00
      vertex   1.409319e+01 6.525000e+01 -8.457953e+00
    endloop
  endfacet
  facet normal 0.000000e+00 -1.000000e+00 0.000000e+00
    outer loop
      vertex   1.409319e+01 6.525000e+01 -8.457953e+00
      vertex   1.425000e+01 6.525000e+01 -8.450000e+00
      vertex   1.417149e+01 6.525000e+01 -8.451989e+00
    endloop
  endfacet
  facet normal 0.000000e+00 -1.000000e+00 0.000000e+00
    outer loop
      vertex   1.879801e+01 6.525000e+01 -9.921494e+00
      vertex   1.879205e+01 6.525000e+01 -9.843189e+00
      vertex   1.725000e+01 6.525000e+01 -8.450000e+00
    endloop
  endfacet
  facet normal 0.000000e+00 -1.000000e+00 0.000000e+00
    outer loop
      vertex   1.725000e+01 6.525000e+01 -8.450000e+00
      vertex   1.879205e+01 6.525000e+01 -9.843189e+00
      vertex   1.878213e+01 6.525000e+01 -9.765287e+00
    endloop
  endfacet
  facet normal 0.000000e+00 -1.000000e+00 0.000000e+00
    outer loop
      vertex   1.725000e+01 6.525000e+01 -8.450000e+00
      vertex   1.878213e+01 6.525000e+01 -9.765287e+00
      vertex   1.876827e+01 6.525000e+01 -9.687987e+00
    endloop
  endfacet
  facet normal 0.000000e+00 -1.000000e+00 0.000000e+00
    outer loop
      vertex   1.876827e+01 6.525000e+01 -9.687987e+00
      vertex   1.875052e+01 6.525000e+01 -9.611489e+00
      vertex   1.725000e+01 6.525000e+01 -8.450000e+00
    endloop
  endfacet
  facet normal 0.000000e+00 -1.000000e+00 0.000000e+00
    outer loop
      vertex   1.725000e+01 6.525000e+01 -8.450000e+00
      vertex   1.875052e+01 6.525000e+01 -9.611489e+00
      vertex   1.872892e+01 6.525000e+01 -9.535987e+00
    endloop
  endfacet
  facet normal 0.000000e+00 -1.000000e+00 0.000000e+00
    outer loop
      vertex   1.725000e+01 6.525000e+01 -8.450000e+00
      vertex   1.872892e+01 6.525000e+01 -9.535987e+00
      vertex   1.870352e+01 6.525000e+01 -9.461677e+00
    endloop
  endfacet
  facet normal 0.000000e+00 -1.000000e+00 0.000000e+00
    outer loop
      vertex   1.870352e+01 6.525000e+01 -9.461677e+00
      vertex   1.867438e+01 6.525000e+01 -9.388748e+00
      vertex   1.725000e+01 6.525000e+01 -8.450000e+00
    endloop
  endfacet
  facet normal 0.000000e+00 -1.000000e+00 0.000000e+00
    outer loop
      vertex   1.725000e+01 6.525000e+01 -8.450000e+00
      vertex   1.867438e+01 6.525000e+01 -9.388748e+00
      vertex   1.864160e+01 6.525000e+01 -9.317389e+00
    endloop
  endfacet
  facet normal 0.000000e+00 -1.000000e+00 0.000000e+00
    outer loop
      vertex   1.725000e+01 6.525000e+01 -8.450000e+00
      vertex   1.864160e+01 6.525000e+01 -9.317389e+00
      vertex   1.860524e+01 6.525000e+01 -9.247782e+00
    endloop
  endfacet
  facet normal 0.000000e+00 -1.000000e+00 0.000000e+00
    outer loop
      vertex   1.860524e+01 6.525000e+01 -9.247782e+00
      vertex   1.856540e+01 6.525000e+01 -9.180106e+00
      vertex   1.725000e+01 6.525000e+01 -8.450000e+00
    endloop
  endfacet
  facet normal 0.000000e+00 -1.000000e+00 0.000000e+00
    outer loop
      vertex   1.725000e+01 6.525000e+01 -8.450000e+00
      vertex   1.856540e+01 6.525000e+01 -9.180106e+00
      vertex   1.852218e+01 6.525000e+01 -9.114534e+00
    endloop
  endfacet
  facet normal 0.000000e+00 -1.000000e+00 0.000000e+00
    outer loop
      vertex   1.725000e+01 6.525000e+01 -8.450000e+00
      vertex   1.852218e+01 6.525000e+01 -9.114534e+00
      vertex   1.847570e+01 6.525000e+01 -9.051236e+00
    endloop
  endfacet
  facet normal 0.000000e+00 -1.000000e+00 0.000000e+00
    outer loop
      vertex   1.847570e+01 6.525000e+01 -9.051236e+00
      vertex   1.842608e+01 6.525000e+01 -8.990373e+00
      vertex   1.725000e+01 6.525000e+01 -8.450000e+00
    endloop
  endfacet
  facet normal 0.000000e+00 -1.000000e+00 0.000000e+00
    outer loop
      vertex   1.725000e+01 6.525000e+01 -8.450000e+00
      vertex   1.842608e+01 6.525000e+01 -8.990373e+00
      vertex   1.837343e+01 6.525000e+01 -8.932101e+00
    endloop
  endfacet
  facet normal 0.000000e+00 -1.000000e+00 0.000000e+00
    outer loop
      vertex   1.725000e+01 6.525000e+01 -8.450000e+00
      vertex   1.837343e+01 6.525000e+01 -8.932101e+00
      vertex   1.831790e+01 6.525000e+01 -8.876571e+00
    endloop
  endfacet
  facet normal 0.000000e+00 -1.000000e+00 0.000000e+00
    outer loop
      vertex   1.831790e+01 6.525000e+01 -8.876571e+00
      vertex   1.825963e+01 6.525000e+01 -8.823925e+00
      vertex   1.725000e+01 6.525000e+01 -8.450000e+00
    endloop
  endfacet
  facet normal 0.000000e+00 -1.000000e+00 0.000000e+00
    outer loop
      vertex   1.725000e+01 6.525000e+01 -8.450000e+00
      vertex   1.825963e+01 6.525000e+01 -8.823925e+00
      vertex   1.819876e+01 6.525000e+01 -8.774298e+00
    endloop
  endfacet
  facet normal 0.000000e+00 -1.000000e+00 0.000000e+00
    outer loop
      vertex   1.725000e+01 6.525000e+01 -8.450000e+00
      vertex   1.819876e+01 6.525000e+01 -8.774298e+00
      vertex   1.813547e+01 6.525000e+01 -8.727817e+00
    endloop
  endfacet
  facet normal 0.000000e+00 -1.000000e+00 0.000000e+00
    outer loop
      vertex   1.813547e+01 6.525000e+01 -8.727817e+00
      vertex   1.806989e+01 6.525000e+01 -8.684601e+00
      vertex   1.725000e+01 6.525000e+01 -8.450000e+00
    endloop
  endfacet
  facet normal 0.000000e+00 -1.000000e+00 0.000000e+00
    outer loop
      vertex   1.725000e+01 6.525000e+01 -8.450000e+00
      vertex   1.806989e+01 6.525000e+01 -8.684601e+00
      vertex   1.800222e+01 6.525000e+01 -8.644763e+00
    endloop
  endfacet
  facet normal 0.000000e+00 -1.000000e+00 0.000000e+00
    outer loop
      vertex   1.725000e+01 6.525000e+01 -8.450000e+00
      vertex   1.800222e+01 6.525000e+01 -8.644763e+00
      vertex   1.793261e+01 6.525000e+01 -8.608403e+00
    endloop
  endfacet
  facet normal 0.000000e+00 -1.000000e+00 0.000000e+00
    outer loop
      vertex   1.793261e+01 6.525000e+01 -8.608403e+00
      vertex   1.786125e+01 6.525000e+01 -8.575615e+00
      vertex   1.725000e+01 6.525000e+01 -8.450000e+00
    endloop
  endfacet
  facet normal 0.000000e+00 -1.000000e+00 0.000000e+00
    outer loop
      vertex   1.725000e+01 6.525000e+01 -8.450000e+00
      vertex   1.786125e+01 6.525000e+01 -8.575615e+00
      vertex   1.778832e+01 6.525000e+01 -8.546484e+00
    endloop
  endfacet
  facet normal 0.000000e+00 -1.000000e+00 0.000000e+00
    outer loop
      vertex   1.725000e+01 6.525000e+01 -8.450000e+00
      vertex   1.778832e+01 6.525000e+01 -8.546484e+00
      vertex   1.771401e+01 6.525000e+01 -8.521084e+00
    endloop
  endfacet
  facet normal 0.000000e+00 -1.000000e+00 0.000000e+00
    outer loop
      vertex   1.771401e+01 6.525000e+01 -8.521084e+00
      vertex   1.763851e+01 6.525000e+01 -8.499480e+00
      vertex   1.725000e+01 6.525000e+01 -8.450000e+00
    endloop
  endfacet
  facet normal 0.000000e+00 -1.000000e+00 0.000000e+00
    outer loop
      vertex   1.725000e+01 6.525000e+01 -8.450000e+00
      vertex   1.763851e+01 6.525000e+01 -8.499480e+00
      vertex   1.756201e+01 6.525000e+01 -8.481729e+00
    endloop
  endfacet
  facet normal 0.000000e+00 -1.000000e+00 0.000000e+00
    outer loop
      vertex   1.725000e+01 6.525000e+01 -8.450000e+00
      vertex   1.756201e+01 6.525000e+01 -8.481729e+00
      vertex   1.748471e+01 6.525000e+01 -8.467874e+00
    endloop
  endfacet
  facet normal 0.000000e+00 -1.000000e+00 0.000000e+00
    outer loop
      vertex   1.748471e+01 6.525000e+01 -8.467874e+00
      vertex   1.740681e+01 6.525000e+01 -8.457953e+00
      vertex   1.725000e+01 6.525000e+01 -8.450000e+00
    endloop
  endfacet
  facet normal 0.000000e+00 -1.000000e+00 0.000000e+00
    outer loop
      vertex   1.725000e+01 6.525000e+01 -8.450000e+00
      vertex   1.740681e+01 6.525000e+01 -8.457953e+00
      vertex   1.732851e+01 6.525000e+01 -8.451989e+00
    endloop
  endfacet
  facet normal 0.000000e+00 -1.000000e+00 0.000000e+00
    outer loop
      vertex   1.270795e+01 6.525000e+01 -1.115681e+01
      vertex   1.271787e+01 6.525000e+01 -1.123471e+01
      vertex   1.363875e+01 6.525000e+01 -1.242438e+01
    endloop
  endfacet
  facet normal 0.000000e+00 -1.000000e+00 0.000000e+00
    outer loop
      vertex   1.363875e+01 6.525000e+01 -1.242438e+01
      vertex   1.271787e+01 6.525000e+01 -1.123471e+01
      vertex   1.273173e+01 6.525000e+01 -1.131201e+01
    endloop
  endfacet
  facet normal 0.000000e+00 -1.000000e+00 0.000000e+00
    outer loop
      vertex   1.363875e+01 6.525000e+01 -1.242438e+01
      vertex   1.273173e+01 6.525000e+01 -1.131201e+01
      vertex   1.274948e+01 6.525000e+01 -1.138851e+01
    endloop
  endfacet
  facet normal 0.000000e+00 -1.000000e+00 0.000000e+00
    outer loop
      vertex   1.274948e+01 6.525000e+01 -1.138851e+01
      vertex   1.277108e+01 6.525000e+01 -1.146401e+01
      vertex   1.363875e+01 6.525000e+01 -1.242438e+01
    endloop
  endfacet
  facet normal 0.000000e+00 -1.000000e+00 0.000000e+00
    outer loop
      vertex   1.363875e+01 6.525000e+01 -1.242438e+01
      vertex   1.277108e+01 6.525000e+01 -1.146401e+01
      vertex   1.279648e+01 6.525000e+01 -1.153832e+01
    endloop
  endfacet
  facet normal 0.000000e+00 -1.000000e+00 0.000000e+00
    outer loop
      vertex   1.363875e+01 6.525000e+01 -1.242438e+01
      vertex   1.279648e+01 6.525000e+01 -1.153832e+01
      vertex   1.282562e+01 6.525000e+01 -1.161125e+01
    endloop
  endfacet
  facet normal 0.000000e+00 -1.000000e+00 0.000000e+00
    outer loop
      vertex   1.282562e+01 6.525000e+01 -1.161125e+01
      vertex   1.285840e+01 6.525000e+01 -1.168261e+01
      vertex   1.363875e+01 6.525000e+01 -1.242438e+01
    endloop
  endfacet
  facet normal 0.000000e+00 -1.000000e+00 0.000000e+00
    outer loop
      vertex   1.363875e+01 6.525000e+01 -1.242438e+01
      vertex   1.285840e+01 6.525000e+01 -1.168261e+01
      vertex   1.289476e+01 6.525000e+01 -1.175222e+01
    endloop
  endfacet
  facet normal 0.000000e+00 -1.000000e+00 0.000000e+00
    outer loop
      vertex   1.363875e+01 6.525000e+01 -1.242438e+01
      vertex   1.289476e+01 6.525000e+01 -1.175222e+01
      vertex   1.293460e+01 6.525000e+01 -1.181989e+01
    endloop
  endfacet
  facet normal 0.000000e+00 -1.000000e+00 0.000000e+00
    outer loop
      vertex   1.293460e+01 6.525000e+01 -1.181989e+01
      vertex   1.297782e+01 6.525000e+01 -1.188547e+01
      vertex   1.363875e+01 6.525000e+01 -1.242438e+01
    endloop
  endfacet
  facet normal 0.000000e+00 -1.000000e+00 0.000000e+00
    outer loop
      vertex   1.363875e+01 6.525000e+01 -1.242438e+01
      vertex   1.297782e+01 6.525000e+01 -1.188547e+01
      vertex   1.302430e+01 6.525000e+01 -1.194876e+01
    endloop
  endfacet
  facet normal 0.000000e+00 -1.000000e+00 0.000000e+00
    outer loop
      vertex   1.363875e+01 6.525000e+01 -1.242438e+01
      vertex   1.302430e+01 6.525000e+01 -1.194876e+01
      vertex   1.307392e+01 6.525000e+01 -1.200963e+01
    endloop
  endfacet
  facet normal 0.000000e+00 -1.000000e+00 0.000000e+00
    outer loop
      vertex   1.307392e+01 6.525000e+01 -1.200963e+01
      vertex   1.312657e+01 6.525000e+01 -1.206790e+01
      vertex   1.363875e+01 6.525000e+01 -1.242438e+01
    endloop
  endfacet
  facet normal 0.000000e+00 -1.000000e+00 0.000000e+00
    outer loop
      vertex   1.363875e+01 6.525000e+01 -1.242438e+01
      vertex   1.312657e+01 6.525000e+01 -1.206790e+01
      vertex   1.318210e+01 6.525000e+01 -1.212343e+01
    endloop
  endfacet
  facet normal 0.000000e+00 -1.000000e+00 0.000000e+00
    outer loop
      vertex   1.363875e+01 6.525000e+01 -1.242438e+01
      vertex   1.318210e+01 6.525000e+01 -1.212343e+01
      vertex   1.324037e+01 6.525000e+01 -1.217608e+01
    endloop
  endfacet
  facet normal 0.000000e+00 -1.000000e+00 0.000000e+00
    outer loop
      vertex   1.324037e+01 6.525000e+01 -1.217608e+01
      vertex   1.330124e+01 6.525000e+01 -1.222570e+01
      vertex   1.363875e+01 6.525000e+01 -1.242438e+01
    endloop
  endfacet
  facet normal 0.000000e+00 -1.000000e+00 0.000000e+00
    outer loop
      vertex   1.363875e+01 6.525000e+01 -1.242438e+01
      vertex   1.330124e+01 6.525000e+01 -1.222570e+01
      vertex   1.336453e+01 6.525000e+01 -1.227218e+01
    endloop
  endfacet
  facet normal 0.000000e+00 -1.000000e+00 0.000000e+00
    outer loop
      vertex   1.363875e+01 6.525000e+01 -1.242438e+01
      vertex   1.336453e+01 6.525000e+01 -1.227218e+01
      vertex   1.343011e+01 6.525000e+01 -1.231540e+01
    endloop
  endfacet
  facet normal 0.000000e+00 -1.000000e+00 0.000000e+00
    outer loop
      vertex   1.343011e+01 6.525000e+01 -1.231540e+01
      vertex   1.349778e+01 6.525000e+01 -1.235524e+01
      vertex   1.363875e+01 6.525000e+01 -1.242438e+01
    endloop
  endfacet
  facet normal 0.000000e+00 -1.000000e+00 0.000000e+00
    outer loop
      vertex   1.363875e+01 6.525000e+01 -1.242438e+01
      vertex   1.349778e+01 6.525000e+01 -1.235524e+01
      vertex   1.356739e+01 6.525000e+01 -1.239160e+01
    endloop
  endfacet
  facet normal 1.000000e+00 0.000000e+00 -0.000000e+00
    outer loop
      vertex   1.800000e+01 7.050000e+01 -1.100000e+01
      vertex   1.800000e+01 7.050000e+01 -1.000000e+01
      vertex   1.800000e+01 6.575000e+01 -1.100000e+01
    endloop
  endfacet
  facet normal 1.000000e+00 0.000000e+00 0.000000e+00
    outer loop
      vertex   1.800000e+01 6.575000e+01 -1.100000e+01
      vertex   1.800000e+01 7.050000e+01 -1.000000e+01
      vertex   1.800000e+01 6.575000e+01 -1.000000e+01
    endloop
  endfacet
  facet normal 9.993628e-01 0.000000e+00 3.569233e-02
    outer loop
      vertex   1.800000e+01 7.050000e+01 -1.000000e+01
      vertex   1.799809e+01 6.765000e+01 -9.946496e+00
      vertex   1.800000e+01 6.575000e+01 -1.000000e+01
    endloop
  endfacet
  facet normal 9.993628e-01 0.000000e+00 3.569233e-02
    outer loop
      vertex   1.800000e+01 6.575000e+01 -1.000000e+01
      vertex   1.799809e+01 6.765000e+01 -9.946496e+00
      vertex   1.799809e+01 6.670000e+01 -9.946496e+00
    endloop
  endfacet
  facet normal 9.993628e-01 0.000000e+00 3.569233e-02
    outer loop
      vertex   1.800000e+01 6.575000e+01 -1.000000e+01
      vertex   1.799809e+01 6.670000e+01 -9.946496e+00
      vertex   1.799809e+01 6.575000e+01 -9.946496e+00
    endloop
  endfacet
  facet normal 9.942703e-01 -0.000000e+00 1.068951e-01
    outer loop
      vertex   1.799809e+01 6.575000e+01 -9.946496e+00
      vertex   1.799809e+01 6.670000e+01 -9.946496e+00
      vertex   1.799237e+01 6.575000e+01 -9.893264e+00
    endloop
  endfacet
  facet normal 9.942703e-01 -0.000000e+00 1.068951e-01
    outer loop
      vertex   1.799237e+01 6.575000e+01 -9.893264e+00
      vertex   1.799809e+01 6.670000e+01 -9.946496e+00
      vertex   1.799237e+01 6.670000e+01 -9.893264e+00
    endloop
  endfacet
  facet normal 9.841112e-01 -0.000000e+00 1.775532e-01
    outer loop
      vertex   1.799237e+01 6.575000e+01 -9.893264e+00
      vertex   1.799237e+01 6.670000e+01 -9.893264e+00
      vertex   1.798286e+01 6.575000e+01 -9.840576e+00
    endloop
  endfacet
  facet normal 9.841112e-01 -0.000000e+00 1.775532e-01
    outer loop
      vertex   1.798286e+01 6.575000e+01 -9.840576e+00
      vertex   1.799237e+01 6.670000e+01 -9.893264e+00
      vertex   1.798286e+01 6.670000e+01 -9.840576e+00
    endloop
  endfacet
  facet normal 9.689373e-01 -0.000000e+00 2.473065e-01
    outer loop
      vertex   1.798286e+01 6.575000e+01 -9.840576e+00
      vertex   1.798286e+01 6.670000e+01 -9.840576e+00
      vertex   1.796962e+01 6.575000e+01 -9.788701e+00
    endloop
  endfacet
  facet normal 9.689373e-01 -0.000000e+00 2.473065e-01
    outer loop
      vertex   1.796962e+01 6.575000e+01 -9.788701e+00
      vertex   1.798286e+01 6.670000e+01 -9.840576e+00
      vertex   1.796962e+01 6.670000e+01 -9.788701e+00
    endloop
  endfacet
  facet normal 9.488259e-01 -0.000000e+00 3.157996e-01
    outer loop
      vertex   1.796962e+01 6.575000e+01 -9.788701e+00
      vertex   1.796962e+01 6.670000e+01 -9.788701e+00
      vertex   1.795271e+01 6.575000e+01 -9.737902e+00
    endloop
  endfacet
  facet normal 9.488259e-01 -0.000000e+00 3.157996e-01
    outer loop
      vertex   1.795271e+01 6.575000e+01 -9.737902e+00
      vertex   1.796962e+01 6.670000e+01 -9.788701e+00
      vertex   1.795271e+01 6.670000e+01 -9.737902e+00
    endloop
  endfacet
  facet normal 9.238795e-01 -0.000000e+00 3.826834e-01
    outer loop
      vertex   1.795271e+01 6.575000e+01 -9.737902e+00
      vertex   1.795271e+01 6.670000e+01 -9.737902e+00
      vertex   1.793222e+01 6.575000e+01 -9.688439e+00
    endloop
  endfacet
  facet normal 9.238795e-01 -0.000000e+00 3.826834e-01
    outer loop
      vertex   1.793222e+01 6.575000e+01 -9.688439e+00
      vertex   1.795271e+01 6.670000e+01 -9.737902e+00
      vertex   1.793222e+01 6.670000e+01 -9.688439e+00
    endloop
  endfacet
  facet normal 8.942253e-01 -0.000000e+00 4.476172e-01
    outer loop
      vertex   1.793222e+01 6.575000e+01 -9.688439e+00
      vertex   1.793222e+01 6.670000e+01 -9.688439e+00
      vertex   1.790826e+01 6.575000e+01 -9.640563e+00
    endloop
  endfacet
  facet normal 8.942253e-01 -0.000000e+00 4.476172e-01
    outer loop
      vertex   1.790826e+01 6.575000e+01 -9.640563e+00
      vertex   1.793222e+01 6.670000e+01 -9.688439e+00
      vertex   1.790826e+01 6.670000e+01 -9.640563e+00
    endloop
  endfacet
  facet normal 8.600142e-01 -0.000000e+00 5.102700e-01
    outer loop
      vertex   1.790826e+01 6.575000e+01 -9.640563e+00
      vertex   1.790826e+01 6.670000e+01 -9.640563e+00
      vertex   1.788094e+01 6.575000e+01 -9.594519e+00
    endloop
  endfacet
  facet normal 8.600142e-01 -0.000000e+00 5.102700e-01
    outer loop
      vertex   1.788094e+01 6.575000e+01 -9.594519e+00
      vertex   1.790826e+01 6.670000e+01 -9.640563e+00
      vertex   1.788094e+01 6.670000e+01 -9.594519e+00
    endloop
  endfacet
  facet normal 8.214208e-01 -0.000000e+00 5.703226e-01
    outer loop
      vertex   1.788094e+01 6.575000e+01 -9.594519e+00
      vertex   1.788094e+01 6.670000e+01 -9.594519e+00
      vertex   1.785041e+01 6.575000e+01 -9.550542e+00
    endloop
  endfacet
  facet normal 8.214208e-01 -0.000000e+00 5.703226e-01
    outer loop
      vertex   1.785041e+01 6.575000e+01 -9.550542e+00
      vertex   1.788094e+01 6.670000e+01 -9.594519e+00
      vertex   1.785041e+01 6.670000e+01 -9.550542e+00
    endloop
  endfacet
  facet normal 7.786415e-01 -0.000000e+00 6.274690e-01
    outer loop
      vertex   1.785041e+01 6.575000e+01 -9.550542e+00
      vertex   1.785041e+01 6.670000e+01 -9.550542e+00
      vertex   1.781681e+01 6.575000e+01 -9.508854e+00
    endloop
  endfacet
  facet normal 7.786415e-01 -0.000000e+00 6.274690e-01
    outer loop
      vertex   1.781681e+01 6.575000e+01 -9.508854e+00
      vertex   1.785041e+01 6.670000e+01 -9.550542e+00
      vertex   1.781681e+01 6.670000e+01 -9.508854e+00
    endloop
  endfacet
  facet normal 7.318945e-01 -0.000000e+00 6.814179e-01
    outer loop
      vertex   1.781681e+01 6.575000e+01 -9.508854e+00
      vertex   1.781681e+01 6.670000e+01 -9.508854e+00
      vertex   1.778033e+01 6.575000e+01 -9.469670e+00
    endloop
  endfacet
  facet normal 7.318945e-01 -0.000000e+00 6.814179e-01
    outer loop
      vertex   1.778033e+01 6.575000e+01 -9.469670e+00
      vertex   1.781681e+01 6.670000e+01 -9.508854e+00
      vertex   1.778033e+01 6.670000e+01 -9.469670e+00
    endloop
  endfacet
  facet normal 6.814179e-01 -0.000000e+00 7.318945e-01
    outer loop
      vertex   1.778033e+01 6.575000e+01 -9.469670e+00
      vertex   1.778033e+01 6.670000e+01 -9.469670e+00
      vertex   1.774115e+01 6.575000e+01 -9.433188e+00
    endloop
  endfacet
  facet normal 6.814179e-01 -0.000000e+00 7.318945e-01
    outer loop
      vertex   1.774115e+01 6.575000e+01 -9.433188e+00
      vertex   1.778033e+01 6.670000e+01 -9.469670e+00
      vertex   1.774115e+01 6.670000e+01 -9.433188e+00
    endloop
  endfacet
  facet normal 6.274690e-01 -0.000000e+00 7.786415e-01
    outer loop
      vertex   1.774115e+01 6.575000e+01 -9.433188e+00
      vertex   1.774115e+01 6.670000e+01 -9.433188e+00
      vertex   1.769946e+01 6.575000e+01 -9.399594e+00
    endloop
  endfacet
  facet normal 6.274690e-01 -0.000000e+00 7.786415e-01
    outer loop
      vertex   1.769946e+01 6.575000e+01 -9.399594e+00
      vertex   1.774115e+01 6.670000e+01 -9.433188e+00
      vertex   1.769946e+01 6.670000e+01 -9.399594e+00
    endloop
  endfacet
  facet normal 5.703226e-01 -0.000000e+00 8.214208e-01
    outer loop
      vertex   1.769946e+01 6.575000e+01 -9.399594e+00
      vertex   1.769946e+01 6.670000e+01 -9.399594e+00
      vertex   1.765548e+01 6.575000e+01 -9.369060e+00
    endloop
  endfacet
  facet normal 5.703226e-01 -0.000000e+00 8.214208e-01
    outer loop
      vertex   1.765548e+01 6.575000e+01 -9.369060e+00
      vertex   1.769946e+01 6.670000e+01 -9.399594e+00
      vertex   1.765548e+01 6.670000e+01 -9.369060e+00
    endloop
  endfacet
  facet normal 5.102700e-01 -0.000000e+00 8.600142e-01
    outer loop
      vertex   1.765548e+01 6.575000e+01 -9.369060e+00
      vertex   1.765548e+01 6.670000e+01 -9.369060e+00
      vertex   1.760944e+01 6.575000e+01 -9.341741e+00
    endloop
  endfacet
  facet normal 5.102700e-01 -0.000000e+00 8.600142e-01
    outer loop
      vertex   1.760944e+01 6.575000e+01 -9.341741e+00
      vertex   1.765548e+01 6.670000e+01 -9.369060e+00
      vertex   1.760944e+01 6.670000e+01 -9.341741e+00
    endloop
  endfacet
  facet normal 4.476172e-01 -0.000000e+00 8.942253e-01
    outer loop
      vertex   1.760944e+01 6.575000e+01 -9.341741e+00
      vertex   1.760944e+01 6.670000e+01 -9.341741e+00
      vertex   1.756156e+01 6.575000e+01 -9.317776e+00
    endloop
  endfacet
  facet normal 4.476172e-01 -0.000000e+00 8.942253e-01
    outer loop
      vertex   1.756156e+01 6.575000e+01 -9.317776e+00
      vertex   1.760944e+01 6.670000e+01 -9.341741e+00
      vertex   1.756156e+01 6.670000e+01 -9.317776e+00
    endloop
  endfacet
  facet normal 3.826834e-01 -0.000000e+00 9.238795e-01
    outer loop
      vertex   1.756156e+01 6.575000e+01 -9.317776e+00
      vertex   1.756156e+01 6.670000e+01 -9.317776e+00
      vertex   1.751210e+01 6.575000e+01 -9.297288e+00
    endloop
  endfacet
  facet normal 3.826834e-01 -0.000000e+00 9.238795e-01
    outer loop
      vertex   1.751210e+01 6.575000e+01 -9.297288e+00
      vertex   1.756156e+01 6.670000e+01 -9.317776e+00
      vertex   1.751210e+01 6.670000e+01 -9.297288e+00
    endloop
  endfacet
  facet normal 3.157996e-01 -0.000000e+00 9.488259e-01
    outer loop
      vertex   1.751210e+01 6.575000e+01 -9.297288e+00
      vertex   1.751210e+01 6.670000e+01 -9.297288e+00
      vertex   1.746130e+01 6.575000e+01 -9.280380e+00
    endloop
  endfacet
  facet normal 3.157996e-01 -0.000000e+00 9.488259e-01
    outer loop
      vertex   1.746130e+01 6.575000e+01 -9.280380e+00
      vertex   1.751210e+01 6.670000e+01 -9.297288e+00
      vertex   1.746130e+01 6.670000e+01 -9.280380e+00
    endloop
  endfacet
  facet normal 2.473065e-01 -0.000000e+00 9.689373e-01
    outer loop
      vertex   1.746130e+01 6.575000e+01 -9.280380e+00
      vertex   1.746130e+01 6.670000e+01 -9.280380e+00
      vertex   1.740942e+01 6.575000e+01 -9.267140e+00
    endloop
  endfacet
  facet normal 2.473065e-01 -0.000000e+00 9.689373e-01
    outer loop
      vertex   1.740942e+01 6.575000e+01 -9.267140e+00
      vertex   1.746130e+01 6.670000e+01 -9.280380e+00
      vertex   1.740942e+01 6.670000e+01 -9.267140e+00
    endloop
  endfacet
  facet normal 1.775532e-01 -0.000000e+00 9.841112e-01
    outer loop
      vertex   1.740942e+01 6.575000e+01 -9.267140e+00
      vertex   1.740942e+01 6.670000e+01 -9.267140e+00
      vertex   1.735674e+01 6.575000e+01 -9.257634e+00
    endloop
  endfacet
  facet normal 1.775532e-01 -0.000000e+00 9.841112e-01
    outer loop
      vertex   1.735674e+01 6.575000e+01 -9.257634e+00
      vertex   1.740942e+01 6.670000e+01 -9.267140e+00
      vertex   1.735674e+01 6.670000e+01 -9.257634e+00
    endloop
  endfacet
  facet normal 1.068951e-01 -0.000000e+00 9.942703e-01
    outer loop
      vertex   1.735674e+01 6.575000e+01 -9.257634e+00
      vertex   1.735674e+01 6.670000e+01 -9.257634e+00
      vertex   1.730350e+01 6.575000e+01 -9.251911e+00
    endloop
  endfacet
  facet normal 1.068951e-01 -0.000000e+00 9.942703e-01
    outer loop
      vertex   1.730350e+01 6.575000e+01 -9.251911e+00
      vertex   1.735674e+01 6.670000e+01 -9.257634e+00
      vertex   1.730350e+01 6.670000e+01 -9.251911e+00
    endloop
  endfacet
  facet normal 3.569233e-02 -0.000000e+00 9.993628e-01
    outer loop
      vertex   1.730350e+01 6.575000e+01 -9.251911e+00
      vertex   1.730350e+01 6.670000e+01 -9.251911e+00
      vertex   1.725000e+01 6.575000e+01 -9.250000e+00
    endloop
  endfacet
  facet normal 3.569233e-02 0.000000e+00 9.993628e-01
    outer loop
      vertex   1.725000e+01 6.575000e+01 -9.250000e+00
      vertex   1.730350e+01 6.670000e+01 -9.251911e+00
      vertex   1.730350e+01 6.765000e+01 -9.251911e+00
    endloop
  endfacet
  facet normal 3.569233e-02 0.000000e+00 9.993628e-01
    outer loop
      vertex   1.725000e+01 6.575000e+01 -9.250000e+00
      vertex   1.730350e+01 6.765000e+01 -9.251911e+00
      vertex   1.730350e+01 6.860000e+01 -9.251911e+00
    endloop
  endfacet
  facet normal 1.068951e-01 0.000000e+00 9.942703e-01
    outer loop
      vertex   1.730350e+01 6.860000e+01 -9.251911e+00
      vertex   1.730350e+01 6.765000e+01 -9.251911e+00
      vertex   1.735674e+01 6.860000e+01 -9.257634e+00
    endloop
  endfacet
  facet normal 1.068951e-01 0.000000e+00 9.942703e-01
    outer loop
      vertex   1.730350e+01 6.860000e+01 -9.251911e+00
      vertex   1.735674e+01 6.860000e+01 -9.257634e+00
      vertex   1.735674e+01 6.955000e+01 -9.257634e+00
    endloop
  endfacet
  facet normal 1.775532e-01 0.000000e+00 9.841112e-01
    outer loop
      vertex   1.735674e+01 6.955000e+01 -9.257634e+00
      vertex   1.735674e+01 6.860000e+01 -9.257634e+00
      vertex   1.740942e+01 6.955000e+01 -9.267140e+00
    endloop
  endfacet
  facet normal 1.775532e-01 0.000000e+00 9.841112e-01
    outer loop
      vertex   1.735674e+01 6.955000e+01 -9.257634e+00
      vertex   1.740942e+01 6.955000e+01 -9.267140e+00
      vertex   1.740942e+01 7.050000e+01 -9.267140e+00
    endloop
  endfacet
  facet normal 2.473065e-01 0.000000e+00 9.689373e-01
    outer loop
      vertex   1.740942e+01 7.050000e+01 -9.267140e+00
      vertex   1.740942e+01 6.955000e+01 -9.267140e+00
      vertex   1.746130e+01 7.050000e+01 -9.280380e+00
    endloop
  endfacet
  facet normal 2.473065e-01 0.000000e+00 9.689373e-01
    outer loop
      vertex   1.746130e+01 7.050000e+01 -9.280380e+00
      vertex   1.740942e+01 6.955000e+01 -9.267140e+00
      vertex   1.746130e+01 6.955000e+01 -9.280380e+00
    endloop
  endfacet
  facet normal 3.157996e-01 0.000000e+00 9.488259e-01
    outer loop
      vertex   1.746130e+01 7.050000e+01 -9.280380e+00
      vertex   1.746130e+01 6.955000e+01 -9.280380e+00
      vertex   1.751210e+01 7.050000e+01 -9.297288e+00
    endloop
  endfacet
  facet normal 3.157996e-01 0.000000e+00 9.488259e-01
    outer loop
      vertex   1.751210e+01 7.050000e+01 -9.297288e+00
      vertex   1.746130e+01 6.955000e+01 -9.280380e+00
      vertex   1.751210e+01 6.955000e+01 -9.297288e+00
    endloop
  endfacet
  facet normal 3.826834e-01 0.000000e+00 9.238795e-01
    outer loop
      vertex   1.751210e+01 7.050000e+01 -9.297288e+00
      vertex   1.751210e+01 6.955000e+01 -9.297288e+00
      vertex   1.756156e+01 7.050000e+01 -9.317776e+00
    endloop
  endfacet
  facet normal 3.826834e-01 0.000000e+00 9.238795e-01
    outer loop
      vertex   1.756156e+01 7.050000e+01 -9.317776e+00
      vertex   1.751210e+01 6.955000e+01 -9.297288e+00
      vertex   1.756156e+01 6.955000e+01 -9.317776e+00
    endloop
  endfacet
  facet normal 4.476172e-01 0.000000e+00 8.942253e-01
    outer loop
      vertex   1.756156e+01 7.050000e+01 -9.317776e+00
      vertex   1.756156e+01 6.955000e+01 -9.317776e+00
      vertex   1.760944e+01 7.050000e+01 -9.341741e+00
    endloop
  endfacet
  facet normal 4.476172e-01 0.000000e+00 8.942253e-01
    outer loop
      vertex   1.760944e+01 7.050000e+01 -9.341741e+00
      vertex   1.756156e+01 6.955000e+01 -9.317776e+00
      vertex   1.760944e+01 6.955000e+01 -9.341741e+00
    endloop
  endfacet
  facet normal 5.102700e-01 0.000000e+00 8.600142e-01
    outer loop
      vertex   1.760944e+01 7.050000e+01 -9.341741e+00
      vertex   1.760944e+01 6.955000e+01 -9.341741e+00
      vertex   1.765548e+01 7.050000e+01 -9.369060e+00
    endloop
  endfacet
  facet normal 5.102700e-01 0.000000e+00 8.600142e-01
    outer loop
      vertex   1.765548e+01 7.050000e+01 -9.369060e+00
      vertex   1.760944e+01 6.955000e+01 -9.341741e+00
      vertex   1.765548e+01 6.955000e+01 -9.369060e+00
    endloop
  endfacet
  facet normal 5.703226e-01 0.000000e+00 8.214208e-01
    outer loop
      vertex   1.765548e+01 7.050000e+01 -9.369060e+00
      vertex   1.765548e+01 6.955000e+01 -9.369060e+00
      vertex   1.769946e+01 7.050000e+01 -9.399594e+00
    endloop
  endfacet
  facet normal 5.703226e-01 0.000000e+00 8.214208e-01
    outer loop
      vertex   1.769946e+01 7.050000e+01 -9.399594e+00
      vertex   1.765548e+01 6.955000e+01 -9.369060e+00
      vertex   1.769946e+01 6.955000e+01 -9.399594e+00
    endloop
  endfacet
  facet normal 6.274690e-01 0.000000e+00 7.786415e-01
    outer loop
      vertex   1.769946e+01 7.050000e+01 -9.399594e+00
      vertex   1.769946e+01 6.955000e+01 -9.399594e+00
      vertex   1.774115e+01 7.050000e+01 -9.433188e+00
    endloop
  endfacet
  facet normal 6.274690e-01 0.000000e+00 7.786415e-01
    outer loop
      vertex   1.774115e+01 7.050000e+01 -9.433188e+00
      vertex   1.769946e+01 6.955000e+01 -9.399594e+00
      vertex   1.774115e+01 6.955000e+01 -9.433188e+00
    endloop
  endfacet
  facet normal 6.814179e-01 0.000000e+00 7.318945e-01
    outer loop
      vertex   1.774115e+01 7.050000e+01 -9.433188e+00
      vertex   1.774115e+01 6.955000e+01 -9.433188e+00
      vertex   1.778033e+01 7.050000e+01 -9.469670e+00
    endloop
  endfacet
  facet normal 6.814179e-01 0.000000e+00 7.318945e-01
    outer loop
      vertex   1.778033e+01 7.050000e+01 -9.469670e+00
      vertex   1.774115e+01 6.955000e+01 -9.433188e+00
      vertex   1.778033e+01 6.955000e+01 -9.469670e+00
    endloop
  endfacet
  facet normal 7.318945e-01 0.000000e+00 6.814179e-01
    outer loop
      vertex   1.778033e+01 7.050000e+01 -9.469670e+00
      vertex   1.778033e+01 6.955000e+01 -9.469670e+00
      vertex   1.781681e+01 7.050000e+01 -9.508854e+00
    endloop
  endfacet
  facet normal 7.318945e-01 0.000000e+00 6.814179e-01
    outer loop
      vertex   1.781681e+01 7.050000e+01 -9.508854e+00
      vertex   1.778033e+01 6.955000e+01 -9.469670e+00
      vertex   1.781681e+01 6.955000e+01 -9.508854e+00
    endloop
  endfacet
  facet normal 7.786415e-01 0.000000e+00 6.274690e-01
    outer loop
      vertex   1.781681e+01 7.050000e+01 -9.508854e+00
      vertex   1.781681e+01 6.955000e+01 -9.508854e+00
      vertex   1.785041e+01 7.050000e+01 -9.550542e+00
    endloop
  endfacet
  facet normal 7.786415e-01 0.000000e+00 6.274690e-01
    outer loop
      vertex   1.785041e+01 7.050000e+01 -9.550542e+00
      vertex   1.781681e+01 6.955000e+01 -9.508854e+00
      vertex   1.785041e+01 6.955000e+01 -9.550542e+00
    endloop
  endfacet
  facet normal 8.214208e-01 0.000000e+00 5.703226e-01
    outer loop
      vertex   1.785041e+01 7.050000e+01 -9.550542e+00
      vertex   1.785041e+01 6.955000e+01 -9.550542e+00
      vertex   1.788094e+01 7.050000e+01 -9.594519e+00
    endloop
  endfacet
  facet normal 8.214208e-01 0.000000e+00 5.703226e-01
    outer loop
      vertex   1.788094e+01 7.050000e+01 -9.594519e+00
      vertex   1.785041e+01 6.955000e+01 -9.550542e+00
      vertex   1.788094e+01 6.955000e+01 -9.594519e+00
    endloop
  endfacet
  facet normal 8.600142e-01 0.000000e+00 5.102700e-01
    outer loop
      vertex   1.788094e+01 7.050000e+01 -9.594519e+00
      vertex   1.788094e+01 6.955000e+01 -9.594519e+00
      vertex   1.790826e+01 7.050000e+01 -9.640563e+00
    endloop
  endfacet
  facet normal 8.600142e-01 0.000000e+00 5.102700e-01
    outer loop
      vertex   1.790826e+01 7.050000e+01 -9.640563e+00
      vertex   1.788094e+01 6.955000e+01 -9.594519e+00
      vertex   1.790826e+01 6.955000e+01 -9.640563e+00
    endloop
  endfacet
  facet normal 8.942253e-01 0.000000e+00 4.476172e-01
    outer loop
      vertex   1.790826e+01 7.050000e+01 -9.640563e+00
      vertex   1.790826e+01 6.955000e+01 -9.640563e+00
      vertex   1.793222e+01 7.050000e+01 -9.688439e+00
    endloop
  endfacet
  facet normal 8.942253e-01 0.000000e+00 4.476172e-01
    outer loop
      vertex   1.793222e+01 7.050000e+01 -9.688439e+00
      vertex   1.790826e+01 6.955000e+01 -9.640563e+00
      vertex   1.793222e+01 6.955000e+01 -9.688439e+00
    endloop
  endfacet
  facet normal 9.238795e-01 0.000000e+00 3.826834e-01
    outer loop
      vertex   1.793222e+01 7.050000e+01 -9.688439e+00
      vertex   1.793222e+01 6.955000e+01 -9.688439e+00
      vertex   1.795271e+01 7.050000e+01 -9.737902e+00
    endloop
  endfacet
  facet normal 9.238795e-01 0.000000e+00 3.826834e-01
    outer loop
      vertex   1.795271e+01 7.050000e+01 -9.737902e+00
      vertex   1.793222e+01 6.955000e+01 -9.688439e+00
      vertex   1.795271e+01 6.955000e+01 -9.737902e+00
    endloop
  endfacet
  facet normal 9.488259e-01 0.000000e+00 3.157996e-01
    outer loop
      vertex   1.795271e+01 7.050000e+01 -9.737902e+00
      vertex   1.795271e+01 6.955000e+01 -9.737902e+00
      vertex   1.796962e+01 7.050000e+01 -9.788701e+00
    endloop
  endfacet
  facet normal 9.488259e-01 0.000000e+00 3.157996e-01
    outer loop
      vertex   1.796962e+01 7.050000e+01 -9.788701e+00
      vertex   1.795271e+01 6.955000e+01 -9.737902e+00
      vertex   1.796962e+01 6.955000e+01 -9.788701e+00
    endloop
  endfacet
  facet normal 9.689373e-01 0.000000e+00 2.473065e-01
    outer loop
      vertex   1.796962e+01 7.050000e+01 -9.788701e+00
      vertex   1.796962e+01 6.955000e+01 -9.788701e+00
      vertex   1.798286e+01 7.050000e+01 -9.840576e+00
    endloop
  endfacet
  facet normal 9.689373e-01 0.000000e+00 2.473065e-01
    outer loop
      vertex   1.798286e+01 7.050000e+01 -9.840576e+00
      vertex   1.796962e+01 6.955000e+01 -9.788701e+00
      vertex   1.798286e+01 6.955000e+01 -9.840576e+00
    endloop
  endfacet
  facet normal 9.841112e-01 0.000000e+00 1.775532e-01
    outer loop
      vertex   1.798286e+01 7.050000e+01 -9.840576e+00
      vertex   1.798286e+01 6.955000e+01 -9.840576e+00
      vertex   1.799237e+01 7.050000e+01 -9.893264e+00
    endloop
  endfacet
  facet normal 9.841112e-01 0.000000e+00 1.775532e-01
    outer loop
      vertex   1.799237e+01 7.050000e+01 -9.893264e+00
      vertex   1.798286e+01 6.955000e+01 -9.840576e+00
      vertex   1.799237e+01 6.955000e+01 -9.893264e+00
    endloop
  endfacet
  facet normal 9.942703e-01 0.000000e+00 1.068951e-01
    outer loop
      vertex   1.799237e+01 7.050000e+01 -9.893264e+00
      vertex   1.799237e+01 6.955000e+01 -9.893264e+00
      vertex   1.799809e+01 7.050000e+01 -9.946496e+00
    endloop
  endfacet
  facet normal 9.942703e-01 0.000000e+00 1.068951e-01
    outer loop
      vertex   1.799809e+01 7.050000e+01 -9.946496e+00
      vertex   1.799237e+01 6.955000e+01 -9.893264e+00
      vertex   1.799809e+01 6.955000e+01 -9.946496e+00
    endloop
  endfacet
  facet normal 9.993628e-01 0.000000e+00 3.569233e-02
    outer loop
      vertex   1.799809e+01 7.050000e+01 -9.946496e+00
      vertex   1.799809e+01 6.955000e+01 -9.946496e+00
      vertex   1.800000e+01 7.050000e+01 -1.000000e+01
    endloop
  endfacet
  facet normal 9.993628e-01 0.000000e+00 3.569233e-02
    outer loop
      vertex   1.800000e+01 7.050000e+01 -1.000000e+01
      vertex   1.799809e+01 6.955000e+01 -9.946496e+00
      vertex   1.799809e+01 6.860000e+01 -9.946496e+00
    endloop
  endfacet
  facet normal 9.993628e-01 0.000000e+00 3.569233e-02
    outer loop
      vertex   1.800000e+01 7.050000e+01 -1.000000e+01
      vertex   1.799809e+01 6.860000e+01 -9.946496e+00
      vertex   1.799809e+01 6.765000e+01 -9.946496e+00
    endloop
  endfacet
  facet normal 9.942703e-01 -0.000000e+00 1.068951e-01
    outer loop
      vertex   1.799809e+01 6.765000e+01 -9.946496e+00
      vertex   1.799809e+01 6.860000e+01 -9.946496e+00
      vertex   1.799237e+01 6.765000e+01 -9.893264e+00
    endloop
  endfacet
  facet normal 9.942703e-01 0.000000e+00 1.068951e-01
    outer loop
      vertex   1.799809e+01 6.765000e+01 -9.946496e+00
      vertex   1.799237e+01 6.765000e+01 -9.893264e+00
      vertex   1.799237e+01 6.670000e+01 -9.893264e+00
    endloop
  endfacet
  facet normal 9.841112e-01 -0.000000e+00 1.775532e-01
    outer loop
      vertex   1.799237e+01 6.670000e+01 -9.893264e+00
      vertex   1.799237e+01 6.765000e+01 -9.893264e+00
      vertex   1.798286e+01 6.670000e+01 -9.840576e+00
    endloop
  endfacet
  facet normal 1.775532e-01 0.000000e+00 9.841112e-01
    outer loop
      vertex   1.740942e+01 7.050000e+01 -9.267140e+00
      vertex   1.735674e+01 7.050000e+01 -9.257634e+00
      vertex   1.735674e+01 6.955000e+01 -9.257634e+00
    endloop
  endfacet
  facet normal 1.068951e-01 -0.000000e+00 9.942703e-01
    outer loop
      vertex   1.735674e+01 6.955000e+01 -9.257634e+00
      vertex   1.735674e+01 7.050000e+01 -9.257634e+00
      vertex   1.730350e+01 6.955000e+01 -9.251911e+00
    endloop
  endfacet
  facet normal 1.068951e-01 0.000000e+00 9.942703e-01
    outer loop
      vertex   1.735674e+01 6.955000e+01 -9.257634e+00
      vertex   1.730350e+01 6.955000e+01 -9.251911e+00
      vertex   1.730350e+01 6.860000e+01 -9.251911e+00
    endloop
  endfacet
  facet normal 3.569233e-02 -0.000000e+00 9.993628e-01
    outer loop
      vertex   1.730350e+01 6.860000e+01 -9.251911e+00
      vertex   1.730350e+01 6.955000e+01 -9.251911e+00
      vertex   1.725000e+01 7.050000e+01 -9.250000e+00
    endloop
  endfacet
  facet normal 3.569233e-02 0.000000e+00 9.993628e-01
    outer loop
      vertex   1.730350e+01 6.860000e+01 -9.251911e+00
      vertex   1.725000e+01 7.050000e+01 -9.250000e+00
      vertex   1.725000e+01 6.575000e+01 -9.250000e+00
    endloop
  endfacet
  facet normal 1.068951e-01 0.000000e+00 9.942703e-01
    outer loop
      vertex   1.735674e+01 7.050000e+01 -9.257634e+00
      vertex   1.730350e+01 7.050000e+01 -9.251911e+00
      vertex   1.730350e+01 6.955000e+01 -9.251911e+00
    endloop
  endfacet
  facet normal 3.569233e-02 -0.000000e+00 9.993628e-01
    outer loop
      vertex   1.730350e+01 6.955000e+01 -9.251911e+00
      vertex   1.730350e+01 7.050000e+01 -9.251911e+00
      vertex   1.725000e+01 7.050000e+01 -9.250000e+00
    endloop
  endfacet
  facet normal 9.942703e-01 -0.000000e+00 1.068951e-01
    outer loop
      vertex   1.799809e+01 6.860000e+01 -9.946496e+00
      vertex   1.799809e+01 6.955000e+01 -9.946496e+00
      vertex   1.799237e+01 6.860000e+01 -9.893264e+00
    endloop
  endfacet
  facet normal 9.942703e-01 -0.000000e+00 1.068951e-01
    outer loop
      vertex   1.799237e+01 6.860000e+01 -9.893264e+00
      vertex   1.799809e+01 6.955000e+01 -9.946496e+00
      vertex   1.799237e+01 6.955000e+01 -9.893264e+00
    endloop
  endfacet
  facet normal 9.841112e-01 -0.000000e+00 1.775532e-01
    outer loop
      vertex   1.799237e+01 6.860000e+01 -9.893264e+00
      vertex   1.799237e+01 6.955000e+01 -9.893264e+00
      vertex   1.798286e+01 6.860000e+01 -9.840576e+00
    endloop
  endfacet
  facet normal 9.841112e-01 -0.000000e+00 1.775532e-01
    outer loop
      vertex   1.798286e+01 6.860000e+01 -9.840576e+00
      vertex   1.799237e+01 6.955000e+01 -9.893264e+00
      vertex   1.798286e+01 6.955000e+01 -9.840576e+00
    endloop
  endfacet
  facet normal 9.689373e-01 -0.000000e+00 2.473065e-01
    outer loop
      vertex   1.798286e+01 6.860000e+01 -9.840576e+00
      vertex   1.798286e+01 6.955000e+01 -9.840576e+00
      vertex   1.796962e+01 6.860000e+01 -9.788701e+00
    endloop
  endfacet
  facet normal 9.689373e-01 -0.000000e+00 2.473065e-01
    outer loop
      vertex   1.796962e+01 6.860000e+01 -9.788701e+00
      vertex   1.798286e+01 6.955000e+01 -9.840576e+00
      vertex   1.796962e+01 6.955000e+01 -9.788701e+00
    endloop
  endfacet
  facet normal 9.488259e-01 -0.000000e+00 3.157996e-01
    outer loop
      vertex   1.796962e+01 6.860000e+01 -9.788701e+00
      vertex   1.796962e+01 6.955000e+01 -9.788701e+00
      vertex   1.795271e+01 6.860000e+01 -9.737902e+00
    endloop
  endfacet
  facet normal 9.488259e-01 -0.000000e+00 3.157996e-01
    outer loop
      vertex   1.795271e+01 6.860000e+01 -9.737902e+00
      vertex   1.796962e+01 6.955000e+01 -9.788701e+00
      vertex   1.795271e+01 6.955000e+01 -9.737902e+00
    endloop
  endfacet
  facet normal 9.238795e-01 -0.000000e+00 3.826834e-01
    outer loop
      vertex   1.795271e+01 6.860000e+01 -9.737902e+00
      vertex   1.795271e+01 6.955000e+01 -9.737902e+00
      vertex   1.793222e+01 6.860000e+01 -9.688439e+00
    endloop
  endfacet
  facet normal 9.238795e-01 -0.000000e+00 3.826834e-01
    outer loop
      vertex   1.793222e+01 6.860000e+01 -9.688439e+00
      vertex   1.795271e+01 6.955000e+01 -9.737902e+00
      vertex   1.793222e+01 6.955000e+01 -9.688439e+00
    endloop
  endfacet
  facet normal 8.942253e-01 -0.000000e+00 4.476172e-01
    outer loop
      vertex   1.793222e+01 6.860000e+01 -9.688439e+00
      vertex   1.793222e+01 6.955000e+01 -9.688439e+00
      vertex   1.790826e+01 6.860000e+01 -9.640563e+00
    endloop
  endfacet
  facet normal 8.942253e-01 -0.000000e+00 4.476172e-01
    outer loop
      vertex   1.790826e+01 6.860000e+01 -9.640563e+00
      vertex   1.793222e+01 6.955000e+01 -9.688439e+00
      vertex   1.790826e+01 6.955000e+01 -9.640563e+00
    endloop
  endfacet
  facet normal 8.600142e-01 -0.000000e+00 5.102700e-01
    outer loop
      vertex   1.790826e+01 6.860000e+01 -9.640563e+00
      vertex   1.790826e+01 6.955000e+01 -9.640563e+00
      vertex   1.788094e+01 6.860000e+01 -9.594519e+00
    endloop
  endfacet
  facet normal 8.600142e-01 -0.000000e+00 5.102700e-01
    outer loop
      vertex   1.788094e+01 6.860000e+01 -9.594519e+00
      vertex   1.790826e+01 6.955000e+01 -9.640563e+00
      vertex   1.788094e+01 6.955000e+01 -9.594519e+00
    endloop
  endfacet
  facet normal 8.214208e-01 -0.000000e+00 5.703226e-01
    outer loop
      vertex   1.788094e+01 6.860000e+01 -9.594519e+00
      vertex   1.788094e+01 6.955000e+01 -9.594519e+00
      vertex   1.785041e+01 6.860000e+01 -9.550542e+00
    endloop
  endfacet
  facet normal 8.214208e-01 -0.000000e+00 5.703226e-01
    outer loop
      vertex   1.785041e+01 6.860000e+01 -9.550542e+00
      vertex   1.788094e+01 6.955000e+01 -9.594519e+00
      vertex   1.785041e+01 6.955000e+01 -9.550542e+00
    endloop
  endfacet
  facet normal 7.786415e-01 -0.000000e+00 6.274690e-01
    outer loop
      vertex   1.785041e+01 6.860000e+01 -9.550542e+00
      vertex   1.785041e+01 6.955000e+01 -9.550542e+00
      vertex   1.781681e+01 6.860000e+01 -9.508854e+00
    endloop
  endfacet
  facet normal 7.786415e-01 -0.000000e+00 6.274690e-01
    outer loop
      vertex   1.781681e+01 6.860000e+01 -9.508854e+00
      vertex   1.785041e+01 6.955000e+01 -9.550542e+00
      vertex   1.781681e+01 6.955000e+01 -9.508854e+00
    endloop
  endfacet
  facet normal 7.318945e-01 -0.000000e+00 6.814179e-01
    outer loop
      vertex   1.781681e+01 6.860000e+01 -9.508854e+00
      vertex   1.781681e+01 6.955000e+01 -9.508854e+00
      vertex   1.778033e+01 6.860000e+01 -9.469670e+00
    endloop
  endfacet
  facet normal 7.318945e-01 -0.000000e+00 6.814179e-01
    outer loop
      vertex   1.778033e+01 6.860000e+01 -9.469670e+00
      vertex   1.781681e+01 6.955000e+01 -9.508854e+00
      vertex   1.778033e+01 6.955000e+01 -9.469670e+00
    endloop
  endfacet
  facet normal 6.814179e-01 -0.000000e+00 7.318945e-01
    outer loop
      vertex   1.778033e+01 6.860000e+01 -9.469670e+00
      vertex   1.778033e+01 6.955000e+01 -9.469670e+00
      vertex   1.774115e+01 6.860000e+01 -9.433188e+00
    endloop
  endfacet
  facet normal 6.814179e-01 -0.000000e+00 7.318945e-01
    outer loop
      vertex   1.774115e+01 6.860000e+01 -9.433188e+00
      vertex   1.778033e+01 6.955000e+01 -9.469670e+00
      vertex   1.774115e+01 6.955000e+01 -9.433188e+00
    endloop
  endfacet
  facet normal 6.274690e-01 -0.000000e+00 7.786415e-01
    outer loop
      vertex   1.774115e+01 6.860000e+01 -9.433188e+00
      vertex   1.774115e+01 6.955000e+01 -9.433188e+00
      vertex   1.769946e+01 6.860000e+01 -9.399594e+00
    endloop
  endfacet
  facet normal 6.274690e-01 -0.000000e+00 7.786415e-01
    outer loop
      vertex   1.769946e+01 6.860000e+01 -9.399594e+00
      vertex   1.774115e+01 6.955000e+01 -9.433188e+00
      vertex   1.769946e+01 6.955000e+01 -9.399594e+00
    endloop
  endfacet
  facet normal 5.703226e-01 -0.000000e+00 8.214208e-01
    outer loop
      vertex   1.769946e+01 6.860000e+01 -9.399594e+00
      vertex   1.769946e+01 6.955000e+01 -9.399594e+00
      vertex   1.765548e+01 6.860000e+01 -9.369060e+00
    endloop
  endfacet
  facet normal 5.703226e-01 -0.000000e+00 8.214208e-01
    outer loop
      vertex   1.765548e+01 6.860000e+01 -9.369060e+00
      vertex   1.769946e+01 6.955000e+01 -9.399594e+00
      vertex   1.765548e+01 6.955000e+01 -9.369060e+00
    endloop
  endfacet
  facet normal 5.102700e-01 -0.000000e+00 8.600142e-01
    outer loop
      vertex   1.765548e+01 6.860000e+01 -9.369060e+00
      vertex   1.765548e+01 6.955000e+01 -9.369060e+00
      vertex   1.760944e+01 6.860000e+01 -9.341741e+00
    endloop
  endfacet
  facet normal 5.102700e-01 -0.000000e+00 8.600142e-01
    outer loop
      vertex   1.760944e+01 6.860000e+01 -9.341741e+00
      vertex   1.765548e+01 6.955000e+01 -9.369060e+00
      vertex   1.760944e+01 6.955000e+01 -9.341741e+00
    endloop
  endfacet
  facet normal 4.476172e-01 -0.000000e+00 8.942253e-01
    outer loop
      vertex   1.760944e+01 6.860000e+01 -9.341741e+00
      vertex   1.760944e+01 6.955000e+01 -9.341741e+00
      vertex   1.756156e+01 6.860000e+01 -9.317776e+00
    endloop
  endfacet
  facet normal 4.476172e-01 -0.000000e+00 8.942253e-01
    outer loop
      vertex   1.756156e+01 6.860000e+01 -9.317776e+00
      vertex   1.760944e+01 6.955000e+01 -9.341741e+00
      vertex   1.756156e+01 6.955000e+01 -9.317776e+00
    endloop
  endfacet
  facet normal 3.826834e-01 -0.000000e+00 9.238795e-01
    outer loop
      vertex   1.756156e+01 6.860000e+01 -9.317776e+00
      vertex   1.756156e+01 6.955000e+01 -9.317776e+00
      vertex   1.751210e+01 6.860000e+01 -9.297288e+00
    endloop
  endfacet
  facet normal 3.826834e-01 -0.000000e+00 9.238795e-01
    outer loop
      vertex   1.751210e+01 6.860000e+01 -9.297288e+00
      vertex   1.756156e+01 6.955000e+01 -9.317776e+00
      vertex   1.751210e+01 6.955000e+01 -9.297288e+00
    endloop
  endfacet
  facet normal 3.157996e-01 -0.000000e+00 9.488259e-01
    outer loop
      vertex   1.751210e+01 6.860000e+01 -9.297288e+00
      vertex   1.751210e+01 6.955000e+01 -9.297288e+00
      vertex   1.746130e+01 6.860000e+01 -9.280380e+00
    endloop
  endfacet
  facet normal 3.157996e-01 -0.000000e+00 9.488259e-01
    outer loop
      vertex   1.746130e+01 6.860000e+01 -9.280380e+00
      vertex   1.751210e+01 6.955000e+01 -9.297288e+00
      vertex   1.746130e+01 6.955000e+01 -9.280380e+00
    endloop
  endfacet
  facet normal 2.473065e-01 -0.000000e+00 9.689373e-01
    outer loop
      vertex   1.746130e+01 6.860000e+01 -9.280380e+00
      vertex   1.746130e+01 6.955000e+01 -9.280380e+00
      vertex   1.740942e+01 6.860000e+01 -9.267140e+00
    endloop
  endfacet
  facet normal 2.473065e-01 -0.000000e+00 9.689373e-01
    outer loop
      vertex   1.740942e+01 6.860000e+01 -9.267140e+00
      vertex   1.746130e+01 6.955000e+01 -9.280380e+00
      vertex   1.740942e+01 6.955000e+01 -9.267140e+00
    endloop
  endfacet
  facet normal 1.775532e-01 -0.000000e+00 9.841112e-01
    outer loop
      vertex   1.740942e+01 6.860000e+01 -9.267140e+00
      vertex   1.740942e+01 6.955000e+01 -9.267140e+00
      vertex   1.735674e+01 6.860000e+01 -9.257634e+00
    endloop
  endfacet
  facet normal 9.942703e-01 0.000000e+00 1.068951e-01
    outer loop
      vertex   1.799237e+01 6.670000e+01 -9.893264e+00
      vertex   1.799809e+01 6.670000e+01 -9.946496e+00
      vertex   1.799809e+01 6.765000e+01 -9.946496e+00
    endloop
  endfacet
  facet normal 9.942703e-01 0.000000e+00 1.068951e-01
    outer loop
      vertex   1.799809e+01 6.860000e+01 -9.946496e+00
      vertex   1.799237e+01 6.860000e+01 -9.893264e+00
      vertex   1.799237e+01 6.765000e+01 -9.893264e+00
    endloop
  endfacet
  facet normal 9.841112e-01 -0.000000e+00 1.775532e-01
    outer loop
      vertex   1.799237e+01 6.765000e+01 -9.893264e+00
      vertex   1.799237e+01 6.860000e+01 -9.893264e+00
      vertex   1.798286e+01 6.765000e+01 -9.840576e+00
    endloop
  endfacet
  facet normal 9.841112e-01 0.000000e+00 1.775532e-01
    outer loop
      vertex   1.799237e+01 6.765000e+01 -9.893264e+00
      vertex   1.798286e+01 6.765000e+01 -9.840576e+00
      vertex   1.798286e+01 6.670000e+01 -9.840576e+00
    endloop
  endfacet
  facet normal 9.689373e-01 -0.000000e+00 2.473065e-01
    outer loop
      vertex   1.798286e+01 6.670000e+01 -9.840576e+00
      vertex   1.798286e+01 6.765000e+01 -9.840576e+00
      vertex   1.796962e+01 6.670000e+01 -9.788701e+00
    endloop
  endfacet
  facet normal 9.841112e-01 -0.000000e+00 1.775532e-01
    outer loop
      vertex   1.798286e+01 6.765000e+01 -9.840576e+00
      vertex   1.799237e+01 6.860000e+01 -9.893264e+00
      vertex   1.798286e+01 6.860000e+01 -9.840576e+00
    endloop
  endfacet
  facet normal 9.689373e-01 -0.000000e+00 2.473065e-01
    outer loop
      vertex   1.798286e+01 6.765000e+01 -9.840576e+00
      vertex   1.798286e+01 6.860000e+01 -9.840576e+00
      vertex   1.796962e+01 6.765000e+01 -9.788701e+00
    endloop
  endfacet
  facet normal 9.689373e-01 -0.000000e+00 2.473065e-01
    outer loop
      vertex   1.796962e+01 6.765000e+01 -9.788701e+00
      vertex   1.798286e+01 6.860000e+01 -9.840576e+00
      vertex   1.796962e+01 6.860000e+01 -9.788701e+00
    endloop
  endfacet
  facet normal 9.488259e-01 -0.000000e+00 3.157996e-01
    outer loop
      vertex   1.796962e+01 6.765000e+01 -9.788701e+00
      vertex   1.796962e+01 6.860000e+01 -9.788701e+00
      vertex   1.795271e+01 6.765000e+01 -9.737902e+00
    endloop
  endfacet
  facet normal 9.488259e-01 -0.000000e+00 3.157996e-01
    outer loop
      vertex   1.795271e+01 6.765000e+01 -9.737902e+00
      vertex   1.796962e+01 6.860000e+01 -9.788701e+00
      vertex   1.795271e+01 6.860000e+01 -9.737902e+00
    endloop
  endfacet
  facet normal 9.238795e-01 -0.000000e+00 3.826834e-01
    outer loop
      vertex   1.795271e+01 6.765000e+01 -9.737902e+00
      vertex   1.795271e+01 6.860000e+01 -9.737902e+00
      vertex   1.793222e+01 6.765000e+01 -9.688439e+00
    endloop
  endfacet
  facet normal 9.238795e-01 -0.000000e+00 3.826834e-01
    outer loop
      vertex   1.793222e+01 6.765000e+01 -9.688439e+00
      vertex   1.795271e+01 6.860000e+01 -9.737902e+00
      vertex   1.793222e+01 6.860000e+01 -9.688439e+00
    endloop
  endfacet
  facet normal 8.942253e-01 -0.000000e+00 4.476172e-01
    outer loop
      vertex   1.793222e+01 6.765000e+01 -9.688439e+00
      vertex   1.793222e+01 6.860000e+01 -9.688439e+00
      vertex   1.790826e+01 6.765000e+01 -9.640563e+00
    endloop
  endfacet
  facet normal 8.942253e-01 -0.000000e+00 4.476172e-01
    outer loop
      vertex   1.790826e+01 6.765000e+01 -9.640563e+00
      vertex   1.793222e+01 6.860000e+01 -9.688439e+00
      vertex   1.790826e+01 6.860000e+01 -9.640563e+00
    endloop
  endfacet
  facet normal 8.600142e-01 -0.000000e+00 5.102700e-01
    outer loop
      vertex   1.790826e+01 6.765000e+01 -9.640563e+00
      vertex   1.790826e+01 6.860000e+01 -9.640563e+00
      vertex   1.788094e+01 6.765000e+01 -9.594519e+00
    endloop
  endfacet
  facet normal 8.600142e-01 -0.000000e+00 5.102700e-01
    outer loop
      vertex   1.788094e+01 6.765000e+01 -9.594519e+00
      vertex   1.790826e+01 6.860000e+01 -9.640563e+00
      vertex   1.788094e+01 6.860000e+01 -9.594519e+00
    endloop
  endfacet
  facet normal 8.214208e-01 -0.000000e+00 5.703226e-01
    outer loop
      vertex   1.788094e+01 6.765000e+01 -9.594519e+00
      vertex   1.788094e+01 6.860000e+01 -9.594519e+00
      vertex   1.785041e+01 6.765000e+01 -9.550542e+00
    endloop
  endfacet
  facet normal 8.214208e-01 -0.000000e+00 5.703226e-01
    outer loop
      vertex   1.785041e+01 6.765000e+01 -9.550542e+00
      vertex   1.788094e+01 6.860000e+01 -9.594519e+00
      vertex   1.785041e+01 6.860000e+01 -9.550542e+00
    endloop
  endfacet
  facet normal 7.786415e-01 -0.000000e+00 6.274690e-01
    outer loop
      vertex   1.785041e+01 6.765000e+01 -9.550542e+00
      vertex   1.785041e+01 6.860000e+01 -9.550542e+00
      vertex   1.781681e+01 6.765000e+01 -9.508854e+00
    endloop
  endfacet
  facet normal 7.786415e-01 -0.000000e+00 6.274690e-01
    outer loop
      vertex   1.781681e+01 6.765000e+01 -9.508854e+00
      vertex   1.785041e+01 6.860000e+01 -9.550542e+00
      vertex   1.781681e+01 6.860000e+01 -9.508854e+00
    endloop
  endfacet
  facet normal 7.318945e-01 -0.000000e+00 6.814179e-01
    outer loop
      vertex   1.781681e+01 6.765000e+01 -9.508854e+00
      vertex   1.781681e+01 6.860000e+01 -9.508854e+00
      vertex   1.778033e+01 6.765000e+01 -9.469670e+00
    endloop
  endfacet
  facet normal 7.318945e-01 -0.000000e+00 6.814179e-01
    outer loop
      vertex   1.778033e+01 6.765000e+01 -9.469670e+00
      vertex   1.781681e+01 6.860000e+01 -9.508854e+00
      vertex   1.778033e+01 6.860000e+01 -9.469670e+00
    endloop
  endfacet
  facet normal 6.814179e-01 -0.000000e+00 7.318945e-01
    outer loop
      vertex   1.778033e+01 6.765000e+01 -9.469670e+00
      vertex   1.778033e+01 6.860000e+01 -9.469670e+00
      vertex   1.774115e+01 6.765000e+01 -9.433188e+00
    endloop
  endfacet
  facet normal 6.814179e-01 -0.000000e+00 7.318945e-01
    outer loop
      vertex   1.774115e+01 6.765000e+01 -9.433188e+00
      vertex   1.778033e+01 6.860000e+01 -9.469670e+00
      vertex   1.774115e+01 6.860000e+01 -9.433188e+00
    endloop
  endfacet
  facet normal 6.274690e-01 -0.000000e+00 7.786415e-01
    outer loop
      vertex   1.774115e+01 6.765000e+01 -9.433188e+00
      vertex   1.774115e+01 6.860000e+01 -9.433188e+00
      vertex   1.769946e+01 6.765000e+01 -9.399594e+00
    endloop
  endfacet
  facet normal 6.274690e-01 -0.000000e+00 7.786415e-01
    outer loop
      vertex   1.769946e+01 6.765000e+01 -9.399594e+00
      vertex   1.774115e+01 6.860000e+01 -9.433188e+00
      vertex   1.769946e+01 6.860000e+01 -9.399594e+00
    endloop
  endfacet
  facet normal 5.703226e-01 -0.000000e+00 8.214208e-01
    outer loop
      vertex   1.769946e+01 6.765000e+01 -9.399594e+00
      vertex   1.769946e+01 6.860000e+01 -9.399594e+00
      vertex   1.765548e+01 6.765000e+01 -9.369060e+00
    endloop
  endfacet
  facet normal 5.703226e-01 -0.000000e+00 8.214208e-01
    outer loop
      vertex   1.765548e+01 6.765000e+01 -9.369060e+00
      vertex   1.769946e+01 6.860000e+01 -9.399594e+00
      vertex   1.765548e+01 6.860000e+01 -9.369060e+00
    endloop
  endfacet
  facet normal 5.102700e-01 -0.000000e+00 8.600142e-01
    outer loop
      vertex   1.765548e+01 6.765000e+01 -9.369060e+00
      vertex   1.765548e+01 6.860000e+01 -9.369060e+00
      vertex   1.760944e+01 6.765000e+01 -9.341741e+00
    endloop
  endfacet
  facet normal 5.102700e-01 -0.000000e+00 8.600142e-01
    outer loop
      vertex   1.760944e+01 6.765000e+01 -9.341741e+00
      vertex   1.765548e+01 6.860000e+01 -9.369060e+00
      vertex   1.760944e+01 6.860000e+01 -9.341741e+00
    endloop
  endfacet
  facet normal 4.476172e-01 -0.000000e+00 8.942253e-01
    outer loop
      vertex   1.760944e+01 6.765000e+01 -9.341741e+00
      vertex   1.760944e+01 6.860000e+01 -9.341741e+00
      vertex   1.756156e+01 6.765000e+01 -9.317776e+00
    endloop
  endfacet
  facet normal 4.476172e-01 -0.000000e+00 8.942253e-01
    outer loop
      vertex   1.756156e+01 6.765000e+01 -9.317776e+00
      vertex   1.760944e+01 6.860000e+01 -9.341741e+00
      vertex   1.756156e+01 6.860000e+01 -9.317776e+00
    endloop
  endfacet
  facet normal 3.826834e-01 -0.000000e+00 9.238795e-01
    outer loop
      vertex   1.756156e+01 6.765000e+01 -9.317776e+00
      vertex   1.756156e+01 6.860000e+01 -9.317776e+00
      vertex   1.751210e+01 6.765000e+01 -9.297288e+00
    endloop
  endfacet
  facet normal 3.826834e-01 -0.000000e+00 9.238795e-01
    outer loop
      vertex   1.751210e+01 6.765000e+01 -9.297288e+00
      vertex   1.756156e+01 6.860000e+01 -9.317776e+00
      vertex   1.751210e+01 6.860000e+01 -9.297288e+00
    endloop
  endfacet
  facet normal 3.157996e-01 -0.000000e+00 9.488259e-01
    outer loop
      vertex   1.751210e+01 6.765000e+01 -9.297288e+00
      vertex   1.751210e+01 6.860000e+01 -9.297288e+00
      vertex   1.746130e+01 6.765000e+01 -9.280380e+00
    endloop
  endfacet
  facet normal 3.157996e-01 -0.000000e+00 9.488259e-01
    outer loop
      vertex   1.746130e+01 6.765000e+01 -9.280380e+00
      vertex   1.751210e+01 6.860000e+01 -9.297288e+00
      vertex   1.746130e+01 6.860000e+01 -9.280380e+00
    endloop
  endfacet
  facet normal 2.473065e-01 -0.000000e+00 9.689373e-01
    outer loop
      vertex   1.746130e+01 6.765000e+01 -9.280380e+00
      vertex   1.746130e+01 6.860000e+01 -9.280380e+00
      vertex   1.740942e+01 6.765000e+01 -9.267140e+00
    endloop
  endfacet
  facet normal 2.473065e-01 -0.000000e+00 9.689373e-01
    outer loop
      vertex   1.740942e+01 6.765000e+01 -9.267140e+00
      vertex   1.746130e+01 6.860000e+01 -9.280380e+00
      vertex   1.740942e+01 6.860000e+01 -9.267140e+00
    endloop
  endfacet
  facet normal 1.775532e-01 -0.000000e+00 9.841112e-01
    outer loop
      vertex   1.740942e+01 6.765000e+01 -9.267140e+00
      vertex   1.740942e+01 6.860000e+01 -9.267140e+00
      vertex   1.735674e+01 6.765000e+01 -9.257634e+00
    endloop
  endfacet
  facet normal 1.775532e-01 -0.000000e+00 9.841112e-01
    outer loop
      vertex   1.735674e+01 6.765000e+01 -9.257634e+00
      vertex   1.740942e+01 6.860000e+01 -9.267140e+00
      vertex   1.735674e+01 6.860000e+01 -9.257634e+00
    endloop
  endfacet
  facet normal 1.068951e-01 -0.000000e+00 9.942703e-01
    outer loop
      vertex   1.735674e+01 6.765000e+01 -9.257634e+00
      vertex   1.735674e+01 6.860000e+01 -9.257634e+00
      vertex   1.730350e+01 6.765000e+01 -9.251911e+00
    endloop
  endfacet
  facet normal 9.488259e-01 0.000000e+00 3.157996e-01
    outer loop
      vertex   1.795271e+01 6.670000e+01 -9.737902e+00
      vertex   1.796962e+01 6.670000e+01 -9.788701e+00
      vertex   1.796962e+01 6.765000e+01 -9.788701e+00
    endloop
  endfacet
  facet normal 9.689373e-01 0.000000e+00 2.473065e-01
    outer loop
      vertex   1.796962e+01 6.765000e+01 -9.788701e+00
      vertex   1.796962e+01 6.670000e+01 -9.788701e+00
      vertex   1.798286e+01 6.765000e+01 -9.840576e+00
    endloop
  endfacet
  facet normal 9.488259e-01 -0.000000e+00 3.157996e-01
    outer loop
      vertex   1.795271e+01 6.670000e+01 -9.737902e+00
      vertex   1.796962e+01 6.765000e+01 -9.788701e+00
      vertex   1.795271e+01 6.765000e+01 -9.737902e+00
    endloop
  endfacet
  facet normal 9.238795e-01 0.000000e+00 3.826834e-01
    outer loop
      vertex   1.793222e+01 6.670000e+01 -9.688439e+00
      vertex   1.795271e+01 6.670000e+01 -9.737902e+00
      vertex   1.795271e+01 6.765000e+01 -9.737902e+00
    endloop
  endfacet
  facet normal 9.238795e-01 -0.000000e+00 3.826834e-01
    outer loop
      vertex   1.793222e+01 6.670000e+01 -9.688439e+00
      vertex   1.795271e+01 6.765000e+01 -9.737902e+00
      vertex   1.793222e+01 6.765000e+01 -9.688439e+00
    endloop
  endfacet
  facet normal 8.942253e-01 0.000000e+00 4.476172e-01
    outer loop
      vertex   1.790826e+01 6.670000e+01 -9.640563e+00
      vertex   1.793222e+01 6.670000e+01 -9.688439e+00
      vertex   1.793222e+01 6.765000e+01 -9.688439e+00
    endloop
  endfacet
  facet normal 8.942253e-01 -0.000000e+00 4.476172e-01
    outer loop
      vertex   1.790826e+01 6.670000e+01 -9.640563e+00
      vertex   1.793222e+01 6.765000e+01 -9.688439e+00
      vertex   1.790826e+01 6.765000e+01 -9.640563e+00
    endloop
  endfacet
  facet normal 8.600142e-01 0.000000e+00 5.102700e-01
    outer loop
      vertex   1.788094e+01 6.670000e+01 -9.594519e+00
      vertex   1.790826e+01 6.670000e+01 -9.640563e+00
      vertex   1.790826e+01 6.765000e+01 -9.640563e+00
    endloop
  endfacet
  facet normal 8.600142e-01 -0.000000e+00 5.102700e-01
    outer loop
      vertex   1.788094e+01 6.670000e+01 -9.594519e+00
      vertex   1.790826e+01 6.765000e+01 -9.640563e+00
      vertex   1.788094e+01 6.765000e+01 -9.594519e+00
    endloop
  endfacet
  facet normal 8.214208e-01 0.000000e+00 5.703226e-01
    outer loop
      vertex   1.785041e+01 6.670000e+01 -9.550542e+00
      vertex   1.788094e+01 6.670000e+01 -9.594519e+00
      vertex   1.788094e+01 6.765000e+01 -9.594519e+00
    endloop
  endfacet
  facet normal 8.214208e-01 -0.000000e+00 5.703226e-01
    outer loop
      vertex   1.785041e+01 6.670000e+01 -9.550542e+00
      vertex   1.788094e+01 6.765000e+01 -9.594519e+00
      vertex   1.785041e+01 6.765000e+01 -9.550542e+00
    endloop
  endfacet
  facet normal 7.786415e-01 0.000000e+00 6.274690e-01
    outer loop
      vertex   1.781681e+01 6.670000e+01 -9.508854e+00
      vertex   1.785041e+01 6.670000e+01 -9.550542e+00
      vertex   1.785041e+01 6.765000e+01 -9.550542e+00
    endloop
  endfacet
  facet normal 7.786415e-01 -0.000000e+00 6.274690e-01
    outer loop
      vertex   1.781681e+01 6.670000e+01 -9.508854e+00
      vertex   1.785041e+01 6.765000e+01 -9.550542e+00
      vertex   1.781681e+01 6.765000e+01 -9.508854e+00
    endloop
  endfacet
  facet normal 7.318945e-01 0.000000e+00 6.814179e-01
    outer loop
      vertex   1.778033e+01 6.670000e+01 -9.469670e+00
      vertex   1.781681e+01 6.670000e+01 -9.508854e+00
      vertex   1.781681e+01 6.765000e+01 -9.508854e+00
    endloop
  endfacet
  facet normal 7.318945e-01 -0.000000e+00 6.814179e-01
    outer loop
      vertex   1.778033e+01 6.670000e+01 -9.469670e+00
      vertex   1.781681e+01 6.765000e+01 -9.508854e+00
      vertex   1.778033e+01 6.765000e+01 -9.469670e+00
    endloop
  endfacet
  facet normal 6.814179e-01 0.000000e+00 7.318945e-01
    outer loop
      vertex   1.774115e+01 6.670000e+01 -9.433188e+00
      vertex   1.778033e+01 6.670000e+01 -9.469670e+00
      vertex   1.778033e+01 6.765000e+01 -9.469670e+00
    endloop
  endfacet
  facet normal 6.814179e-01 -0.000000e+00 7.318945e-01
    outer loop
      vertex   1.774115e+01 6.670000e+01 -9.433188e+00
      vertex   1.778033e+01 6.765000e+01 -9.469670e+00
      vertex   1.774115e+01 6.765000e+01 -9.433188e+00
    endloop
  endfacet
  facet normal 6.274690e-01 0.000000e+00 7.786415e-01
    outer loop
      vertex   1.769946e+01 6.670000e+01 -9.399594e+00
      vertex   1.774115e+01 6.670000e+01 -9.433188e+00
      vertex   1.774115e+01 6.765000e+01 -9.433188e+00
    endloop
  endfacet
  facet normal 6.274690e-01 -0.000000e+00 7.786415e-01
    outer loop
      vertex   1.769946e+01 6.670000e+01 -9.399594e+00
      vertex   1.774115e+01 6.765000e+01 -9.433188e+00
      vertex   1.769946e+01 6.765000e+01 -9.399594e+00
    endloop
  endfacet
  facet normal 5.703226e-01 0.000000e+00 8.214208e-01
    outer loop
      vertex   1.765548e+01 6.670000e+01 -9.369060e+00
      vertex   1.769946e+01 6.670000e+01 -9.399594e+00
      vertex   1.769946e+01 6.765000e+01 -9.399594e+00
    endloop
  endfacet
  facet normal 5.703226e-01 -0.000000e+00 8.214208e-01
    outer loop
      vertex   1.765548e+01 6.670000e+01 -9.369060e+00
      vertex   1.769946e+01 6.765000e+01 -9.399594e+00
      vertex   1.765548e+01 6.765000e+01 -9.369060e+00
    endloop
  endfacet
  facet normal 5.102700e-01 0.000000e+00 8.600142e-01
    outer loop
      vertex   1.760944e+01 6.670000e+01 -9.341741e+00
      vertex   1.765548e+01 6.670000e+01 -9.369060e+00
      vertex   1.765548e+01 6.765000e+01 -9.369060e+00
    endloop
  endfacet
  facet normal 5.102700e-01 -0.000000e+00 8.600142e-01
    outer loop
      vertex   1.760944e+01 6.670000e+01 -9.341741e+00
      vertex   1.765548e+01 6.765000e+01 -9.369060e+00
      vertex   1.760944e+01 6.765000e+01 -9.341741e+00
    endloop
  endfacet
  facet normal 4.476172e-01 0.000000e+00 8.942253e-01
    outer loop
      vertex   1.756156e+01 6.670000e+01 -9.317776e+00
      vertex   1.760944e+01 6.670000e+01 -9.341741e+00
      vertex   1.760944e+01 6.765000e+01 -9.341741e+00
    endloop
  endfacet
  facet normal 4.476172e-01 -0.000000e+00 8.942253e-01
    outer loop
      vertex   1.756156e+01 6.670000e+01 -9.317776e+00
      vertex   1.760944e+01 6.765000e+01 -9.341741e+00
      vertex   1.756156e+01 6.765000e+01 -9.317776e+00
    endloop
  endfacet
  facet normal 3.826834e-01 0.000000e+00 9.238795e-01
    outer loop
      vertex   1.751210e+01 6.670000e+01 -9.297288e+00
      vertex   1.756156e+01 6.670000e+01 -9.317776e+00
      vertex   1.756156e+01 6.765000e+01 -9.317776e+00
    endloop
  endfacet
  facet normal 3.826834e-01 -0.000000e+00 9.238795e-01
    outer loop
      vertex   1.751210e+01 6.670000e+01 -9.297288e+00
      vertex   1.756156e+01 6.765000e+01 -9.317776e+00
      vertex   1.751210e+01 6.765000e+01 -9.297288e+00
    endloop
  endfacet
  facet normal 3.157996e-01 0.000000e+00 9.488259e-01
    outer loop
      vertex   1.746130e+01 6.670000e+01 -9.280380e+00
      vertex   1.751210e+01 6.670000e+01 -9.297288e+00
      vertex   1.751210e+01 6.765000e+01 -9.297288e+00
    endloop
  endfacet
  facet normal 3.157996e-01 -0.000000e+00 9.488259e-01
    outer loop
      vertex   1.746130e+01 6.670000e+01 -9.280380e+00
      vertex   1.751210e+01 6.765000e+01 -9.297288e+00
      vertex   1.746130e+01 6.765000e+01 -9.280380e+00
    endloop
  endfacet
  facet normal 2.473065e-01 0.000000e+00 9.689373e-01
    outer loop
      vertex   1.740942e+01 6.670000e+01 -9.267140e+00
      vertex   1.746130e+01 6.670000e+01 -9.280380e+00
      vertex   1.746130e+01 6.765000e+01 -9.280380e+00
    endloop
  endfacet
  facet normal 2.473065e-01 -0.000000e+00 9.689373e-01
    outer loop
      vertex   1.740942e+01 6.670000e+01 -9.267140e+00
      vertex   1.746130e+01 6.765000e+01 -9.280380e+00
      vertex   1.740942e+01 6.765000e+01 -9.267140e+00
    endloop
  endfacet
  facet normal 1.775532e-01 0.000000e+00 9.841112e-01
    outer loop
      vertex   1.735674e+01 6.670000e+01 -9.257634e+00
      vertex   1.740942e+01 6.670000e+01 -9.267140e+00
      vertex   1.740942e+01 6.765000e+01 -9.267140e+00
    endloop
  endfacet
  facet normal 1.775532e-01 -0.000000e+00 9.841112e-01
    outer loop
      vertex   1.735674e+01 6.670000e+01 -9.257634e+00
      vertex   1.740942e+01 6.765000e+01 -9.267140e+00
      vertex   1.735674e+01 6.765000e+01 -9.257634e+00
    endloop
  endfacet
  facet normal 1.068951e-01 0.000000e+00 9.942703e-01
    outer loop
      vertex   1.730350e+01 6.670000e+01 -9.251911e+00
      vertex   1.735674e+01 6.670000e+01 -9.257634e+00
      vertex   1.735674e+01 6.765000e+01 -9.257634e+00
    endloop
  endfacet
  facet normal 1.068951e-01 -0.000000e+00 9.942703e-01
    outer loop
      vertex   1.730350e+01 6.670000e+01 -9.251911e+00
      vertex   1.735674e+01 6.765000e+01 -9.257634e+00
      vertex   1.730350e+01 6.765000e+01 -9.251911e+00
    endloop
  endfacet
  facet normal 5.921189e-16 0.000000e+00 1.000000e+00
    outer loop
      vertex   1.725000e+01 7.050000e+01 -9.250000e+00
      vertex   1.425000e+01 7.050000e+01 -9.250000e+00
      vertex   1.725000e+01 6.575000e+01 -9.250000e+00
    endloop
  endfacet
  facet normal 5.921189e-16 0.000000e+00 1.000000e+00
    outer loop
      vertex   1.725000e+01 6.575000e+01 -9.250000e+00
      vertex   1.425000e+01 7.050000e+01 -9.250000e+00
      vertex   1.425000e+01 6.575000e+01 -9.250000e+00
    endloop
  endfacet
  facet normal -3.569233e-02 0.000000e+00 9.993628e-01
    outer loop
      vertex   1.425000e+01 7.050000e+01 -9.250000e+00
      vertex   1.419650e+01 6.765000e+01 -9.251911e+00
      vertex   1.425000e+01 6.575000e+01 -9.250000e+00
    endloop
  endfacet
  facet normal -3.569233e-02 0.000000e+00 9.993628e-01
    outer loop
      vertex   1.425000e+01 6.575000e+01 -9.250000e+00
      vertex   1.419650e+01 6.765000e+01 -9.251911e+00
      vertex   1.419650e+01 6.670000e+01 -9.251911e+00
    endloop
  endfacet
  facet normal -3.569233e-02 0.000000e+00 9.993628e-01
    outer loop
      vertex   1.425000e+01 6.575000e+01 -9.250000e+00
      vertex   1.419650e+01 6.670000e+01 -9.251911e+00
      vertex   1.419650e+01 6.575000e+01 -9.251911e+00
    endloop
  endfacet
  facet normal -1.068951e-01 0.000000e+00 9.942703e-01
    outer loop
      vertex   1.419650e+01 6.575000e+01 -9.251911e+00
      vertex   1.419650e+01 6.670000e+01 -9.251911e+00
      vertex   1.414326e+01 6.575000e+01 -9.257634e+00
    endloop
  endfacet
  facet normal -1.068951e-01 0.000000e+00 9.942703e-01
    outer loop
      vertex   1.414326e+01 6.575000e+01 -9.257634e+00
      vertex   1.419650e+01 6.670000e+01 -9.251911e+00
      vertex   1.414326e+01 6.670000e+01 -9.257634e+00
    endloop
  endfacet
  facet normal -1.775532e-01 0.000000e+00 9.841112e-01
    outer loop
      vertex   1.414326e+01 6.575000e+01 -9.257634e+00
      vertex   1.414326e+01 6.670000e+01 -9.257634e+00
      vertex   1.409058e+01 6.575000e+01 -9.267140e+00
    endloop
  endfacet
  facet normal -1.775532e-01 0.000000e+00 9.841112e-01
    outer loop
      vertex   1.409058e+01 6.575000e+01 -9.267140e+00
      vertex   1.414326e+01 6.670000e+01 -9.257634e+00
      vertex   1.409058e+01 6.670000e+01 -9.267140e+00
    endloop
  endfacet
  facet normal -2.473065e-01 0.000000e+00 9.689373e-01
    outer loop
      vertex   1.409058e+01 6.575000e+01 -9.267140e+00
      vertex   1.409058e+01 6.670000e+01 -9.267140e+00
      vertex   1.403870e+01 6.575000e+01 -9.280380e+00
    endloop
  endfacet
  facet normal -2.473065e-01 0.000000e+00 9.689373e-01
    outer loop
      vertex   1.403870e+01 6.575000e+01 -9.280380e+00
      vertex   1.409058e+01 6.670000e+01 -9.267140e+00
      vertex   1.403870e+01 6.670000e+01 -9.280380e+00
    endloop
  endfacet
  facet normal -3.157996e-01 0.000000e+00 9.488259e-01
    outer loop
      vertex   1.403870e+01 6.575000e+01 -9.280380e+00
      vertex   1.403870e+01 6.670000e+01 -9.280380e+00
      vertex   1.398790e+01 6.575000e+01 -9.297288e+00
    endloop
  endfacet
  facet normal -3.157996e-01 0.000000e+00 9.488259e-01
    outer loop
      vertex   1.398790e+01 6.575000e+01 -9.297288e+00
      vertex   1.403870e+01 6.670000e+01 -9.280380e+00
      vertex   1.398790e+01 6.670000e+01 -9.297288e+00
    endloop
  endfacet
  facet normal -3.826834e-01 0.000000e+00 9.238795e-01
    outer loop
      vertex   1.398790e+01 6.575000e+01 -9.297288e+00
      vertex   1.398790e+01 6.670000e+01 -9.297288e+00
      vertex   1.393844e+01 6.575000e+01 -9.317776e+00
    endloop
  endfacet
  facet normal -3.826834e-01 0.000000e+00 9.238795e-01
    outer loop
      vertex   1.393844e+01 6.575000e+01 -9.317776e+00
      vertex   1.398790e+01 6.670000e+01 -9.297288e+00
      vertex   1.393844e+01 6.670000e+01 -9.317776e+00
    endloop
  endfacet
  facet normal -4.476172e-01 0.000000e+00 8.942253e-01
    outer loop
      vertex   1.393844e+01 6.575000e+01 -9.317776e+00
      vertex   1.393844e+01 6.670000e+01 -9.317776e+00
      vertex   1.389056e+01 6.575000e+01 -9.341741e+00
    endloop
  endfacet
  facet normal -4.476172e-01 0.000000e+00 8.942253e-01
    outer loop
      vertex   1.389056e+01 6.575000e+01 -9.341741e+00
      vertex   1.393844e+01 6.670000e+01 -9.317776e+00
      vertex   1.389056e+01 6.670000e+01 -9.341741e+00
    endloop
  endfacet
  facet normal -5.102700e-01 0.000000e+00 8.600142e-01
    outer loop
      vertex   1.389056e+01 6.575000e+01 -9.341741e+00
      vertex   1.389056e+01 6.670000e+01 -9.341741e+00
      vertex   1.384452e+01 6.575000e+01 -9.369060e+00
    endloop
  endfacet
  facet normal -5.102700e-01 0.000000e+00 8.600142e-01
    outer loop
      vertex   1.384452e+01 6.575000e+01 -9.369060e+00
      vertex   1.389056e+01 6.670000e+01 -9.341741e+00
      vertex   1.384452e+01 6.670000e+01 -9.369060e+00
    endloop
  endfacet
  facet normal -5.703226e-01 0.000000e+00 8.214208e-01
    outer loop
      vertex   1.384452e+01 6.575000e+01 -9.369060e+00
      vertex   1.384452e+01 6.670000e+01 -9.369060e+00
      vertex   1.380054e+01 6.575000e+01 -9.399594e+00
    endloop
  endfacet
  facet normal -5.703226e-01 0.000000e+00 8.214208e-01
    outer loop
      vertex   1.380054e+01 6.575000e+01 -9.399594e+00
      vertex   1.384452e+01 6.670000e+01 -9.369060e+00
      vertex   1.380054e+01 6.670000e+01 -9.399594e+00
    endloop
  endfacet
  facet normal -6.274690e-01 0.000000e+00 7.786415e-01
    outer loop
      vertex   1.380054e+01 6.575000e+01 -9.399594e+00
      vertex   1.380054e+01 6.670000e+01 -9.399594e+00
      vertex   1.375885e+01 6.575000e+01 -9.433188e+00
    endloop
  endfacet
  facet normal -6.274690e-01 0.000000e+00 7.786415e-01
    outer loop
      vertex   1.375885e+01 6.575000e+01 -9.433188e+00
      vertex   1.380054e+01 6.670000e+01 -9.399594e+00
      vertex   1.375885e+01 6.670000e+01 -9.433188e+00
    endloop
  endfacet
  facet normal -6.814179e-01 0.000000e+00 7.318945e-01
    outer loop
      vertex   1.375885e+01 6.575000e+01 -9.433188e+00
      vertex   1.375885e+01 6.670000e+01 -9.433188e+00
      vertex   1.371967e+01 6.575000e+01 -9.469670e+00
    endloop
  endfacet
  facet normal -6.814179e-01 0.000000e+00 7.318945e-01
    outer loop
      vertex   1.371967e+01 6.575000e+01 -9.469670e+00
      vertex   1.375885e+01 6.670000e+01 -9.433188e+00
      vertex   1.371967e+01 6.670000e+01 -9.469670e+00
    endloop
  endfacet
  facet normal -7.318945e-01 0.000000e+00 6.814179e-01
    outer loop
      vertex   1.371967e+01 6.575000e+01 -9.469670e+00
      vertex   1.371967e+01 6.670000e+01 -9.469670e+00
      vertex   1.368319e+01 6.575000e+01 -9.508854e+00
    endloop
  endfacet
  facet normal -7.318945e-01 0.000000e+00 6.814179e-01
    outer loop
      vertex   1.368319e+01 6.575000e+01 -9.508854e+00
      vertex   1.371967e+01 6.670000e+01 -9.469670e+00
      vertex   1.368319e+01 6.670000e+01 -9.508854e+00
    endloop
  endfacet
  facet normal -7.786415e-01 0.000000e+00 6.274690e-01
    outer loop
      vertex   1.368319e+01 6.575000e+01 -9.508854e+00
      vertex   1.368319e+01 6.670000e+01 -9.508854e+00
      vertex   1.364959e+01 6.575000e+01 -9.550542e+00
    endloop
  endfacet
  facet normal -7.786415e-01 -1.173272e-15 6.274690e-01
    outer loop
      vertex   1.364959e+01 6.575000e+01 -9.550542e+00
      vertex   1.368319e+01 6.670000e+01 -9.508854e+00
      vertex   1.364959e+01 6.670000e+01 -9.550542e+00
    endloop
  endfacet
  facet normal -8.214208e-01 -1.066417e-15 5.703226e-01
    outer loop
      vertex   1.364959e+01 6.575000e+01 -9.550542e+00
      vertex   1.364959e+01 6.670000e+01 -9.550542e+00
      vertex   1.361906e+01 6.575000e+01 -9.594519e+00
    endloop
  endfacet
  facet normal -8.214208e-01 0.000000e+00 5.703226e-01
    outer loop
      vertex   1.361906e+01 6.575000e+01 -9.594519e+00
      vertex   1.364959e+01 6.670000e+01 -9.550542e+00
      vertex   1.361906e+01 6.670000e+01 -9.594519e+00
    endloop
  endfacet
  facet normal -8.600142e-01 0.000000e+00 5.102700e-01
    outer loop
      vertex   1.361906e+01 6.575000e+01 -9.594519e+00
      vertex   1.361906e+01 6.670000e+01 -9.594519e+00
      vertex   1.359174e+01 6.575000e+01 -9.640563e+00
    endloop
  endfacet
  facet normal -8.600142e-01 0.000000e+00 5.102700e-01
    outer loop
      vertex   1.359174e+01 6.575000e+01 -9.640563e+00
      vertex   1.361906e+01 6.670000e+01 -9.594519e+00
      vertex   1.359174e+01 6.670000e+01 -9.640563e+00
    endloop
  endfacet
  facet normal -8.942253e-01 0.000000e+00 4.476172e-01
    outer loop
      vertex   1.359174e+01 6.575000e+01 -9.640563e+00
      vertex   1.359174e+01 6.670000e+01 -9.640563e+00
      vertex   1.356778e+01 6.575000e+01 -9.688439e+00
    endloop
  endfacet
  facet normal -8.942253e-01 0.000000e+00 4.476172e-01
    outer loop
      vertex   1.356778e+01 6.575000e+01 -9.688439e+00
      vertex   1.359174e+01 6.670000e+01 -9.640563e+00
      vertex   1.356778e+01 6.670000e+01 -9.688439e+00
    endloop
  endfacet
  facet normal -9.238795e-01 0.000000e+00 3.826834e-01
    outer loop
      vertex   1.356778e+01 6.575000e+01 -9.688439e+00
      vertex   1.356778e+01 6.670000e+01 -9.688439e+00
      vertex   1.354729e+01 6.575000e+01 -9.737902e+00
    endloop
  endfacet
  facet normal -9.238795e-01 0.000000e+00 3.826834e-01
    outer loop
      vertex   1.354729e+01 6.575000e+01 -9.737902e+00
      vertex   1.356778e+01 6.670000e+01 -9.688439e+00
      vertex   1.354729e+01 6.670000e+01 -9.737902e+00
    endloop
  endfacet
  facet normal -9.488259e-01 0.000000e+00 3.157996e-01
    outer loop
      vertex   1.354729e+01 6.575000e+01 -9.737902e+00
      vertex   1.354729e+01 6.670000e+01 -9.737902e+00
      vertex   1.353038e+01 6.575000e+01 -9.788701e+00
    endloop
  endfacet
  facet normal -9.488259e-01 0.000000e+00 3.157996e-01
    outer loop
      vertex   1.353038e+01 6.575000e+01 -9.788701e+00
      vertex   1.354729e+01 6.670000e+01 -9.737902e+00
      vertex   1.353038e+01 6.670000e+01 -9.788701e+00
    endloop
  endfacet
  facet normal -9.689373e-01 0.000000e+00 2.473065e-01
    outer loop
      vertex   1.353038e+01 6.575000e+01 -9.788701e+00
      vertex   1.353038e+01 6.670000e+01 -9.788701e+00
      vertex   1.351714e+01 6.575000e+01 -9.840576e+00
    endloop
  endfacet
  facet normal -9.689373e-01 0.000000e+00 2.473065e-01
    outer loop
      vertex   1.351714e+01 6.575000e+01 -9.840576e+00
      vertex   1.353038e+01 6.670000e+01 -9.788701e+00
      vertex   1.351714e+01 6.670000e+01 -9.840576e+00
    endloop
  endfacet
  facet normal -9.841112e-01 0.000000e+00 1.775532e-01
    outer loop
      vertex   1.351714e+01 6.575000e+01 -9.840576e+00
      vertex   1.351714e+01 6.670000e+01 -9.840576e+00
      vertex   1.350763e+01 6.575000e+01 -9.893264e+00
    endloop
  endfacet
  facet normal -9.841112e-01 0.000000e+00 1.775532e-01
    outer loop
      vertex   1.350763e+01 6.575000e+01 -9.893264e+00
      vertex   1.351714e+01 6.670000e+01 -9.840576e+00
      vertex   1.350763e+01 6.670000e+01 -9.893264e+00
    endloop
  endfacet
  facet normal -9.942703e-01 0.000000e+00 1.068951e-01
    outer loop
      vertex   1.350763e+01 6.575000e+01 -9.893264e+00
      vertex   1.350763e+01 6.670000e+01 -9.893264e+00
      vertex   1.350191e+01 6.575000e+01 -9.946496e+00
    endloop
  endfacet
  facet normal -9.942703e-01 0.000000e+00 1.068951e-01
    outer loop
      vertex   1.350191e+01 6.575000e+01 -9.946496e+00
      vertex   1.350763e+01 6.670000e+01 -9.893264e+00
      vertex   1.350191e+01 6.670000e+01 -9.946496e+00
    endloop
  endfacet
  facet normal -9.993628e-01 0.000000e+00 3.569233e-02
    outer loop
      vertex   1.350191e+01 6.575000e+01 -9.946496e+00
      vertex   1.350191e+01 6.670000e+01 -9.946496e+00
      vertex   1.350000e+01 6.575000e+01 -1.000000e+01
    endloop
  endfacet
  facet normal -9.993628e-01 0.000000e+00 3.569233e-02
    outer loop
      vertex   1.350000e+01 6.575000e+01 -1.000000e+01
      vertex   1.350191e+01 6.670000e+01 -9.946496e+00
      vertex   1.350191e+01 6.765000e+01 -9.946496e+00
    endloop
  endfacet
  facet normal -9.993628e-01 0.000000e+00 3.569233e-02
    outer loop
      vertex   1.350000e+01 6.575000e+01 -1.000000e+01
      vertex   1.350191e+01 6.765000e+01 -9.946496e+00
      vertex   1.350191e+01 6.860000e+01 -9.946496e+00
    endloop
  endfacet
  facet normal -9.942703e-01 0.000000e+00 1.068951e-01
    outer loop
      vertex   1.350191e+01 6.860000e+01 -9.946496e+00
      vertex   1.350191e+01 6.765000e+01 -9.946496e+00
      vertex   1.350763e+01 6.860000e+01 -9.893264e+00
    endloop
  endfacet
  facet normal -9.942703e-01 0.000000e+00 1.068951e-01
    outer loop
      vertex   1.350191e+01 6.860000e+01 -9.946496e+00
      vertex   1.350763e+01 6.860000e+01 -9.893264e+00
      vertex   1.350763e+01 6.955000e+01 -9.893264e+00
    endloop
  endfacet
  facet normal -9.841112e-01 0.000000e+00 1.775532e-01
    outer loop
      vertex   1.350763e+01 6.955000e+01 -9.893264e+00
      vertex   1.350763e+01 6.860000e+01 -9.893264e+00
      vertex   1.351714e+01 6.955000e+01 -9.840576e+00
    endloop
  endfacet
  facet normal -9.841112e-01 0.000000e+00 1.775532e-01
    outer loop
      vertex   1.350763e+01 6.955000e+01 -9.893264e+00
      vertex   1.351714e+01 6.955000e+01 -9.840576e+00
      vertex   1.351714e+01 7.050000e+01 -9.840576e+00
    endloop
  endfacet
  facet normal -9.689373e-01 0.000000e+00 2.473065e-01
    outer loop
      vertex   1.351714e+01 7.050000e+01 -9.840576e+00
      vertex   1.351714e+01 6.955000e+01 -9.840576e+00
      vertex   1.353038e+01 7.050000e+01 -9.788701e+00
    endloop
  endfacet
  facet normal -9.689373e-01 0.000000e+00 2.473065e-01
    outer loop
      vertex   1.353038e+01 7.050000e+01 -9.788701e+00
      vertex   1.351714e+01 6.955000e+01 -9.840576e+00
      vertex   1.353038e+01 6.955000e+01 -9.788701e+00
    endloop
  endfacet
  facet normal -9.488259e-01 0.000000e+00 3.157996e-01
    outer loop
      vertex   1.353038e+01 7.050000e+01 -9.788701e+00
      vertex   1.353038e+01 6.955000e+01 -9.788701e+00
      vertex   1.354729e+01 7.050000e+01 -9.737902e+00
    endloop
  endfacet
  facet normal -9.488259e-01 0.000000e+00 3.157996e-01
    outer loop
      vertex   1.354729e+01 7.050000e+01 -9.737902e+00
      vertex   1.353038e+01 6.955000e+01 -9.788701e+00
      vertex   1.354729e+01 6.955000e+01 -9.737902e+00
    endloop
  endfacet
  facet normal -9.238795e-01 0.000000e+00 3.826834e-01
    outer loop
      vertex   1.354729e+01 7.050000e+01 -9.737902e+00
      vertex   1.354729e+01 6.955000e+01 -9.737902e+00
      vertex   1.356778e+01 7.050000e+01 -9.688439e+00
    endloop
  endfacet
  facet normal -9.238795e-01 0.000000e+00 3.826834e-01
    outer loop
      vertex   1.356778e+01 7.050000e+01 -9.688439e+00
      vertex   1.354729e+01 6.955000e+01 -9.737902e+00
      vertex   1.356778e+01 6.955000e+01 -9.688439e+00
    endloop
  endfacet
  facet normal -8.942253e-01 0.000000e+00 4.476172e-01
    outer loop
      vertex   1.356778e+01 7.050000e+01 -9.688439e+00
      vertex   1.356778e+01 6.955000e+01 -9.688439e+00
      vertex   1.359174e+01 7.050000e+01 -9.640563e+00
    endloop
  endfacet
  facet normal -8.942253e-01 0.000000e+00 4.476172e-01
    outer loop
      vertex   1.359174e+01 7.050000e+01 -9.640563e+00
      vertex   1.356778e+01 6.955000e+01 -9.688439e+00
      vertex   1.359174e+01 6.955000e+01 -9.640563e+00
    endloop
  endfacet
  facet normal -8.600142e-01 0.000000e+00 5.102700e-01
    outer loop
      vertex   1.359174e+01 7.050000e+01 -9.640563e+00
      vertex   1.359174e+01 6.955000e+01 -9.640563e+00
      vertex   1.361906e+01 7.050000e+01 -9.594519e+00
    endloop
  endfacet
  facet normal -8.600142e-01 0.000000e+00 5.102700e-01
    outer loop
      vertex   1.361906e+01 7.050000e+01 -9.594519e+00
      vertex   1.359174e+01 6.955000e+01 -9.640563e+00
      vertex   1.361906e+01 6.955000e+01 -9.594519e+00
    endloop
  endfacet
  facet normal -8.214208e-01 0.000000e+00 5.703226e-01
    outer loop
      vertex   1.361906e+01 7.050000e+01 -9.594519e+00
      vertex   1.361906e+01 6.955000e+01 -9.594519e+00
      vertex   1.364959e+01 7.050000e+01 -9.550542e+00
    endloop
  endfacet
  facet normal -8.214208e-01 1.066417e-15 5.703226e-01
    outer loop
      vertex   1.364959e+01 7.050000e+01 -9.550542e+00
      vertex   1.361906e+01 6.955000e+01 -9.594519e+00
      vertex   1.364959e+01 6.955000e+01 -9.550542e+00
    endloop
  endfacet
  facet normal -7.786415e-01 1.173272e-15 6.274690e-01
    outer loop
      vertex   1.364959e+01 7.050000e+01 -9.550542e+00
      vertex   1.364959e+01 6.955000e+01 -9.550542e+00
      vertex   1.368319e+01 7.050000e+01 -9.508854e+00
    endloop
  endfacet
  facet normal -7.786415e-01 0.000000e+00 6.274690e-01
    outer loop
      vertex   1.368319e+01 7.050000e+01 -9.508854e+00
      vertex   1.364959e+01 6.955000e+01 -9.550542e+00
      vertex   1.368319e+01 6.955000e+01 -9.508854e+00
    endloop
  endfacet
  facet normal -7.318945e-01 0.000000e+00 6.814179e-01
    outer loop
      vertex   1.368319e+01 7.050000e+01 -9.508854e+00
      vertex   1.368319e+01 6.955000e+01 -9.508854e+00
      vertex   1.371967e+01 7.050000e+01 -9.469670e+00
    endloop
  endfacet
  facet normal -7.318945e-01 0.000000e+00 6.814179e-01
    outer loop
      vertex   1.371967e+01 7.050000e+01 -9.469670e+00
      vertex   1.368319e+01 6.955000e+01 -9.508854e+00
      vertex   1.371967e+01 6.955000e+01 -9.469670e+00
    endloop
  endfacet
  facet normal -6.814179e-01 0.000000e+00 7.318945e-01
    outer loop
      vertex   1.371967e+01 7.050000e+01 -9.469670e+00
      vertex   1.371967e+01 6.955000e+01 -9.469670e+00
      vertex   1.375885e+01 7.050000e+01 -9.433188e+00
    endloop
  endfacet
  facet normal -6.814179e-01 0.000000e+00 7.318945e-01
    outer loop
      vertex   1.375885e+01 7.050000e+01 -9.433188e+00
      vertex   1.371967e+01 6.955000e+01 -9.469670e+00
      vertex   1.375885e+01 6.955000e+01 -9.433188e+00
    endloop
  endfacet
  facet normal -6.274690e-01 0.000000e+00 7.786415e-01
    outer loop
      vertex   1.375885e+01 7.050000e+01 -9.433188e+00
      vertex   1.375885e+01 6.955000e+01 -9.433188e+00
      vertex   1.380054e+01 7.050000e+01 -9.399594e+00
    endloop
  endfacet
  facet normal -6.274690e-01 0.000000e+00 7.786415e-01
    outer loop
      vertex   1.380054e+01 7.050000e+01 -9.399594e+00
      vertex   1.375885e+01 6.955000e+01 -9.433188e+00
      vertex   1.380054e+01 6.955000e+01 -9.399594e+00
    endloop
  endfacet
  facet normal -5.703226e-01 0.000000e+00 8.214208e-01
    outer loop
      vertex   1.380054e+01 7.050000e+01 -9.399594e+00
      vertex   1.380054e+01 6.955000e+01 -9.399594e+00
      vertex   1.384452e+01 7.050000e+01 -9.369060e+00
    endloop
  endfacet
  facet normal -5.703226e-01 0.000000e+00 8.214208e-01
    outer loop
      vertex   1.384452e+01 7.050000e+01 -9.369060e+00
      vertex   1.380054e+01 6.955000e+01 -9.399594e+00
      vertex   1.384452e+01 6.955000e+01 -9.369060e+00
    endloop
  endfacet
  facet normal -5.102700e-01 0.000000e+00 8.600142e-01
    outer loop
      vertex   1.384452e+01 7.050000e+01 -9.369060e+00
      vertex   1.384452e+01 6.955000e+01 -9.369060e+00
      vertex   1.389056e+01 7.050000e+01 -9.341741e+00
    endloop
  endfacet
  facet normal -5.102700e-01 0.000000e+00 8.600142e-01
    outer loop
      vertex   1.389056e+01 7.050000e+01 -9.341741e+00
      vertex   1.384452e+01 6.955000e+01 -9.369060e+00
      vertex   1.389056e+01 6.955000e+01 -9.341741e+00
    endloop
  endfacet
  facet normal -4.476172e-01 0.000000e+00 8.942253e-01
    outer loop
      vertex   1.389056e+01 7.050000e+01 -9.341741e+00
      vertex   1.389056e+01 6.955000e+01 -9.341741e+00
      vertex   1.393844e+01 7.050000e+01 -9.317776e+00
    endloop
  endfacet
  facet normal -4.476172e-01 0.000000e+00 8.942253e-01
    outer loop
      vertex   1.393844e+01 7.050000e+01 -9.317776e+00
      vertex   1.389056e+01 6.955000e+01 -9.341741e+00
      vertex   1.393844e+01 6.955000e+01 -9.317776e+00
    endloop
  endfacet
  facet normal -3.826834e-01 0.000000e+00 9.238795e-01
    outer loop
      vertex   1.393844e+01 7.050000e+01 -9.317776e+00
      vertex   1.393844e+01 6.955000e+01 -9.317776e+00
      vertex   1.398790e+01 7.050000e+01 -9.297288e+00
    endloop
  endfacet
  facet normal -3.826834e-01 0.000000e+00 9.238795e-01
    outer loop
      vertex   1.398790e+01 7.050000e+01 -9.297288e+00
      vertex   1.393844e+01 6.955000e+01 -9.317776e+00
      vertex   1.398790e+01 6.955000e+01 -9.297288e+00
    endloop
  endfacet
  facet normal -3.157996e-01 0.000000e+00 9.488259e-01
    outer loop
      vertex   1.398790e+01 7.050000e+01 -9.297288e+00
      vertex   1.398790e+01 6.955000e+01 -9.297288e+00
      vertex   1.403870e+01 7.050000e+01 -9.280380e+00
    endloop
  endfacet
  facet normal -3.157996e-01 0.000000e+00 9.488259e-01
    outer loop
      vertex   1.403870e+01 7.050000e+01 -9.280380e+00
      vertex   1.398790e+01 6.955000e+01 -9.297288e+00
      vertex   1.403870e+01 6.955000e+01 -9.280380e+00
    endloop
  endfacet
  facet normal -2.473065e-01 0.000000e+00 9.689373e-01
    outer loop
      vertex   1.403870e+01 7.050000e+01 -9.280380e+00
      vertex   1.403870e+01 6.955000e+01 -9.280380e+00
      vertex   1.409058e+01 7.050000e+01 -9.267140e+00
    endloop
  endfacet
  facet normal -2.473065e-01 0.000000e+00 9.689373e-01
    outer loop
      vertex   1.409058e+01 7.050000e+01 -9.267140e+00
      vertex   1.403870e+01 6.955000e+01 -9.280380e+00
      vertex   1.409058e+01 6.955000e+01 -9.267140e+00
    endloop
  endfacet
  facet normal -1.775532e-01 0.000000e+00 9.841112e-01
    outer loop
      vertex   1.409058e+01 7.050000e+01 -9.267140e+00
      vertex   1.409058e+01 6.955000e+01 -9.267140e+00
      vertex   1.414326e+01 7.050000e+01 -9.257634e+00
    endloop
  endfacet
  facet normal -1.775532e-01 0.000000e+00 9.841112e-01
    outer loop
      vertex   1.414326e+01 7.050000e+01 -9.257634e+00
      vertex   1.409058e+01 6.955000e+01 -9.267140e+00
      vertex   1.414326e+01 6.955000e+01 -9.257634e+00
    endloop
  endfacet
  facet normal -1.068951e-01 0.000000e+00 9.942703e-01
    outer loop
      vertex   1.414326e+01 7.050000e+01 -9.257634e+00
      vertex   1.414326e+01 6.955000e+01 -9.257634e+00
      vertex   1.419650e+01 7.050000e+01 -9.251911e+00
    endloop
  endfacet
  facet normal -1.068951e-01 0.000000e+00 9.942703e-01
    outer loop
      vertex   1.419650e+01 7.050000e+01 -9.251911e+00
      vertex   1.414326e+01 6.955000e+01 -9.257634e+00
      vertex   1.419650e+01 6.955000e+01 -9.251911e+00
    endloop
  endfacet
  facet normal -3.569233e-02 0.000000e+00 9.993628e-01
    outer loop
      vertex   1.419650e+01 7.050000e+01 -9.251911e+00
      vertex   1.419650e+01 6.955000e+01 -9.251911e+00
      vertex   1.425000e+01 7.050000e+01 -9.250000e+00
    endloop
  endfacet
  facet normal -3.569233e-02 0.000000e+00 9.993628e-01
    outer loop
      vertex   1.425000e+01 7.050000e+01 -9.250000e+00
      vertex   1.419650e+01 6.955000e+01 -9.251911e+00
      vertex   1.419650e+01 6.860000e+01 -9.251911e+00
    endloop
  endfacet
  facet normal -3.569233e-02 0.000000e+00 9.993628e-01
    outer loop
      vertex   1.425000e+01 7.050000e+01 -9.250000e+00
      vertex   1.419650e+01 6.860000e+01 -9.251911e+00
      vertex   1.419650e+01 6.765000e+01 -9.251911e+00
    endloop
  endfacet
  facet normal -1.068951e-01 0.000000e+00 9.942703e-01
    outer loop
      vertex   1.419650e+01 6.765000e+01 -9.251911e+00
      vertex   1.419650e+01 6.860000e+01 -9.251911e+00
      vertex   1.414326e+01 6.765000e+01 -9.257634e+00
    endloop
  endfacet
  facet normal -1.068951e-01 0.000000e+00 9.942703e-01
    outer loop
      vertex   1.419650e+01 6.765000e+01 -9.251911e+00
      vertex   1.414326e+01 6.765000e+01 -9.257634e+00
      vertex   1.414326e+01 6.670000e+01 -9.257634e+00
    endloop
  endfacet
  facet normal -1.775532e-01 0.000000e+00 9.841112e-01
    outer loop
      vertex   1.414326e+01 6.670000e+01 -9.257634e+00
      vertex   1.414326e+01 6.765000e+01 -9.257634e+00
      vertex   1.409058e+01 6.670000e+01 -9.267140e+00
    endloop
  endfacet
  facet normal -9.841112e-01 0.000000e+00 1.775532e-01
    outer loop
      vertex   1.351714e+01 7.050000e+01 -9.840576e+00
      vertex   1.350763e+01 7.050000e+01 -9.893264e+00
      vertex   1.350763e+01 6.955000e+01 -9.893264e+00
    endloop
  endfacet
  facet normal -9.942703e-01 0.000000e+00 1.068951e-01
    outer loop
      vertex   1.350763e+01 6.955000e+01 -9.893264e+00
      vertex   1.350763e+01 7.050000e+01 -9.893264e+00
      vertex   1.350191e+01 6.955000e+01 -9.946496e+00
    endloop
  endfacet
  facet normal -9.942703e-01 0.000000e+00 1.068951e-01
    outer loop
      vertex   1.350763e+01 6.955000e+01 -9.893264e+00
      vertex   1.350191e+01 6.955000e+01 -9.946496e+00
      vertex   1.350191e+01 6.860000e+01 -9.946496e+00
    endloop
  endfacet
  facet normal -9.993628e-01 0.000000e+00 3.569233e-02
    outer loop
      vertex   1.350191e+01 6.860000e+01 -9.946496e+00
      vertex   1.350191e+01 6.955000e+01 -9.946496e+00
      vertex   1.350000e+01 7.050000e+01 -1.000000e+01
    endloop
  endfacet
  facet normal -9.993628e-01 0.000000e+00 3.569233e-02
    outer loop
      vertex   1.350191e+01 6.860000e+01 -9.946496e+00
      vertex   1.350000e+01 7.050000e+01 -1.000000e+01
      vertex   1.350000e+01 6.575000e+01 -1.000000e+01
    endloop
  endfacet
  facet normal -9.942703e-01 0.000000e+00 1.068951e-01
    outer loop
      vertex   1.350763e+01 7.050000e+01 -9.893264e+00
      vertex   1.350191e+01 7.050000e+01 -9.946496e+00
      vertex   1.350191e+01 6.955000e+01 -9.946496e+00
    endloop
  endfacet
  facet normal -9.993628e-01 0.000000e+00 3.569233e-02
    outer loop
      vertex   1.350191e+01 6.955000e+01 -9.946496e+00
      vertex   1.350191e+01 7.050000e+01 -9.946496e+00
      vertex   1.350000e+01 7.050000e+01 -1.000000e+01
    endloop
  endfacet
  facet normal -1.068951e-01 0.000000e+00 9.942703e-01
    outer loop
      vertex   1.419650e+01 6.860000e+01 -9.251911e+00
      vertex   1.419650e+01 6.955000e+01 -9.251911e+00
      vertex   1.414326e+01 6.860000e+01 -9.257634e+00
    endloop
  endfacet
  facet normal -1.068951e-01 0.000000e+00 9.942703e-01
    outer loop
      vertex   1.414326e+01 6.860000e+01 -9.257634e+00
      vertex   1.419650e+01 6.955000e+01 -9.251911e+00
      vertex   1.414326e+01 6.955000e+01 -9.257634e+00
    endloop
  endfacet
  facet normal -1.775532e-01 0.000000e+00 9.841112e-01
    outer loop
      vertex   1.414326e+01 6.860000e+01 -9.257634e+00
      vertex   1.414326e+01 6.955000e+01 -9.257634e+00
      vertex   1.409058e+01 6.860000e+01 -9.267140e+00
    endloop
  endfacet
  facet normal -1.775532e-01 0.000000e+00 9.841112e-01
    outer loop
      vertex   1.409058e+01 6.860000e+01 -9.267140e+00
      vertex   1.414326e+01 6.955000e+01 -9.257634e+00
      vertex   1.409058e+01 6.955000e+01 -9.267140e+00
    endloop
  endfacet
  facet normal -2.473065e-01 0.000000e+00 9.689373e-01
    outer loop
      vertex   1.409058e+01 6.860000e+01 -9.267140e+00
      vertex   1.409058e+01 6.955000e+01 -9.267140e+00
      vertex   1.403870e+01 6.860000e+01 -9.280380e+00
    endloop
  endfacet
  facet normal -2.473065e-01 0.000000e+00 9.689373e-01
    outer loop
      vertex   1.403870e+01 6.860000e+01 -9.280380e+00
      vertex   1.409058e+01 6.955000e+01 -9.267140e+00
      vertex   1.403870e+01 6.955000e+01 -9.280380e+00
    endloop
  endfacet
  facet normal -3.157996e-01 0.000000e+00 9.488259e-01
    outer loop
      vertex   1.403870e+01 6.860000e+01 -9.280380e+00
      vertex   1.403870e+01 6.955000e+01 -9.280380e+00
      vertex   1.398790e+01 6.860000e+01 -9.297288e+00
    endloop
  endfacet
  facet normal -3.157996e-01 0.000000e+00 9.488259e-01
    outer loop
      vertex   1.398790e+01 6.860000e+01 -9.297288e+00
      vertex   1.403870e+01 6.955000e+01 -9.280380e+00
      vertex   1.398790e+01 6.955000e+01 -9.297288e+00
    endloop
  endfacet
  facet normal -3.826834e-01 0.000000e+00 9.238795e-01
    outer loop
      vertex   1.398790e+01 6.860000e+01 -9.297288e+00
      vertex   1.398790e+01 6.955000e+01 -9.297288e+00
      vertex   1.393844e+01 6.860000e+01 -9.317776e+00
    endloop
  endfacet
  facet normal -3.826834e-01 0.000000e+00 9.238795e-01
    outer loop
      vertex   1.393844e+01 6.860000e+01 -9.317776e+00
      vertex   1.398790e+01 6.955000e+01 -9.297288e+00
      vertex   1.393844e+01 6.955000e+01 -9.317776e+00
    endloop
  endfacet
  facet normal -4.476172e-01 0.000000e+00 8.942253e-01
    outer loop
      vertex   1.393844e+01 6.860000e+01 -9.317776e+00
      vertex   1.393844e+01 6.955000e+01 -9.317776e+00
      vertex   1.389056e+01 6.860000e+01 -9.341741e+00
    endloop
  endfacet
  facet normal -4.476172e-01 0.000000e+00 8.942253e-01
    outer loop
      vertex   1.389056e+01 6.860000e+01 -9.341741e+00
      vertex   1.393844e+01 6.955000e+01 -9.317776e+00
      vertex   1.389056e+01 6.955000e+01 -9.341741e+00
    endloop
  endfacet
  facet normal -5.102700e-01 0.000000e+00 8.600142e-01
    outer loop
      vertex   1.389056e+01 6.860000e+01 -9.341741e+00
      vertex   1.389056e+01 6.955000e+01 -9.341741e+00
      vertex   1.384452e+01 6.860000e+01 -9.369060e+00
    endloop
  endfacet
  facet normal -5.102700e-01 0.000000e+00 8.600142e-01
    outer loop
      vertex   1.384452e+01 6.860000e+01 -9.369060e+00
      vertex   1.389056e+01 6.955000e+01 -9.341741e+00
      vertex   1.384452e+01 6.955000e+01 -9.369060e+00
    endloop
  endfacet
  facet normal -5.703226e-01 0.000000e+00 8.214208e-01
    outer loop
      vertex   1.384452e+01 6.860000e+01 -9.369060e+00
      vertex   1.384452e+01 6.955000e+01 -9.369060e+00
      vertex   1.380054e+01 6.860000e+01 -9.399594e+00
    endloop
  endfacet
  facet normal -5.703226e-01 0.000000e+00 8.214208e-01
    outer loop
      vertex   1.380054e+01 6.860000e+01 -9.399594e+00
      vertex   1.384452e+01 6.955000e+01 -9.369060e+00
      vertex   1.380054e+01 6.955000e+01 -9.399594e+00
    endloop
  endfacet
  facet normal -6.274690e-01 0.000000e+00 7.786415e-01
    outer loop
      vertex   1.380054e+01 6.860000e+01 -9.399594e+00
      vertex   1.380054e+01 6.955000e+01 -9.399594e+00
      vertex   1.375885e+01 6.860000e+01 -9.433188e+00
    endloop
  endfacet
  facet normal -6.274690e-01 0.000000e+00 7.786415e-01
    outer loop
      vertex   1.375885e+01 6.860000e+01 -9.433188e+00
      vertex   1.380054e+01 6.955000e+01 -9.399594e+00
      vertex   1.375885e+01 6.955000e+01 -9.433188e+00
    endloop
  endfacet
  facet normal -6.814179e-01 0.000000e+00 7.318945e-01
    outer loop
      vertex   1.375885e+01 6.860000e+01 -9.433188e+00
      vertex   1.375885e+01 6.955000e+01 -9.433188e+00
      vertex   1.371967e+01 6.860000e+01 -9.469670e+00
    endloop
  endfacet
  facet normal -6.814179e-01 0.000000e+00 7.318945e-01
    outer loop
      vertex   1.371967e+01 6.860000e+01 -9.469670e+00
      vertex   1.375885e+01 6.955000e+01 -9.433188e+00
      vertex   1.371967e+01 6.955000e+01 -9.469670e+00
    endloop
  endfacet
  facet normal -7.318945e-01 0.000000e+00 6.814179e-01
    outer loop
      vertex   1.371967e+01 6.860000e+01 -9.469670e+00
      vertex   1.371967e+01 6.955000e+01 -9.469670e+00
      vertex   1.368319e+01 6.860000e+01 -9.508854e+00
    endloop
  endfacet
  facet normal -7.318945e-01 0.000000e+00 6.814179e-01
    outer loop
      vertex   1.368319e+01 6.860000e+01 -9.508854e+00
      vertex   1.371967e+01 6.955000e+01 -9.469670e+00
      vertex   1.368319e+01 6.955000e+01 -9.508854e+00
    endloop
  endfacet
  facet normal -7.786415e-01 0.000000e+00 6.274690e-01
    outer loop
      vertex   1.368319e+01 6.860000e+01 -9.508854e+00
      vertex   1.368319e+01 6.955000e+01 -9.508854e+00
      vertex   1.364959e+01 6.860000e+01 -9.550542e+00
    endloop
  endfacet
  facet normal -7.786415e-01 0.000000e+00 6.274690e-01
    outer loop
      vertex   1.364959e+01 6.860000e+01 -9.550542e+00
      vertex   1.368319e+01 6.955000e+01 -9.508854e+00
      vertex   1.364959e+01 6.955000e+01 -9.550542e+00
    endloop
  endfacet
  facet normal -8.214208e-01 0.000000e+00 5.703226e-01
    outer loop
      vertex   1.364959e+01 6.860000e+01 -9.550542e+00
      vertex   1.364959e+01 6.955000e+01 -9.550542e+00
      vertex   1.361906e+01 6.860000e+01 -9.594519e+00
    endloop
  endfacet
  facet normal -8.214208e-01 0.000000e+00 5.703226e-01
    outer loop
      vertex   1.361906e+01 6.860000e+01 -9.594519e+00
      vertex   1.364959e+01 6.955000e+01 -9.550542e+00
      vertex   1.361906e+01 6.955000e+01 -9.594519e+00
    endloop
  endfacet
  facet normal -8.600142e-01 0.000000e+00 5.102700e-01
    outer loop
      vertex   1.361906e+01 6.860000e+01 -9.594519e+00
      vertex   1.361906e+01 6.955000e+01 -9.594519e+00
      vertex   1.359174e+01 6.860000e+01 -9.640563e+00
    endloop
  endfacet
  facet normal -8.600142e-01 0.000000e+00 5.102700e-01
    outer loop
      vertex   1.359174e+01 6.860000e+01 -9.640563e+00
      vertex   1.361906e+01 6.955000e+01 -9.594519e+00
      vertex   1.359174e+01 6.955000e+01 -9.640563e+00
    endloop
  endfacet
  facet normal -8.942253e-01 0.000000e+00 4.476172e-01
    outer loop
      vertex   1.359174e+01 6.860000e+01 -9.640563e+00
      vertex   1.359174e+01 6.955000e+01 -9.640563e+00
      vertex   1.356778e+01 6.860000e+01 -9.688439e+00
    endloop
  endfacet
  facet normal -8.942253e-01 0.000000e+00 4.476172e-01
    outer loop
      vertex   1.356778e+01 6.860000e+01 -9.688439e+00
      vertex   1.359174e+01 6.955000e+01 -9.640563e+00
      vertex   1.356778e+01 6.955000e+01 -9.688439e+00
    endloop
  endfacet
  facet normal -9.238795e-01 0.000000e+00 3.826834e-01
    outer loop
      vertex   1.356778e+01 6.860000e+01 -9.688439e+00
      vertex   1.356778e+01 6.955000e+01 -9.688439e+00
      vertex   1.354729e+01 6.860000e+01 -9.737902e+00
    endloop
  endfacet
  facet normal -9.238795e-01 0.000000e+00 3.826834e-01
    outer loop
      vertex   1.354729e+01 6.860000e+01 -9.737902e+00
      vertex   1.356778e+01 6.955000e+01 -9.688439e+00
      vertex   1.354729e+01 6.955000e+01 -9.737902e+00
    endloop
  endfacet
  facet normal -9.488259e-01 0.000000e+00 3.157996e-01
    outer loop
      vertex   1.354729e+01 6.860000e+01 -9.737902e+00
      vertex   1.354729e+01 6.955000e+01 -9.737902e+00
      vertex   1.353038e+01 6.860000e+01 -9.788701e+00
    endloop
  endfacet
  facet normal -9.488259e-01 0.000000e+00 3.157996e-01
    outer loop
      vertex   1.353038e+01 6.860000e+01 -9.788701e+00
      vertex   1.354729e+01 6.955000e+01 -9.737902e+00
      vertex   1.353038e+01 6.955000e+01 -9.788701e+00
    endloop
  endfacet
  facet normal -9.689373e-01 0.000000e+00 2.473065e-01
    outer loop
      vertex   1.353038e+01 6.860000e+01 -9.788701e+00
      vertex   1.353038e+01 6.955000e+01 -9.788701e+00
      vertex   1.351714e+01 6.860000e+01 -9.840576e+00
    endloop
  endfacet
  facet normal -9.689373e-01 0.000000e+00 2.473065e-01
    outer loop
      vertex   1.351714e+01 6.860000e+01 -9.840576e+00
      vertex   1.353038e+01 6.955000e+01 -9.788701e+00
      vertex   1.351714e+01 6.955000e+01 -9.840576e+00
    endloop
  endfacet
  facet normal -9.841112e-01 0.000000e+00 1.775532e-01
    outer loop
      vertex   1.351714e+01 6.860000e+01 -9.840576e+00
      vertex   1.351714e+01 6.955000e+01 -9.840576e+00
      vertex   1.350763e+01 6.860000e+01 -9.893264e+00
    endloop
  endfacet
  facet normal -1.068951e-01 0.000000e+00 9.942703e-01
    outer loop
      vertex   1.414326e+01 6.670000e+01 -9.257634e+00
      vertex   1.419650e+01 6.670000e+01 -9.251911e+00
      vertex   1.419650e+01 6.765000e+01 -9.251911e+00
    endloop
  endfacet
  facet normal -1.068951e-01 0.000000e+00 9.942703e-01
    outer loop
      vertex   1.419650e+01 6.860000e+01 -9.251911e+00
      vertex   1.414326e+01 6.860000e+01 -9.257634e+00
      vertex   1.414326e+01 6.765000e+01 -9.257634e+00
    endloop
  endfacet
  facet normal -1.775532e-01 0.000000e+00 9.841112e-01
    outer loop
      vertex   1.414326e+01 6.765000e+01 -9.257634e+00
      vertex   1.414326e+01 6.860000e+01 -9.257634e+00
      vertex   1.409058e+01 6.765000e+01 -9.267140e+00
    endloop
  endfacet
  facet normal -1.775532e-01 0.000000e+00 9.841112e-01
    outer loop
      vertex   1.414326e+01 6.765000e+01 -9.257634e+00
      vertex   1.409058e+01 6.765000e+01 -9.267140e+00
      vertex   1.409058e+01 6.670000e+01 -9.267140e+00
    endloop
  endfacet
  facet normal -2.473065e-01 0.000000e+00 9.689373e-01
    outer loop
      vertex   1.409058e+01 6.670000e+01 -9.267140e+00
      vertex   1.409058e+01 6.765000e+01 -9.267140e+00
      vertex   1.403870e+01 6.670000e+01 -9.280380e+00
    endloop
  endfacet
  facet normal -1.775532e-01 0.000000e+00 9.841112e-01
    outer loop
      vertex   1.409058e+01 6.765000e+01 -9.267140e+00
      vertex   1.414326e+01 6.860000e+01 -9.257634e+00
      vertex   1.409058e+01 6.860000e+01 -9.267140e+00
    endloop
  endfacet
  facet normal -2.473065e-01 0.000000e+00 9.689373e-01
    outer loop
      vertex   1.409058e+01 6.765000e+01 -9.267140e+00
      vertex   1.409058e+01 6.860000e+01 -9.267140e+00
      vertex   1.403870e+01 6.765000e+01 -9.280380e+00
    endloop
  endfacet
  facet normal -2.473065e-01 0.000000e+00 9.689373e-01
    outer loop
      vertex   1.403870e+01 6.765000e+01 -9.280380e+00
      vertex   1.409058e+01 6.860000e+01 -9.267140e+00
      vertex   1.403870e+01 6.860000e+01 -9.280380e+00
    endloop
  endfacet
  facet normal -3.157996e-01 0.000000e+00 9.488259e-01
    outer loop
      vertex   1.403870e+01 6.765000e+01 -9.280380e+00
      vertex   1.403870e+01 6.860000e+01 -9.280380e+00
      vertex   1.398790e+01 6.765000e+01 -9.297288e+00
    endloop
  endfacet
  facet normal -3.157996e-01 0.000000e+00 9.488259e-01
    outer loop
      vertex   1.398790e+01 6.765000e+01 -9.297288e+00
      vertex   1.403870e+01 6.860000e+01 -9.280380e+00
      vertex   1.398790e+01 6.860000e+01 -9.297288e+00
    endloop
  endfacet
  facet normal -3.826834e-01 0.000000e+00 9.238795e-01
    outer loop
      vertex   1.398790e+01 6.765000e+01 -9.297288e+00
      vertex   1.398790e+01 6.860000e+01 -9.297288e+00
      vertex   1.393844e+01 6.765000e+01 -9.317776e+00
    endloop
  endfacet
  facet normal -3.826834e-01 0.000000e+00 9.238795e-01
    outer loop
      vertex   1.393844e+01 6.765000e+01 -9.317776e+00
      vertex   1.398790e+01 6.860000e+01 -9.297288e+00
      vertex   1.393844e+01 6.860000e+01 -9.317776e+00
    endloop
  endfacet
  facet normal -4.476172e-01 0.000000e+00 8.942253e-01
    outer loop
      vertex   1.393844e+01 6.765000e+01 -9.317776e+00
      vertex   1.393844e+01 6.860000e+01 -9.317776e+00
      vertex   1.389056e+01 6.765000e+01 -9.341741e+00
    endloop
  endfacet
  facet normal -4.476172e-01 0.000000e+00 8.942253e-01
    outer loop
      vertex   1.389056e+01 6.765000e+01 -9.341741e+00
      vertex   1.393844e+01 6.860000e+01 -9.317776e+00
      vertex   1.389056e+01 6.860000e+01 -9.341741e+00
    endloop
  endfacet
  facet normal -5.102700e-01 0.000000e+00 8.600142e-01
    outer loop
      vertex   1.389056e+01 6.765000e+01 -9.341741e+00
      vertex   1.389056e+01 6.860000e+01 -9.341741e+00
      vertex   1.384452e+01 6.765000e+01 -9.369060e+00
    endloop
  endfacet
  facet normal -5.102700e-01 0.000000e+00 8.600142e-01
    outer loop
      vertex   1.384452e+01 6.765000e+01 -9.369060e+00
      vertex   1.389056e+01 6.860000e+01 -9.341741e+00
      vertex   1.384452e+01 6.860000e+01 -9.369060e+00
    endloop
  endfacet
  facet normal -5.703226e-01 0.000000e+00 8.214208e-01
    outer loop
      vertex   1.384452e+01 6.765000e+01 -9.369060e+00
      vertex   1.384452e+01 6.860000e+01 -9.369060e+00
      vertex   1.380054e+01 6.765000e+01 -9.399594e+00
    endloop
  endfacet
  facet normal -5.703226e-01 0.000000e+00 8.214208e-01
    outer loop
      vertex   1.380054e+01 6.765000e+01 -9.399594e+00
      vertex   1.384452e+01 6.860000e+01 -9.369060e+00
      vertex   1.380054e+01 6.860000e+01 -9.399594e+00
    endloop
  endfacet
  facet normal -6.274690e-01 0.000000e+00 7.786415e-01
    outer loop
      vertex   1.380054e+01 6.765000e+01 -9.399594e+00
      vertex   1.380054e+01 6.860000e+01 -9.399594e+00
      vertex   1.375885e+01 6.765000e+01 -9.433188e+00
    endloop
  endfacet
  facet normal -6.274690e-01 0.000000e+00 7.786415e-01
    outer loop
      vertex   1.375885e+01 6.765000e+01 -9.433188e+00
      vertex   1.380054e+01 6.860000e+01 -9.399594e+00
      vertex   1.375885e+01 6.860000e+01 -9.433188e+00
    endloop
  endfacet
  facet normal -6.814179e-01 0.000000e+00 7.318945e-01
    outer loop
      vertex   1.375885e+01 6.765000e+01 -9.433188e+00
      vertex   1.375885e+01 6.860000e+01 -9.433188e+00
      vertex   1.371967e+01 6.765000e+01 -9.469670e+00
    endloop
  endfacet
  facet normal -6.814179e-01 0.000000e+00 7.318945e-01
    outer loop
      vertex   1.371967e+01 6.765000e+01 -9.469670e+00
      vertex   1.375885e+01 6.860000e+01 -9.433188e+00
      vertex   1.371967e+01 6.860000e+01 -9.469670e+00
    endloop
  endfacet
  facet normal -7.318945e-01 0.000000e+00 6.814179e-01
    outer loop
      vertex   1.371967e+01 6.765000e+01 -9.469670e+00
      vertex   1.371967e+01 6.860000e+01 -9.469670e+00
      vertex   1.368319e+01 6.765000e+01 -9.508854e+00
    endloop
  endfacet
  facet normal -7.318945e-01 0.000000e+00 6.814179e-01
    outer loop
      vertex   1.368319e+01 6.765000e+01 -9.508854e+00
      vertex   1.371967e+01 6.860000e+01 -9.469670e+00
      vertex   1.368319e+01 6.860000e+01 -9.508854e+00
    endloop
  endfacet
  facet normal -7.786415e-01 0.000000e+00 6.274690e-01
    outer loop
      vertex   1.368319e+01 6.765000e+01 -9.508854e+00
      vertex   1.368319e+01 6.860000e+01 -9.508854e+00
      vertex   1.364959e+01 6.765000e+01 -9.550542e+00
    endloop
  endfacet
  facet normal -7.786415e-01 0.000000e+00 6.274690e-01
    outer loop
      vertex   1.364959e+01 6.765000e+01 -9.550542e+00
      vertex   1.368319e+01 6.860000e+01 -9.508854e+00
      vertex   1.364959e+01 6.860000e+01 -9.550542e+00
    endloop
  endfacet
  facet normal -8.214208e-01 0.000000e+00 5.703226e-01
    outer loop
      vertex   1.364959e+01 6.765000e+01 -9.550542e+00
      vertex   1.364959e+01 6.860000e+01 -9.550542e+00
      vertex   1.361906e+01 6.765000e+01 -9.594519e+00
    endloop
  endfacet
  facet normal -8.214208e-01 0.000000e+00 5.703226e-01
    outer loop
      vertex   1.361906e+01 6.765000e+01 -9.594519e+00
      vertex   1.364959e+01 6.860000e+01 -9.550542e+00
      vertex   1.361906e+01 6.860000e+01 -9.594519e+00
    endloop
  endfacet
  facet normal -8.600142e-01 0.000000e+00 5.102700e-01
    outer loop
      vertex   1.361906e+01 6.765000e+01 -9.594519e+00
      vertex   1.361906e+01 6.860000e+01 -9.594519e+00
      vertex   1.359174e+01 6.765000e+01 -9.640563e+00
    endloop
  endfacet
  facet normal -8.600142e-01 0.000000e+00 5.102700e-01
    outer loop
      vertex   1.359174e+01 6.765000e+01 -9.640563e+00
      vertex   1.361906e+01 6.860000e+01 -9.594519e+00
      vertex   1.359174e+01 6.860000e+01 -9.640563e+00
    endloop
  endfacet
  facet normal -8.942253e-01 0.000000e+00 4.476172e-01
    outer loop
      vertex   1.359174e+01 6.765000e+01 -9.640563e+00
      vertex   1.359174e+01 6.860000e+01 -9.640563e+00
      vertex   1.356778e+01 6.765000e+01 -9.688439e+00
    endloop
  endfacet
  facet normal -8.942253e-01 0.000000e+00 4.476172e-01
    outer loop
      vertex   1.356778e+01 6.765000e+01 -9.688439e+00
      vertex   1.359174e+01 6.860000e+01 -9.640563e+00
      vertex   1.356778e+01 6.860000e+01 -9.688439e+00
    endloop
  endfacet
  facet normal -9.238795e-01 0.000000e+00 3.826834e-01
    outer loop
      vertex   1.356778e+01 6.765000e+01 -9.688439e+00
      vertex   1.356778e+01 6.860000e+01 -9.688439e+00
      vertex   1.354729e+01 6.765000e+01 -9.737902e+00
    endloop
  endfacet
  facet normal -9.238795e-01 0.000000e+00 3.826834e-01
    outer loop
      vertex   1.354729e+01 6.765000e+01 -9.737902e+00
      vertex   1.356778e+01 6.860000e+01 -9.688439e+00
      vertex   1.354729e+01 6.860000e+01 -9.737902e+00
    endloop
  endfacet
  facet normal -9.488259e-01 0.000000e+00 3.157996e-01
    outer loop
      vertex   1.354729e+01 6.765000e+01 -9.737902e+00
      vertex   1.354729e+01 6.860000e+01 -9.737902e+00
      vertex   1.353038e+01 6.765000e+01 -9.788701e+00
    endloop
  endfacet
  facet normal -9.488259e-01 0.000000e+00 3.157996e-01
    outer loop
      vertex   1.353038e+01 6.765000e+01 -9.788701e+00
      vertex   1.354729e+01 6.860000e+01 -9.737902e+00
      vertex   1.353038e+01 6.860000e+01 -9.788701e+00
    endloop
  endfacet
  facet normal -9.689373e-01 0.000000e+00 2.473065e-01
    outer loop
      vertex   1.353038e+01 6.765000e+01 -9.788701e+00
      vertex   1.353038e+01 6.860000e+01 -9.788701e+00
      vertex   1.351714e+01 6.765000e+01 -9.840576e+00
    endloop
  endfacet
  facet normal -9.689373e-01 0.000000e+00 2.473065e-01
    outer loop
      vertex   1.351714e+01 6.765000e+01 -9.840576e+00
      vertex   1.353038e+01 6.860000e+01 -9.788701e+00
      vertex   1.351714e+01 6.860000e+01 -9.840576e+00
    endloop
  endfacet
  facet normal -9.841112e-01 0.000000e+00 1.775532e-01
    outer loop
      vertex   1.351714e+01 6.765000e+01 -9.840576e+00
      vertex   1.351714e+01 6.860000e+01 -9.840576e+00
      vertex   1.350763e+01 6.765000e+01 -9.893264e+00
    endloop
  endfacet
  facet normal -9.841112e-01 0.000000e+00 1.775532e-01
    outer loop
      vertex   1.350763e+01 6.765000e+01 -9.893264e+00
      vertex   1.351714e+01 6.860000e+01 -9.840576e+00
      vertex   1.350763e+01 6.860000e+01 -9.893264e+00
    endloop
  endfacet
  facet normal -9.942703e-01 0.000000e+00 1.068951e-01
    outer loop
      vertex   1.350763e+01 6.765000e+01 -9.893264e+00
      vertex   1.350763e+01 6.860000e+01 -9.893264e+00
      vertex   1.350191e+01 6.765000e+01 -9.946496e+00
    endloop
  endfacet
  facet normal -3.157996e-01 0.000000e+00 9.488259e-01
    outer loop
      vertex   1.398790e+01 6.670000e+01 -9.297288e+00
      vertex   1.403870e+01 6.670000e+01 -9.280380e+00
      vertex   1.403870e+01 6.765000e+01 -9.280380e+00
    endloop
  endfacet
  facet normal -2.473065e-01 0.000000e+00 9.689373e-01
    outer loop
      vertex   1.403870e+01 6.765000e+01 -9.280380e+00
      vertex   1.403870e+01 6.670000e+01 -9.280380e+00
      vertex   1.409058e+01 6.765000e+01 -9.267140e+00
    endloop
  endfacet
  facet normal -3.157996e-01 0.000000e+00 9.488259e-01
    outer loop
      vertex   1.398790e+01 6.670000e+01 -9.297288e+00
      vertex   1.403870e+01 6.765000e+01 -9.280380e+00
      vertex   1.398790e+01 6.765000e+01 -9.297288e+00
    endloop
  endfacet
  facet normal -3.826834e-01 0.000000e+00 9.238795e-01
    outer loop
      vertex   1.393844e+01 6.670000e+01 -9.317776e+00
      vertex   1.398790e+01 6.670000e+01 -9.297288e+00
      vertex   1.398790e+01 6.765000e+01 -9.297288e+00
    endloop
  endfacet
  facet normal -3.826834e-01 0.000000e+00 9.238795e-01
    outer loop
      vertex   1.393844e+01 6.670000e+01 -9.317776e+00
      vertex   1.398790e+01 6.765000e+01 -9.297288e+00
      vertex   1.393844e+01 6.765000e+01 -9.317776e+00
    endloop
  endfacet
  facet normal -4.476172e-01 0.000000e+00 8.942253e-01
    outer loop
      vertex   1.389056e+01 6.670000e+01 -9.341741e+00
      vertex   1.393844e+01 6.670000e+01 -9.317776e+00
      vertex   1.393844e+01 6.765000e+01 -9.317776e+00
    endloop
  endfacet
  facet normal -4.476172e-01 0.000000e+00 8.942253e-01
    outer loop
      vertex   1.389056e+01 6.670000e+01 -9.341741e+00
      vertex   1.393844e+01 6.765000e+01 -9.317776e+00
      vertex   1.389056e+01 6.765000e+01 -9.341741e+00
    endloop
  endfacet
  facet normal -5.102700e-01 0.000000e+00 8.600142e-01
    outer loop
      vertex   1.384452e+01 6.670000e+01 -9.369060e+00
      vertex   1.389056e+01 6.670000e+01 -9.341741e+00
      vertex   1.389056e+01 6.765000e+01 -9.341741e+00
    endloop
  endfacet
  facet normal -5.102700e-01 0.000000e+00 8.600142e-01
    outer loop
      vertex   1.384452e+01 6.670000e+01 -9.369060e+00
      vertex   1.389056e+01 6.765000e+01 -9.341741e+00
      vertex   1.384452e+01 6.765000e+01 -9.369060e+00
    endloop
  endfacet
  facet normal -5.703226e-01 0.000000e+00 8.214208e-01
    outer loop
      vertex   1.380054e+01 6.670000e+01 -9.399594e+00
      vertex   1.384452e+01 6.670000e+01 -9.369060e+00
      vertex   1.384452e+01 6.765000e+01 -9.369060e+00
    endloop
  endfacet
  facet normal -5.703226e-01 0.000000e+00 8.214208e-01
    outer loop
      vertex   1.380054e+01 6.670000e+01 -9.399594e+00
      vertex   1.384452e+01 6.765000e+01 -9.369060e+00
      vertex   1.380054e+01 6.765000e+01 -9.399594e+00
    endloop
  endfacet
  facet normal -6.274690e-01 0.000000e+00 7.786415e-01
    outer loop
      vertex   1.375885e+01 6.670000e+01 -9.433188e+00
      vertex   1.380054e+01 6.670000e+01 -9.399594e+00
      vertex   1.380054e+01 6.765000e+01 -9.399594e+00
    endloop
  endfacet
  facet normal -6.274690e-01 0.000000e+00 7.786415e-01
    outer loop
      vertex   1.375885e+01 6.670000e+01 -9.433188e+00
      vertex   1.380054e+01 6.765000e+01 -9.399594e+00
      vertex   1.375885e+01 6.765000e+01 -9.433188e+00
    endloop
  endfacet
  facet normal -6.814179e-01 0.000000e+00 7.318945e-01
    outer loop
      vertex   1.371967e+01 6.670000e+01 -9.469670e+00
      vertex   1.375885e+01 6.670000e+01 -9.433188e+00
      vertex   1.375885e+01 6.765000e+01 -9.433188e+00
    endloop
  endfacet
  facet normal -6.814179e-01 0.000000e+00 7.318945e-01
    outer loop
      vertex   1.371967e+01 6.670000e+01 -9.469670e+00
      vertex   1.375885e+01 6.765000e+01 -9.433188e+00
      vertex   1.371967e+01 6.765000e+01 -9.469670e+00
    endloop
  endfacet
  facet normal -7.318945e-01 0.000000e+00 6.814179e-01
    outer loop
      vertex   1.368319e+01 6.670000e+01 -9.508854e+00
      vertex   1.371967e+01 6.670000e+01 -9.469670e+00
      vertex   1.371967e+01 6.765000e+01 -9.469670e+00
    endloop
  endfacet
  facet normal -7.318945e-01 0.000000e+00 6.814179e-01
    outer loop
      vertex   1.368319e+01 6.670000e+01 -9.508854e+00
      vertex   1.371967e+01 6.765000e+01 -9.469670e+00
      vertex   1.368319e+01 6.765000e+01 -9.508854e+00
    endloop
  endfacet
  facet normal -7.786415e-01 0.000000e+00 6.274690e-01
    outer loop
      vertex   1.364959e+01 6.670000e+01 -9.550542e+00
      vertex   1.368319e+01 6.670000e+01 -9.508854e+00
      vertex   1.368319e+01 6.765000e+01 -9.508854e+00
    endloop
  endfacet
  facet normal -7.786415e-01 0.000000e+00 6.274690e-01
    outer loop
      vertex   1.364959e+01 6.670000e+01 -9.550542e+00
      vertex   1.368319e+01 6.765000e+01 -9.508854e+00
      vertex   1.364959e+01 6.765000e+01 -9.550542e+00
    endloop
  endfacet
  facet normal -8.214208e-01 0.000000e+00 5.703226e-01
    outer loop
      vertex   1.361906e+01 6.670000e+01 -9.594519e+00
      vertex   1.364959e+01 6.670000e+01 -9.550542e+00
      vertex   1.364959e+01 6.765000e+01 -9.550542e+00
    endloop
  endfacet
  facet normal -8.214208e-01 0.000000e+00 5.703226e-01
    outer loop
      vertex   1.361906e+01 6.670000e+01 -9.594519e+00
      vertex   1.364959e+01 6.765000e+01 -9.550542e+00
      vertex   1.361906e+01 6.765000e+01 -9.594519e+00
    endloop
  endfacet
  facet normal -8.600142e-01 0.000000e+00 5.102700e-01
    outer loop
      vertex   1.359174e+01 6.670000e+01 -9.640563e+00
      vertex   1.361906e+01 6.670000e+01 -9.594519e+00
      vertex   1.361906e+01 6.765000e+01 -9.594519e+00
    endloop
  endfacet
  facet normal -8.600142e-01 0.000000e+00 5.102700e-01
    outer loop
      vertex   1.359174e+01 6.670000e+01 -9.640563e+00
      vertex   1.361906e+01 6.765000e+01 -9.594519e+00
      vertex   1.359174e+01 6.765000e+01 -9.640563e+00
    endloop
  endfacet
  facet normal -8.942253e-01 0.000000e+00 4.476172e-01
    outer loop
      vertex   1.356778e+01 6.670000e+01 -9.688439e+00
      vertex   1.359174e+01 6.670000e+01 -9.640563e+00
      vertex   1.359174e+01 6.765000e+01 -9.640563e+00
    endloop
  endfacet
  facet normal -8.942253e-01 0.000000e+00 4.476172e-01
    outer loop
      vertex   1.356778e+01 6.670000e+01 -9.688439e+00
      vertex   1.359174e+01 6.765000e+01 -9.640563e+00
      vertex   1.356778e+01 6.765000e+01 -9.688439e+00
    endloop
  endfacet
  facet normal -9.238795e-01 0.000000e+00 3.826834e-01
    outer loop
      vertex   1.354729e+01 6.670000e+01 -9.737902e+00
      vertex   1.356778e+01 6.670000e+01 -9.688439e+00
      vertex   1.356778e+01 6.765000e+01 -9.688439e+00
    endloop
  endfacet
  facet normal -9.238795e-01 0.000000e+00 3.826834e-01
    outer loop
      vertex   1.354729e+01 6.670000e+01 -9.737902e+00
      vertex   1.356778e+01 6.765000e+01 -9.688439e+00
      vertex   1.354729e+01 6.765000e+01 -9.737902e+00
    endloop
  endfacet
  facet normal -9.488259e-01 0.000000e+00 3.157996e-01
    outer loop
      vertex   1.353038e+01 6.670000e+01 -9.788701e+00
      vertex   1.354729e+01 6.670000e+01 -9.737902e+00
      vertex   1.354729e+01 6.765000e+01 -9.737902e+00
    endloop
  endfacet
  facet normal -9.488259e-01 0.000000e+00 3.157996e-01
    outer loop
      vertex   1.353038e+01 6.670000e+01 -9.788701e+00
      vertex   1.354729e+01 6.765000e+01 -9.737902e+00
      vertex   1.353038e+01 6.765000e+01 -9.788701e+00
    endloop
  endfacet
  facet normal -9.689373e-01 0.000000e+00 2.473065e-01
    outer loop
      vertex   1.351714e+01 6.670000e+01 -9.840576e+00
      vertex   1.353038e+01 6.670000e+01 -9.788701e+00
      vertex   1.353038e+01 6.765000e+01 -9.788701e+00
    endloop
  endfacet
  facet normal -9.689373e-01 0.000000e+00 2.473065e-01
    outer loop
      vertex   1.351714e+01 6.670000e+01 -9.840576e+00
      vertex   1.353038e+01 6.765000e+01 -9.788701e+00
      vertex   1.351714e+01 6.765000e+01 -9.840576e+00
    endloop
  endfacet
  facet normal -9.841112e-01 0.000000e+00 1.775532e-01
    outer loop
      vertex   1.350763e+01 6.670000e+01 -9.893264e+00
      vertex   1.351714e+01 6.670000e+01 -9.840576e+00
      vertex   1.351714e+01 6.765000e+01 -9.840576e+00
    endloop
  endfacet
  facet normal -9.841112e-01 0.000000e+00 1.775532e-01
    outer loop
      vertex   1.350763e+01 6.670000e+01 -9.893264e+00
      vertex   1.351714e+01 6.765000e+01 -9.840576e+00
      vertex   1.350763e+01 6.765000e+01 -9.893264e+00
    endloop
  endfacet
  facet normal -9.942703e-01 0.000000e+00 1.068951e-01
    outer loop
      vertex   1.350191e+01 6.670000e+01 -9.946496e+00
      vertex   1.350763e+01 6.670000e+01 -9.893264e+00
      vertex   1.350763e+01 6.765000e+01 -9.893264e+00
    endloop
  endfacet
  facet normal -9.942703e-01 0.000000e+00 1.068951e-01
    outer loop
      vertex   1.350191e+01 6.670000e+01 -9.946496e+00
      vertex   1.350763e+01 6.765000e+01 -9.893264e+00
      vertex   1.350191e+01 6.765000e+01 -9.946496e+00
    endloop
  endfacet
  facet normal -1.000000e+00 -0.000000e+00 -0.000000e+00
    outer loop
      vertex   1.350000e+01 7.050000e+01 -1.000000e+01
      vertex   1.350000e+01 7.050000e+01 -1.100000e+01
      vertex   1.350000e+01 6.575000e+01 -1.000000e+01
    endloop
  endfacet
  facet normal -1.000000e+00 0.000000e+00 0.000000e+00
    outer loop
      vertex   1.350000e+01 6.575000e+01 -1.000000e+01
      vertex   1.350000e+01 7.050000e+01 -1.100000e+01
      vertex   1.350000e+01 6.575000e+01 -1.100000e+01
    endloop
  endfacet
  facet normal -9.993628e-01 -0.000000e+00 -3.569233e-02
    outer loop
      vertex   1.350000e+01 7.050000e+01 -1.100000e+01
      vertex   1.350191e+01 6.765000e+01 -1.105350e+01
      vertex   1.350000e+01 6.575000e+01 -1.100000e+01
    endloop
  endfacet
  facet normal -9.993628e-01 0.000000e+00 -3.569233e-02
    outer loop
      vertex   1.350000e+01 6.575000e+01 -1.100000e+01
      vertex   1.350191e+01 6.765000e+01 -1.105350e+01
      vertex   1.350191e+01 6.670000e+01 -1.105350e+01
    endloop
  endfacet
  facet normal -9.993628e-01 0.000000e+00 -3.569233e-02
    outer loop
      vertex   1.350000e+01 6.575000e+01 -1.100000e+01
      vertex   1.350191e+01 6.670000e+01 -1.105350e+01
      vertex   1.350191e+01 6.575000e+01 -1.105350e+01
    endloop
  endfacet
  facet normal -9.942703e-01 0.000000e+00 -1.068951e-01
    outer loop
      vertex   1.350191e+01 6.575000e+01 -1.105350e+01
      vertex   1.350191e+01 6.670000e+01 -1.105350e+01
      vertex   1.350763e+01 6.575000e+01 -1.110674e+01
    endloop
  endfacet
  facet normal -9.942703e-01 0.000000e+00 -1.068951e-01
    outer loop
      vertex   1.350763e+01 6.575000e+01 -1.110674e+01
      vertex   1.350191e+01 6.670000e+01 -1.105350e+01
      vertex   1.350763e+01 6.670000e+01 -1.110674e+01
    endloop
  endfacet
  facet normal -9.841112e-01 0.000000e+00 -1.775532e-01
    outer loop
      vertex   1.350763e+01 6.575000e+01 -1.110674e+01
      vertex   1.350763e+01 6.670000e+01 -1.110674e+01
      vertex   1.351714e+01 6.575000e+01 -1.115942e+01
    endloop
  endfacet
  facet normal -9.841112e-01 0.000000e+00 -1.775532e-01
    outer loop
      vertex   1.351714e+01 6.575000e+01 -1.115942e+01
      vertex   1.350763e+01 6.670000e+01 -1.110674e+01
      vertex   1.351714e+01 6.670000e+01 -1.115942e+01
    endloop
  endfacet
  facet normal -9.689373e-01 0.000000e+00 -2.473065e-01
    outer loop
      vertex   1.351714e+01 6.575000e+01 -1.115942e+01
      vertex   1.351714e+01 6.670000e+01 -1.115942e+01
      vertex   1.353038e+01 6.575000e+01 -1.121130e+01
    endloop
  endfacet
  facet normal -9.689373e-01 0.000000e+00 -2.473065e-01
    outer loop
      vertex   1.353038e+01 6.575000e+01 -1.121130e+01
      vertex   1.351714e+01 6.670000e+01 -1.115942e+01
      vertex   1.353038e+01 6.670000e+01 -1.121130e+01
    endloop
  endfacet
  facet normal -9.488259e-01 0.000000e+00 -3.157996e-01
    outer loop
      vertex   1.353038e+01 6.575000e+01 -1.121130e+01
      vertex   1.353038e+01 6.670000e+01 -1.121130e+01
      vertex   1.354729e+01 6.575000e+01 -1.126210e+01
    endloop
  endfacet
  facet normal -9.488259e-01 0.000000e+00 -3.157996e-01
    outer loop
      vertex   1.354729e+01 6.575000e+01 -1.126210e+01
      vertex   1.353038e+01 6.670000e+01 -1.121130e+01
      vertex   1.354729e+01 6.670000e+01 -1.126210e+01
    endloop
  endfacet
  facet normal -9.238795e-01 0.000000e+00 -3.826834e-01
    outer loop
      vertex   1.354729e+01 6.575000e+01 -1.126210e+01
      vertex   1.354729e+01 6.670000e+01 -1.126210e+01
      vertex   1.356778e+01 6.575000e+01 -1.131156e+01
    endloop
  endfacet
  facet normal -9.238795e-01 1.727516e-15 -3.826834e-01
    outer loop
      vertex   1.356778e+01 6.575000e+01 -1.131156e+01
      vertex   1.354729e+01 6.670000e+01 -1.126210e+01
      vertex   1.356778e+01 6.670000e+01 -1.131156e+01
    endloop
  endfacet
  facet normal -8.942253e-01 1.672066e-15 -4.476172e-01
    outer loop
      vertex   1.356778e+01 6.575000e+01 -1.131156e+01
      vertex   1.356778e+01 6.670000e+01 -1.131156e+01
      vertex   1.359174e+01 6.575000e+01 -1.135944e+01
    endloop
  endfacet
  facet normal -8.942253e-01 0.000000e+00 -4.476172e-01
    outer loop
      vertex   1.359174e+01 6.575000e+01 -1.135944e+01
      vertex   1.356778e+01 6.670000e+01 -1.131156e+01
      vertex   1.359174e+01 6.670000e+01 -1.135944e+01
    endloop
  endfacet
  facet normal -8.600142e-01 0.000000e+00 -5.102700e-01
    outer loop
      vertex   1.359174e+01 6.575000e+01 -1.135944e+01
      vertex   1.359174e+01 6.670000e+01 -1.135944e+01
      vertex   1.361906e+01 6.575000e+01 -1.140548e+01
    endloop
  endfacet
  facet normal -8.600142e-01 0.000000e+00 -5.102700e-01
    outer loop
      vertex   1.361906e+01 6.575000e+01 -1.140548e+01
      vertex   1.359174e+01 6.670000e+01 -1.135944e+01
      vertex   1.361906e+01 6.670000e+01 -1.140548e+01
    endloop
  endfacet
  facet normal -8.214208e-01 0.000000e+00 -5.703226e-01
    outer loop
      vertex   1.361906e+01 6.575000e+01 -1.140548e+01
      vertex   1.361906e+01 6.670000e+01 -1.140548e+01
      vertex   1.364959e+01 6.575000e+01 -1.144946e+01
    endloop
  endfacet
  facet normal -8.214208e-01 0.000000e+00 -5.703226e-01
    outer loop
      vertex   1.364959e+01 6.575000e+01 -1.144946e+01
      vertex   1.361906e+01 6.670000e+01 -1.140548e+01
      vertex   1.364959e+01 6.670000e+01 -1.144946e+01
    endloop
  endfacet
  facet normal -7.786415e-01 0.000000e+00 -6.274690e-01
    outer loop
      vertex   1.364959e+01 6.575000e+01 -1.144946e+01
      vertex   1.364959e+01 6.670000e+01 -1.144946e+01
      vertex   1.368319e+01 6.575000e+01 -1.149115e+01
    endloop
  endfacet
  facet normal -7.786415e-01 0.000000e+00 -6.274690e-01
    outer loop
      vertex   1.368319e+01 6.575000e+01 -1.149115e+01
      vertex   1.364959e+01 6.670000e+01 -1.144946e+01
      vertex   1.368319e+01 6.670000e+01 -1.149115e+01
    endloop
  endfacet
  facet normal -7.318945e-01 0.000000e+00 -6.814179e-01
    outer loop
      vertex   1.368319e+01 6.575000e+01 -1.149115e+01
      vertex   1.368319e+01 6.670000e+01 -1.149115e+01
      vertex   1.371967e+01 6.575000e+01 -1.153033e+01
    endloop
  endfacet
  facet normal -7.318945e-01 0.000000e+00 -6.814179e-01
    outer loop
      vertex   1.371967e+01 6.575000e+01 -1.153033e+01
      vertex   1.368319e+01 6.670000e+01 -1.149115e+01
      vertex   1.371967e+01 6.670000e+01 -1.153033e+01
    endloop
  endfacet
  facet normal -6.814179e-01 0.000000e+00 -7.318945e-01
    outer loop
      vertex   1.371967e+01 6.575000e+01 -1.153033e+01
      vertex   1.371967e+01 6.670000e+01 -1.153033e+01
      vertex   1.375885e+01 6.575000e+01 -1.156681e+01
    endloop
  endfacet
  facet normal -6.814179e-01 0.000000e+00 -7.318945e-01
    outer loop
      vertex   1.375885e+01 6.575000e+01 -1.156681e+01
      vertex   1.371967e+01 6.670000e+01 -1.153033e+01
      vertex   1.375885e+01 6.670000e+01 -1.156681e+01
    endloop
  endfacet
  facet normal -6.274690e-01 0.000000e+00 -7.786415e-01
    outer loop
      vertex   1.375885e+01 6.575000e+01 -1.156681e+01
      vertex   1.375885e+01 6.670000e+01 -1.156681e+01
      vertex   1.380054e+01 6.575000e+01 -1.160041e+01
    endloop
  endfacet
  facet normal -6.274690e-01 0.000000e+00 -7.786415e-01
    outer loop
      vertex   1.380054e+01 6.575000e+01 -1.160041e+01
      vertex   1.375885e+01 6.670000e+01 -1.156681e+01
      vertex   1.380054e+01 6.670000e+01 -1.160041e+01
    endloop
  endfacet
  facet normal -5.703226e-01 0.000000e+00 -8.214208e-01
    outer loop
      vertex   1.380054e+01 6.575000e+01 -1.160041e+01
      vertex   1.380054e+01 6.670000e+01 -1.160041e+01
      vertex   1.384452e+01 6.575000e+01 -1.163094e+01
    endloop
  endfacet
  facet normal -5.703226e-01 0.000000e+00 -8.214208e-01
    outer loop
      vertex   1.384452e+01 6.575000e+01 -1.163094e+01
      vertex   1.380054e+01 6.670000e+01 -1.160041e+01
      vertex   1.384452e+01 6.670000e+01 -1.163094e+01
    endloop
  endfacet
  facet normal -5.102700e-01 0.000000e+00 -8.600142e-01
    outer loop
      vertex   1.384452e+01 6.575000e+01 -1.163094e+01
      vertex   1.384452e+01 6.670000e+01 -1.163094e+01
      vertex   1.389056e+01 6.575000e+01 -1.165826e+01
    endloop
  endfacet
  facet normal -5.102700e-01 0.000000e+00 -8.600142e-01
    outer loop
      vertex   1.389056e+01 6.575000e+01 -1.165826e+01
      vertex   1.384452e+01 6.670000e+01 -1.163094e+01
      vertex   1.389056e+01 6.670000e+01 -1.165826e+01
    endloop
  endfacet
  facet normal -4.476172e-01 0.000000e+00 -8.942253e-01
    outer loop
      vertex   1.389056e+01 6.575000e+01 -1.165826e+01
      vertex   1.389056e+01 6.670000e+01 -1.165826e+01
      vertex   1.393844e+01 6.575000e+01 -1.168222e+01
    endloop
  endfacet
  facet normal -4.476172e-01 0.000000e+00 -8.942253e-01
    outer loop
      vertex   1.393844e+01 6.575000e+01 -1.168222e+01
      vertex   1.389056e+01 6.670000e+01 -1.165826e+01
      vertex   1.393844e+01 6.670000e+01 -1.168222e+01
    endloop
  endfacet
  facet normal -3.826834e-01 0.000000e+00 -9.238795e-01
    outer loop
      vertex   1.393844e+01 6.575000e+01 -1.168222e+01
      vertex   1.393844e+01 6.670000e+01 -1.168222e+01
      vertex   1.398790e+01 6.575000e+01 -1.170271e+01
    endloop
  endfacet
  facet normal -3.826834e-01 0.000000e+00 -9.238795e-01
    outer loop
      vertex   1.398790e+01 6.575000e+01 -1.170271e+01
      vertex   1.393844e+01 6.670000e+01 -1.168222e+01
      vertex   1.398790e+01 6.670000e+01 -1.170271e+01
    endloop
  endfacet
  facet normal -3.157996e-01 0.000000e+00 -9.488259e-01
    outer loop
      vertex   1.398790e+01 6.575000e+01 -1.170271e+01
      vertex   1.398790e+01 6.670000e+01 -1.170271e+01
      vertex   1.403870e+01 6.575000e+01 -1.171962e+01
    endloop
  endfacet
  facet normal -3.157996e-01 0.000000e+00 -9.488259e-01
    outer loop
      vertex   1.403870e+01 6.575000e+01 -1.171962e+01
      vertex   1.398790e+01 6.670000e+01 -1.170271e+01
      vertex   1.403870e+01 6.670000e+01 -1.171962e+01
    endloop
  endfacet
  facet normal -2.473065e-01 0.000000e+00 -9.689373e-01
    outer loop
      vertex   1.403870e+01 6.575000e+01 -1.171962e+01
      vertex   1.403870e+01 6.670000e+01 -1.171962e+01
      vertex   1.409058e+01 6.575000e+01 -1.173286e+01
    endloop
  endfacet
  facet normal -2.473065e-01 0.000000e+00 -9.689373e-01
    outer loop
      vertex   1.409058e+01 6.575000e+01 -1.173286e+01
      vertex   1.403870e+01 6.670000e+01 -1.171962e+01
      vertex   1.409058e+01 6.670000e+01 -1.173286e+01
    endloop
  endfacet
  facet normal -1.775532e-01 0.000000e+00 -9.841112e-01
    outer loop
      vertex   1.409058e+01 6.575000e+01 -1.173286e+01
      vertex   1.409058e+01 6.670000e+01 -1.173286e+01
      vertex   1.414326e+01 6.575000e+01 -1.174237e+01
    endloop
  endfacet
  facet normal -1.775532e-01 0.000000e+00 -9.841112e-01
    outer loop
      vertex   1.414326e+01 6.575000e+01 -1.174237e+01
      vertex   1.409058e+01 6.670000e+01 -1.173286e+01
      vertex   1.414326e+01 6.670000e+01 -1.174237e+01
    endloop
  endfacet
  facet normal -1.068951e-01 0.000000e+00 -9.942703e-01
    outer loop
      vertex   1.414326e+01 6.575000e+01 -1.174237e+01
      vertex   1.414326e+01 6.670000e+01 -1.174237e+01
      vertex   1.419650e+01 6.575000e+01 -1.174809e+01
    endloop
  endfacet
  facet normal -1.068951e-01 0.000000e+00 -9.942703e-01
    outer loop
      vertex   1.419650e+01 6.575000e+01 -1.174809e+01
      vertex   1.414326e+01 6.670000e+01 -1.174237e+01
      vertex   1.419650e+01 6.670000e+01 -1.174809e+01
    endloop
  endfacet
  facet normal -3.569233e-02 0.000000e+00 -9.993628e-01
    outer loop
      vertex   1.419650e+01 6.575000e+01 -1.174809e+01
      vertex   1.419650e+01 6.670000e+01 -1.174809e+01
      vertex   1.425000e+01 6.575000e+01 -1.175000e+01
    endloop
  endfacet
  facet normal -3.569233e-02 0.000000e+00 -9.993628e-01
    outer loop
      vertex   1.425000e+01 6.575000e+01 -1.175000e+01
      vertex   1.419650e+01 6.670000e+01 -1.174809e+01
      vertex   1.419650e+01 6.765000e+01 -1.174809e+01
    endloop
  endfacet
  facet normal -3.569233e-02 0.000000e+00 -9.993628e-01
    outer loop
      vertex   1.425000e+01 6.575000e+01 -1.175000e+01
      vertex   1.419650e+01 6.765000e+01 -1.174809e+01
      vertex   1.419650e+01 6.860000e+01 -1.174809e+01
    endloop
  endfacet
  facet normal -1.068951e-01 -0.000000e+00 -9.942703e-01
    outer loop
      vertex   1.419650e+01 6.860000e+01 -1.174809e+01
      vertex   1.419650e+01 6.765000e+01 -1.174809e+01
      vertex   1.414326e+01 6.860000e+01 -1.174237e+01
    endloop
  endfacet
  facet normal -1.068951e-01 0.000000e+00 -9.942703e-01
    outer loop
      vertex   1.419650e+01 6.860000e+01 -1.174809e+01
      vertex   1.414326e+01 6.860000e+01 -1.174237e+01
      vertex   1.414326e+01 6.955000e+01 -1.174237e+01
    endloop
  endfacet
  facet normal -1.775532e-01 -0.000000e+00 -9.841112e-01
    outer loop
      vertex   1.414326e+01 6.955000e+01 -1.174237e+01
      vertex   1.414326e+01 6.860000e+01 -1.174237e+01
      vertex   1.409058e+01 6.955000e+01 -1.173286e+01
    endloop
  endfacet
  facet normal -1.775532e-01 0.000000e+00 -9.841112e-01
    outer loop
      vertex   1.414326e+01 6.955000e+01 -1.174237e+01
      vertex   1.409058e+01 6.955000e+01 -1.173286e+01
      vertex   1.409058e+01 7.050000e+01 -1.173286e+01
    endloop
  endfacet
  facet normal -2.473065e-01 -0.000000e+00 -9.689373e-01
    outer loop
      vertex   1.409058e+01 7.050000e+01 -1.173286e+01
      vertex   1.409058e+01 6.955000e+01 -1.173286e+01
      vertex   1.403870e+01 7.050000e+01 -1.171962e+01
    endloop
  endfacet
  facet normal -2.473065e-01 -0.000000e+00 -9.689373e-01
    outer loop
      vertex   1.403870e+01 7.050000e+01 -1.171962e+01
      vertex   1.409058e+01 6.955000e+01 -1.173286e+01
      vertex   1.403870e+01 6.955000e+01 -1.171962e+01
    endloop
  endfacet
  facet normal -3.157996e-01 -0.000000e+00 -9.488259e-01
    outer loop
      vertex   1.403870e+01 7.050000e+01 -1.171962e+01
      vertex   1.403870e+01 6.955000e+01 -1.171962e+01
      vertex   1.398790e+01 7.050000e+01 -1.170271e+01
    endloop
  endfacet
  facet normal -3.157996e-01 -0.000000e+00 -9.488259e-01
    outer loop
      vertex   1.398790e+01 7.050000e+01 -1.170271e+01
      vertex   1.403870e+01 6.955000e+01 -1.171962e+01
      vertex   1.398790e+01 6.955000e+01 -1.170271e+01
    endloop
  endfacet
  facet normal -3.826834e-01 -0.000000e+00 -9.238795e-01
    outer loop
      vertex   1.398790e+01 7.050000e+01 -1.170271e+01
      vertex   1.398790e+01 6.955000e+01 -1.170271e+01
      vertex   1.393844e+01 7.050000e+01 -1.168222e+01
    endloop
  endfacet
  facet normal -3.826834e-01 -0.000000e+00 -9.238795e-01
    outer loop
      vertex   1.393844e+01 7.050000e+01 -1.168222e+01
      vertex   1.398790e+01 6.955000e+01 -1.170271e+01
      vertex   1.393844e+01 6.955000e+01 -1.168222e+01
    endloop
  endfacet
  facet normal -4.476172e-01 -0.000000e+00 -8.942253e-01
    outer loop
      vertex   1.393844e+01 7.050000e+01 -1.168222e+01
      vertex   1.393844e+01 6.955000e+01 -1.168222e+01
      vertex   1.389056e+01 7.050000e+01 -1.165826e+01
    endloop
  endfacet
  facet normal -4.476172e-01 -0.000000e+00 -8.942253e-01
    outer loop
      vertex   1.389056e+01 7.050000e+01 -1.165826e+01
      vertex   1.393844e+01 6.955000e+01 -1.168222e+01
      vertex   1.389056e+01 6.955000e+01 -1.165826e+01
    endloop
  endfacet
  facet normal -5.102700e-01 -0.000000e+00 -8.600142e-01
    outer loop
      vertex   1.389056e+01 7.050000e+01 -1.165826e+01
      vertex   1.389056e+01 6.955000e+01 -1.165826e+01
      vertex   1.384452e+01 7.050000e+01 -1.163094e+01
    endloop
  endfacet
  facet normal -5.102700e-01 -0.000000e+00 -8.600142e-01
    outer loop
      vertex   1.384452e+01 7.050000e+01 -1.163094e+01
      vertex   1.389056e+01 6.955000e+01 -1.165826e+01
      vertex   1.384452e+01 6.955000e+01 -1.163094e+01
    endloop
  endfacet
  facet normal -5.703226e-01 -0.000000e+00 -8.214208e-01
    outer loop
      vertex   1.384452e+01 7.050000e+01 -1.163094e+01
      vertex   1.384452e+01 6.955000e+01 -1.163094e+01
      vertex   1.380054e+01 7.050000e+01 -1.160041e+01
    endloop
  endfacet
  facet normal -5.703226e-01 -0.000000e+00 -8.214208e-01
    outer loop
      vertex   1.380054e+01 7.050000e+01 -1.160041e+01
      vertex   1.384452e+01 6.955000e+01 -1.163094e+01
      vertex   1.380054e+01 6.955000e+01 -1.160041e+01
    endloop
  endfacet
  facet normal -6.274690e-01 -0.000000e+00 -7.786415e-01
    outer loop
      vertex   1.380054e+01 7.050000e+01 -1.160041e+01
      vertex   1.380054e+01 6.955000e+01 -1.160041e+01
      vertex   1.375885e+01 7.050000e+01 -1.156681e+01
    endloop
  endfacet
  facet normal -6.274690e-01 -0.000000e+00 -7.786415e-01
    outer loop
      vertex   1.375885e+01 7.050000e+01 -1.156681e+01
      vertex   1.380054e+01 6.955000e+01 -1.160041e+01
      vertex   1.375885e+01 6.955000e+01 -1.156681e+01
    endloop
  endfacet
  facet normal -6.814179e-01 -0.000000e+00 -7.318945e-01
    outer loop
      vertex   1.375885e+01 7.050000e+01 -1.156681e+01
      vertex   1.375885e+01 6.955000e+01 -1.156681e+01
      vertex   1.371967e+01 7.050000e+01 -1.153033e+01
    endloop
  endfacet
  facet normal -6.814179e-01 -0.000000e+00 -7.318945e-01
    outer loop
      vertex   1.371967e+01 7.050000e+01 -1.153033e+01
      vertex   1.375885e+01 6.955000e+01 -1.156681e+01
      vertex   1.371967e+01 6.955000e+01 -1.153033e+01
    endloop
  endfacet
  facet normal -7.318945e-01 -0.000000e+00 -6.814179e-01
    outer loop
      vertex   1.371967e+01 7.050000e+01 -1.153033e+01
      vertex   1.371967e+01 6.955000e+01 -1.153033e+01
      vertex   1.368319e+01 7.050000e+01 -1.149115e+01
    endloop
  endfacet
  facet normal -7.318945e-01 -0.000000e+00 -6.814179e-01
    outer loop
      vertex   1.368319e+01 7.050000e+01 -1.149115e+01
      vertex   1.371967e+01 6.955000e+01 -1.153033e+01
      vertex   1.368319e+01 6.955000e+01 -1.149115e+01
    endloop
  endfacet
  facet normal -7.786415e-01 -0.000000e+00 -6.274690e-01
    outer loop
      vertex   1.368319e+01 7.050000e+01 -1.149115e+01
      vertex   1.368319e+01 6.955000e+01 -1.149115e+01
      vertex   1.364959e+01 7.050000e+01 -1.144946e+01
    endloop
  endfacet
  facet normal -7.786415e-01 -0.000000e+00 -6.274690e-01
    outer loop
      vertex   1.364959e+01 7.050000e+01 -1.144946e+01
      vertex   1.368319e+01 6.955000e+01 -1.149115e+01
      vertex   1.364959e+01 6.955000e+01 -1.144946e+01
    endloop
  endfacet
  facet normal -8.214208e-01 -0.000000e+00 -5.703226e-01
    outer loop
      vertex   1.364959e+01 7.050000e+01 -1.144946e+01
      vertex   1.364959e+01 6.955000e+01 -1.144946e+01
      vertex   1.361906e+01 7.050000e+01 -1.140548e+01
    endloop
  endfacet
  facet normal -8.214208e-01 -0.000000e+00 -5.703226e-01
    outer loop
      vertex   1.361906e+01 7.050000e+01 -1.140548e+01
      vertex   1.364959e+01 6.955000e+01 -1.144946e+01
      vertex   1.361906e+01 6.955000e+01 -1.140548e+01
    endloop
  endfacet
  facet normal -8.600142e-01 -0.000000e+00 -5.102700e-01
    outer loop
      vertex   1.361906e+01 7.050000e+01 -1.140548e+01
      vertex   1.361906e+01 6.955000e+01 -1.140548e+01
      vertex   1.359174e+01 7.050000e+01 -1.135944e+01
    endloop
  endfacet
  facet normal -8.600142e-01 -0.000000e+00 -5.102700e-01
    outer loop
      vertex   1.359174e+01 7.050000e+01 -1.135944e+01
      vertex   1.361906e+01 6.955000e+01 -1.140548e+01
      vertex   1.359174e+01 6.955000e+01 -1.135944e+01
    endloop
  endfacet
  facet normal -8.942253e-01 -0.000000e+00 -4.476172e-01
    outer loop
      vertex   1.359174e+01 7.050000e+01 -1.135944e+01
      vertex   1.359174e+01 6.955000e+01 -1.135944e+01
      vertex   1.356778e+01 7.050000e+01 -1.131156e+01
    endloop
  endfacet
  facet normal -8.942253e-01 -1.672066e-15 -4.476172e-01
    outer loop
      vertex   1.356778e+01 7.050000e+01 -1.131156e+01
      vertex   1.359174e+01 6.955000e+01 -1.135944e+01
      vertex   1.356778e+01 6.955000e+01 -1.131156e+01
    endloop
  endfacet
  facet normal -9.238795e-01 -1.727516e-15 -3.826834e-01
    outer loop
      vertex   1.356778e+01 7.050000e+01 -1.131156e+01
      vertex   1.356778e+01 6.955000e+01 -1.131156e+01
      vertex   1.354729e+01 7.050000e+01 -1.126210e+01
    endloop
  endfacet
  facet normal -9.238795e-01 -0.000000e+00 -3.826834e-01
    outer loop
      vertex   1.354729e+01 7.050000e+01 -1.126210e+01
      vertex   1.356778e+01 6.955000e+01 -1.131156e+01
      vertex   1.354729e+01 6.955000e+01 -1.126210e+01
    endloop
  endfacet
  facet normal -9.488259e-01 -0.000000e+00 -3.157996e-01
    outer loop
      vertex   1.354729e+01 7.050000e+01 -1.126210e+01
      vertex   1.354729e+01 6.955000e+01 -1.126210e+01
      vertex   1.353038e+01 7.050000e+01 -1.121130e+01
    endloop
  endfacet
  facet normal -9.488259e-01 -0.000000e+00 -3.157996e-01
    outer loop
      vertex   1.353038e+01 7.050000e+01 -1.121130e+01
      vertex   1.354729e+01 6.955000e+01 -1.126210e+01
      vertex   1.353038e+01 6.955000e+01 -1.121130e+01
    endloop
  endfacet
  facet normal -9.689373e-01 -0.000000e+00 -2.473065e-01
    outer loop
      vertex   1.353038e+01 7.050000e+01 -1.121130e+01
      vertex   1.353038e+01 6.955000e+01 -1.121130e+01
      vertex   1.351714e+01 7.050000e+01 -1.115942e+01
    endloop
  endfacet
  facet normal -9.689373e-01 -0.000000e+00 -2.473065e-01
    outer loop
      vertex   1.351714e+01 7.050000e+01 -1.115942e+01
      vertex   1.353038e+01 6.955000e+01 -1.121130e+01
      vertex   1.351714e+01 6.955000e+01 -1.115942e+01
    endloop
  endfacet
  facet normal -9.841112e-01 -0.000000e+00 -1.775532e-01
    outer loop
      vertex   1.351714e+01 7.050000e+01 -1.115942e+01
      vertex   1.351714e+01 6.955000e+01 -1.115942e+01
      vertex   1.350763e+01 7.050000e+01 -1.110674e+01
    endloop
  endfacet
  facet normal -9.841112e-01 -0.000000e+00 -1.775532e-01
    outer loop
      vertex   1.350763e+01 7.050000e+01 -1.110674e+01
      vertex   1.351714e+01 6.955000e+01 -1.115942e+01
      vertex   1.350763e+01 6.955000e+01 -1.110674e+01
    endloop
  endfacet
  facet normal -9.942703e-01 -0.000000e+00 -1.068951e-01
    outer loop
      vertex   1.350763e+01 7.050000e+01 -1.110674e+01
      vertex   1.350763e+01 6.955000e+01 -1.110674e+01
      vertex   1.350191e+01 7.050000e+01 -1.105350e+01
    endloop
  endfacet
  facet normal -9.942703e-01 -0.000000e+00 -1.068951e-01
    outer loop
      vertex   1.350191e+01 7.050000e+01 -1.105350e+01
      vertex   1.350763e+01 6.955000e+01 -1.110674e+01
      vertex   1.350191e+01 6.955000e+01 -1.105350e+01
    endloop
  endfacet
  facet normal -9.993628e-01 -0.000000e+00 -3.569233e-02
    outer loop
      vertex   1.350191e+01 7.050000e+01 -1.105350e+01
      vertex   1.350191e+01 6.955000e+01 -1.105350e+01
      vertex   1.350000e+01 7.050000e+01 -1.100000e+01
    endloop
  endfacet
  facet normal -9.993628e-01 0.000000e+00 -3.569233e-02
    outer loop
      vertex   1.350000e+01 7.050000e+01 -1.100000e+01
      vertex   1.350191e+01 6.955000e+01 -1.105350e+01
      vertex   1.350191e+01 6.860000e+01 -1.105350e+01
    endloop
  endfacet
  facet normal -9.993628e-01 0.000000e+00 -3.569233e-02
    outer loop
      vertex   1.350000e+01 7.050000e+01 -1.100000e+01
      vertex   1.350191e+01 6.860000e+01 -1.105350e+01
      vertex   1.350191e+01 6.765000e+01 -1.105350e+01
    endloop
  endfacet
  facet normal -9.942703e-01 0.000000e+00 -1.068951e-01
    outer loop
      vertex   1.350191e+01 6.765000e+01 -1.105350e+01
      vertex   1.350191e+01 6.860000e+01 -1.105350e+01
      vertex   1.350763e+01 6.765000e+01 -1.110674e+01
    endloop
  endfacet
  facet normal -9.942703e-01 0.000000e+00 -1.068951e-01
    outer loop
      vertex   1.350191e+01 6.765000e+01 -1.105350e+01
      vertex   1.350763e+01 6.765000e+01 -1.110674e+01
      vertex   1.350763e+01 6.670000e+01 -1.110674e+01
    endloop
  endfacet
  facet normal -9.841112e-01 0.000000e+00 -1.775532e-01
    outer loop
      vertex   1.350763e+01 6.670000e+01 -1.110674e+01
      vertex   1.350763e+01 6.765000e+01 -1.110674e+01
      vertex   1.351714e+01 6.670000e+01 -1.115942e+01
    endloop
  endfacet
  facet normal -1.775532e-01 0.000000e+00 -9.841112e-01
    outer loop
      vertex   1.409058e+01 7.050000e+01 -1.173286e+01
      vertex   1.414326e+01 7.050000e+01 -1.174237e+01
      vertex   1.414326e+01 6.955000e+01 -1.174237e+01
    endloop
  endfacet
  facet normal -1.068951e-01 0.000000e+00 -9.942703e-01
    outer loop
      vertex   1.414326e+01 6.955000e+01 -1.174237e+01
      vertex   1.414326e+01 7.050000e+01 -1.174237e+01
      vertex   1.419650e+01 6.955000e+01 -1.174809e+01
    endloop
  endfacet
  facet normal -1.068951e-01 0.000000e+00 -9.942703e-01
    outer loop
      vertex   1.414326e+01 6.955000e+01 -1.174237e+01
      vertex   1.419650e+01 6.955000e+01 -1.174809e+01
      vertex   1.419650e+01 6.860000e+01 -1.174809e+01
    endloop
  endfacet
  facet normal -3.569233e-02 0.000000e+00 -9.993628e-01
    outer loop
      vertex   1.419650e+01 6.860000e+01 -1.174809e+01
      vertex   1.419650e+01 6.955000e+01 -1.174809e+01
      vertex   1.425000e+01 7.050000e+01 -1.175000e+01
    endloop
  endfacet
  facet normal -3.569233e-02 0.000000e+00 -9.993628e-01
    outer loop
      vertex   1.419650e+01 6.860000e+01 -1.174809e+01
      vertex   1.425000e+01 7.050000e+01 -1.175000e+01
      vertex   1.425000e+01 6.575000e+01 -1.175000e+01
    endloop
  endfacet
  facet normal -1.068951e-01 0.000000e+00 -9.942703e-01
    outer loop
      vertex   1.414326e+01 7.050000e+01 -1.174237e+01
      vertex   1.419650e+01 7.050000e+01 -1.174809e+01
      vertex   1.419650e+01 6.955000e+01 -1.174809e+01
    endloop
  endfacet
  facet normal -3.569233e-02 0.000000e+00 -9.993628e-01
    outer loop
      vertex   1.419650e+01 6.955000e+01 -1.174809e+01
      vertex   1.419650e+01 7.050000e+01 -1.174809e+01
      vertex   1.425000e+01 7.050000e+01 -1.175000e+01
    endloop
  endfacet
  facet normal -9.942703e-01 0.000000e+00 -1.068951e-01
    outer loop
      vertex   1.350191e+01 6.860000e+01 -1.105350e+01
      vertex   1.350191e+01 6.955000e+01 -1.105350e+01
      vertex   1.350763e+01 6.860000e+01 -1.110674e+01
    endloop
  endfacet
  facet normal -9.942703e-01 0.000000e+00 -1.068951e-01
    outer loop
      vertex   1.350763e+01 6.860000e+01 -1.110674e+01
      vertex   1.350191e+01 6.955000e+01 -1.105350e+01
      vertex   1.350763e+01 6.955000e+01 -1.110674e+01
    endloop
  endfacet
  facet normal -9.841112e-01 0.000000e+00 -1.775532e-01
    outer loop
      vertex   1.350763e+01 6.860000e+01 -1.110674e+01
      vertex   1.350763e+01 6.955000e+01 -1.110674e+01
      vertex   1.351714e+01 6.860000e+01 -1.115942e+01
    endloop
  endfacet
  facet normal -9.841112e-01 0.000000e+00 -1.775532e-01
    outer loop
      vertex   1.351714e+01 6.860000e+01 -1.115942e+01
      vertex   1.350763e+01 6.955000e+01 -1.110674e+01
      vertex   1.351714e+01 6.955000e+01 -1.115942e+01
    endloop
  endfacet
  facet normal -9.689373e-01 0.000000e+00 -2.473065e-01
    outer loop
      vertex   1.351714e+01 6.860000e+01 -1.115942e+01
      vertex   1.351714e+01 6.955000e+01 -1.115942e+01
      vertex   1.353038e+01 6.860000e+01 -1.121130e+01
    endloop
  endfacet
  facet normal -9.689373e-01 0.000000e+00 -2.473065e-01
    outer loop
      vertex   1.353038e+01 6.860000e+01 -1.121130e+01
      vertex   1.351714e+01 6.955000e+01 -1.115942e+01
      vertex   1.353038e+01 6.955000e+01 -1.121130e+01
    endloop
  endfacet
  facet normal -9.488259e-01 0.000000e+00 -3.157996e-01
    outer loop
      vertex   1.353038e+01 6.860000e+01 -1.121130e+01
      vertex   1.353038e+01 6.955000e+01 -1.121130e+01
      vertex   1.354729e+01 6.860000e+01 -1.126210e+01
    endloop
  endfacet
  facet normal -9.488259e-01 0.000000e+00 -3.157996e-01
    outer loop
      vertex   1.354729e+01 6.860000e+01 -1.126210e+01
      vertex   1.353038e+01 6.955000e+01 -1.121130e+01
      vertex   1.354729e+01 6.955000e+01 -1.126210e+01
    endloop
  endfacet
  facet normal -9.238795e-01 0.000000e+00 -3.826834e-01
    outer loop
      vertex   1.354729e+01 6.860000e+01 -1.126210e+01
      vertex   1.354729e+01 6.955000e+01 -1.126210e+01
      vertex   1.356778e+01 6.860000e+01 -1.131156e+01
    endloop
  endfacet
  facet normal -9.238795e-01 0.000000e+00 -3.826834e-01
    outer loop
      vertex   1.356778e+01 6.860000e+01 -1.131156e+01
      vertex   1.354729e+01 6.955000e+01 -1.126210e+01
      vertex   1.356778e+01 6.955000e+01 -1.131156e+01
    endloop
  endfacet
  facet normal -8.942253e-01 0.000000e+00 -4.476172e-01
    outer loop
      vertex   1.356778e+01 6.860000e+01 -1.131156e+01
      vertex   1.356778e+01 6.955000e+01 -1.131156e+01
      vertex   1.359174e+01 6.860000e+01 -1.135944e+01
    endloop
  endfacet
  facet normal -8.942253e-01 0.000000e+00 -4.476172e-01
    outer loop
      vertex   1.359174e+01 6.860000e+01 -1.135944e+01
      vertex   1.356778e+01 6.955000e+01 -1.131156e+01
      vertex   1.359174e+01 6.955000e+01 -1.135944e+01
    endloop
  endfacet
  facet normal -8.600142e-01 0.000000e+00 -5.102700e-01
    outer loop
      vertex   1.359174e+01 6.860000e+01 -1.135944e+01
      vertex   1.359174e+01 6.955000e+01 -1.135944e+01
      vertex   1.361906e+01 6.860000e+01 -1.140548e+01
    endloop
  endfacet
  facet normal -8.600142e-01 0.000000e+00 -5.102700e-01
    outer loop
      vertex   1.361906e+01 6.860000e+01 -1.140548e+01
      vertex   1.359174e+01 6.955000e+01 -1.135944e+01
      vertex   1.361906e+01 6.955000e+01 -1.140548e+01
    endloop
  endfacet
  facet normal -8.214208e-01 0.000000e+00 -5.703226e-01
    outer loop
      vertex   1.361906e+01 6.860000e+01 -1.140548e+01
      vertex   1.361906e+01 6.955000e+01 -1.140548e+01
      vertex   1.364959e+01 6.860000e+01 -1.144946e+01
    endloop
  endfacet
  facet normal -8.214208e-01 0.000000e+00 -5.703226e-01
    outer loop
      vertex   1.364959e+01 6.860000e+01 -1.144946e+01
      vertex   1.361906e+01 6.955000e+01 -1.140548e+01
      vertex   1.364959e+01 6.955000e+01 -1.144946e+01
    endloop
  endfacet
  facet normal -7.786415e-01 0.000000e+00 -6.274690e-01
    outer loop
      vertex   1.364959e+01 6.860000e+01 -1.144946e+01
      vertex   1.364959e+01 6.955000e+01 -1.144946e+01
      vertex   1.368319e+01 6.860000e+01 -1.149115e+01
    endloop
  endfacet
  facet normal -7.786415e-01 0.000000e+00 -6.274690e-01
    outer loop
      vertex   1.368319e+01 6.860000e+01 -1.149115e+01
      vertex   1.364959e+01 6.955000e+01 -1.144946e+01
      vertex   1.368319e+01 6.955000e+01 -1.149115e+01
    endloop
  endfacet
  facet normal -7.318945e-01 0.000000e+00 -6.814179e-01
    outer loop
      vertex   1.368319e+01 6.860000e+01 -1.149115e+01
      vertex   1.368319e+01 6.955000e+01 -1.149115e+01
      vertex   1.371967e+01 6.860000e+01 -1.153033e+01
    endloop
  endfacet
  facet normal -7.318945e-01 0.000000e+00 -6.814179e-01
    outer loop
      vertex   1.371967e+01 6.860000e+01 -1.153033e+01
      vertex   1.368319e+01 6.955000e+01 -1.149115e+01
      vertex   1.371967e+01 6.955000e+01 -1.153033e+01
    endloop
  endfacet
  facet normal -6.814179e-01 0.000000e+00 -7.318945e-01
    outer loop
      vertex   1.371967e+01 6.860000e+01 -1.153033e+01
      vertex   1.371967e+01 6.955000e+01 -1.153033e+01
      vertex   1.375885e+01 6.860000e+01 -1.156681e+01
    endloop
  endfacet
  facet normal -6.814179e-01 0.000000e+00 -7.318945e-01
    outer loop
      vertex   1.375885e+01 6.860000e+01 -1.156681e+01
      vertex   1.371967e+01 6.955000e+01 -1.153033e+01
      vertex   1.375885e+01 6.955000e+01 -1.156681e+01
    endloop
  endfacet
  facet normal -6.274690e-01 0.000000e+00 -7.786415e-01
    outer loop
      vertex   1.375885e+01 6.860000e+01 -1.156681e+01
      vertex   1.375885e+01 6.955000e+01 -1.156681e+01
      vertex   1.380054e+01 6.860000e+01 -1.160041e+01
    endloop
  endfacet
  facet normal -6.274690e-01 0.000000e+00 -7.786415e-01
    outer loop
      vertex   1.380054e+01 6.860000e+01 -1.160041e+01
      vertex   1.375885e+01 6.955000e+01 -1.156681e+01
      vertex   1.380054e+01 6.955000e+01 -1.160041e+01
    endloop
  endfacet
  facet normal -5.703226e-01 0.000000e+00 -8.214208e-01
    outer loop
      vertex   1.380054e+01 6.860000e+01 -1.160041e+01
      vertex   1.380054e+01 6.955000e+01 -1.160041e+01
      vertex   1.384452e+01 6.860000e+01 -1.163094e+01
    endloop
  endfacet
  facet normal -5.703226e-01 0.000000e+00 -8.214208e-01
    outer loop
      vertex   1.384452e+01 6.860000e+01 -1.163094e+01
      vertex   1.380054e+01 6.955000e+01 -1.160041e+01
      vertex   1.384452e+01 6.955000e+01 -1.163094e+01
    endloop
  endfacet
  facet normal -5.102700e-01 0.000000e+00 -8.600142e-01
    outer loop
      vertex   1.384452e+01 6.860000e+01 -1.163094e+01
      vertex   1.384452e+01 6.955000e+01 -1.163094e+01
      vertex   1.389056e+01 6.860000e+01 -1.165826e+01
    endloop
  endfacet
  facet normal -5.102700e-01 0.000000e+00 -8.600142e-01
    outer loop
      vertex   1.389056e+01 6.860000e+01 -1.165826e+01
      vertex   1.384452e+01 6.955000e+01 -1.163094e+01
      vertex   1.389056e+01 6.955000e+01 -1.165826e+01
    endloop
  endfacet
  facet normal -4.476172e-01 0.000000e+00 -8.942253e-01
    outer loop
      vertex   1.389056e+01 6.860000e+01 -1.165826e+01
      vertex   1.389056e+01 6.955000e+01 -1.165826e+01
      vertex   1.393844e+01 6.860000e+01 -1.168222e+01
    endloop
  endfacet
  facet normal -4.476172e-01 0.000000e+00 -8.942253e-01
    outer loop
      vertex   1.393844e+01 6.860000e+01 -1.168222e+01
      vertex   1.389056e+01 6.955000e+01 -1.165826e+01
      vertex   1.393844e+01 6.955000e+01 -1.168222e+01
    endloop
  endfacet
  facet normal -3.826834e-01 0.000000e+00 -9.238795e-01
    outer loop
      vertex   1.393844e+01 6.860000e+01 -1.168222e+01
      vertex   1.393844e+01 6.955000e+01 -1.168222e+01
      vertex   1.398790e+01 6.860000e+01 -1.170271e+01
    endloop
  endfacet
  facet normal -3.826834e-01 0.000000e+00 -9.238795e-01
    outer loop
      vertex   1.398790e+01 6.860000e+01 -1.170271e+01
      vertex   1.393844e+01 6.955000e+01 -1.168222e+01
      vertex   1.398790e+01 6.955000e+01 -1.170271e+01
    endloop
  endfacet
  facet normal -3.157996e-01 0.000000e+00 -9.488259e-01
    outer loop
      vertex   1.398790e+01 6.860000e+01 -1.170271e+01
      vertex   1.398790e+01 6.955000e+01 -1.170271e+01
      vertex   1.403870e+01 6.860000e+01 -1.171962e+01
    endloop
  endfacet
  facet normal -3.157996e-01 0.000000e+00 -9.488259e-01
    outer loop
      vertex   1.403870e+01 6.860000e+01 -1.171962e+01
      vertex   1.398790e+01 6.955000e+01 -1.170271e+01
      vertex   1.403870e+01 6.955000e+01 -1.171962e+01
    endloop
  endfacet
  facet normal -2.473065e-01 0.000000e+00 -9.689373e-01
    outer loop
      vertex   1.403870e+01 6.860000e+01 -1.171962e+01
      vertex   1.403870e+01 6.955000e+01 -1.171962e+01
      vertex   1.409058e+01 6.860000e+01 -1.173286e+01
    endloop
  endfacet
  facet normal -2.473065e-01 0.000000e+00 -9.689373e-01
    outer loop
      vertex   1.409058e+01 6.860000e+01 -1.173286e+01
      vertex   1.403870e+01 6.955000e+01 -1.171962e+01
      vertex   1.409058e+01 6.955000e+01 -1.173286e+01
    endloop
  endfacet
  facet normal -1.775532e-01 0.000000e+00 -9.841112e-01
    outer loop
      vertex   1.409058e+01 6.860000e+01 -1.173286e+01
      vertex   1.409058e+01 6.955000e+01 -1.173286e+01
      vertex   1.414326e+01 6.860000e+01 -1.174237e+01
    endloop
  endfacet
  facet normal -9.942703e-01 0.000000e+00 -1.068951e-01
    outer loop
      vertex   1.350763e+01 6.670000e+01 -1.110674e+01
      vertex   1.350191e+01 6.670000e+01 -1.105350e+01
      vertex   1.350191e+01 6.765000e+01 -1.105350e+01
    endloop
  endfacet
  facet normal -9.942703e-01 0.000000e+00 -1.068951e-01
    outer loop
      vertex   1.350191e+01 6.860000e+01 -1.105350e+01
      vertex   1.350763e+01 6.860000e+01 -1.110674e+01
      vertex   1.350763e+01 6.765000e+01 -1.110674e+01
    endloop
  endfacet
  facet normal -9.841112e-01 0.000000e+00 -1.775532e-01
    outer loop
      vertex   1.350763e+01 6.765000e+01 -1.110674e+01
      vertex   1.350763e+01 6.860000e+01 -1.110674e+01
      vertex   1.351714e+01 6.765000e+01 -1.115942e+01
    endloop
  endfacet
  facet normal -9.841112e-01 0.000000e+00 -1.775532e-01
    outer loop
      vertex   1.350763e+01 6.765000e+01 -1.110674e+01
      vertex   1.351714e+01 6.765000e+01 -1.115942e+01
      vertex   1.351714e+01 6.670000e+01 -1.115942e+01
    endloop
  endfacet
  facet normal -9.689373e-01 0.000000e+00 -2.473065e-01
    outer loop
      vertex   1.351714e+01 6.670000e+01 -1.115942e+01
      vertex   1.351714e+01 6.765000e+01 -1.115942e+01
      vertex   1.353038e+01 6.670000e+01 -1.121130e+01
    endloop
  endfacet
  facet normal -9.841112e-01 0.000000e+00 -1.775532e-01
    outer loop
      vertex   1.351714e+01 6.765000e+01 -1.115942e+01
      vertex   1.350763e+01 6.860000e+01 -1.110674e+01
      vertex   1.351714e+01 6.860000e+01 -1.115942e+01
    endloop
  endfacet
  facet normal -9.689373e-01 0.000000e+00 -2.473065e-01
    outer loop
      vertex   1.351714e+01 6.765000e+01 -1.115942e+01
      vertex   1.351714e+01 6.860000e+01 -1.115942e+01
      vertex   1.353038e+01 6.765000e+01 -1.121130e+01
    endloop
  endfacet
  facet normal -9.689373e-01 0.000000e+00 -2.473065e-01
    outer loop
      vertex   1.353038e+01 6.765000e+01 -1.121130e+01
      vertex   1.351714e+01 6.860000e+01 -1.115942e+01
      vertex   1.353038e+01 6.860000e+01 -1.121130e+01
    endloop
  endfacet
  facet normal -9.488259e-01 0.000000e+00 -3.157996e-01
    outer loop
      vertex   1.353038e+01 6.765000e+01 -1.121130e+01
      vertex   1.353038e+01 6.860000e+01 -1.121130e+01
      vertex   1.354729e+01 6.765000e+01 -1.126210e+01
    endloop
  endfacet
  facet normal -9.488259e-01 0.000000e+00 -3.157996e-01
    outer loop
      vertex   1.354729e+01 6.765000e+01 -1.126210e+01
      vertex   1.353038e+01 6.860000e+01 -1.121130e+01
      vertex   1.354729e+01 6.860000e+01 -1.126210e+01
    endloop
  endfacet
  facet normal -9.238795e-01 0.000000e+00 -3.826834e-01
    outer loop
      vertex   1.354729e+01 6.765000e+01 -1.126210e+01
      vertex   1.354729e+01 6.860000e+01 -1.126210e+01
      vertex   1.356778e+01 6.765000e+01 -1.131156e+01
    endloop
  endfacet
  facet normal -9.238795e-01 0.000000e+00 -3.826834e-01
    outer loop
      vertex   1.356778e+01 6.765000e+01 -1.131156e+01
      vertex   1.354729e+01 6.860000e+01 -1.126210e+01
      vertex   1.356778e+01 6.860000e+01 -1.131156e+01
    endloop
  endfacet
  facet normal -8.942253e-01 0.000000e+00 -4.476172e-01
    outer loop
      vertex   1.356778e+01 6.765000e+01 -1.131156e+01
      vertex   1.356778e+01 6.860000e+01 -1.131156e+01
      vertex   1.359174e+01 6.765000e+01 -1.135944e+01
    endloop
  endfacet
  facet normal -8.942253e-01 0.000000e+00 -4.476172e-01
    outer loop
      vertex   1.359174e+01 6.765000e+01 -1.135944e+01
      vertex   1.356778e+01 6.860000e+01 -1.131156e+01
      vertex   1.359174e+01 6.860000e+01 -1.135944e+01
    endloop
  endfacet
  facet normal -8.600142e-01 0.000000e+00 -5.102700e-01
    outer loop
      vertex   1.359174e+01 6.765000e+01 -1.135944e+01
      vertex   1.359174e+01 6.860000e+01 -1.135944e+01
      vertex   1.361906e+01 6.765000e+01 -1.140548e+01
    endloop
  endfacet
  facet normal -8.600142e-01 0.000000e+00 -5.102700e-01
    outer loop
      vertex   1.361906e+01 6.765000e+01 -1.140548e+01
      vertex   1.359174e+01 6.860000e+01 -1.135944e+01
      vertex   1.361906e+01 6.860000e+01 -1.140548e+01
    endloop
  endfacet
  facet normal -8.214208e-01 0.000000e+00 -5.703226e-01
    outer loop
      vertex   1.361906e+01 6.765000e+01 -1.140548e+01
      vertex   1.361906e+01 6.860000e+01 -1.140548e+01
      vertex   1.364959e+01 6.765000e+01 -1.144946e+01
    endloop
  endfacet
  facet normal -8.214208e-01 0.000000e+00 -5.703226e-01
    outer loop
      vertex   1.364959e+01 6.765000e+01 -1.144946e+01
      vertex   1.361906e+01 6.860000e+01 -1.140548e+01
      vertex   1.364959e+01 6.860000e+01 -1.144946e+01
    endloop
  endfacet
  facet normal -7.786415e-01 0.000000e+00 -6.274690e-01
    outer loop
      vertex   1.364959e+01 6.765000e+01 -1.144946e+01
      vertex   1.364959e+01 6.860000e+01 -1.144946e+01
      vertex   1.368319e+01 6.765000e+01 -1.149115e+01
    endloop
  endfacet
  facet normal -7.786415e-01 0.000000e+00 -6.274690e-01
    outer loop
      vertex   1.368319e+01 6.765000e+01 -1.149115e+01
      vertex   1.364959e+01 6.860000e+01 -1.144946e+01
      vertex   1.368319e+01 6.860000e+01 -1.149115e+01
    endloop
  endfacet
  facet normal -7.318945e-01 0.000000e+00 -6.814179e-01
    outer loop
      vertex   1.368319e+01 6.765000e+01 -1.149115e+01
      vertex   1.368319e+01 6.860000e+01 -1.149115e+01
      vertex   1.371967e+01 6.765000e+01 -1.153033e+01
    endloop
  endfacet
  facet normal -7.318945e-01 0.000000e+00 -6.814179e-01
    outer loop
      vertex   1.371967e+01 6.765000e+01 -1.153033e+01
      vertex   1.368319e+01 6.860000e+01 -1.149115e+01
      vertex   1.371967e+01 6.860000e+01 -1.153033e+01
    endloop
  endfacet
  facet normal -6.814179e-01 0.000000e+00 -7.318945e-01
    outer loop
      vertex   1.371967e+01 6.765000e+01 -1.153033e+01
      vertex   1.371967e+01 6.860000e+01 -1.153033e+01
      vertex   1.375885e+01 6.765000e+01 -1.156681e+01
    endloop
  endfacet
  facet normal -6.814179e-01 0.000000e+00 -7.318945e-01
    outer loop
      vertex   1.375885e+01 6.765000e+01 -1.156681e+01
      vertex   1.371967e+01 6.860000e+01 -1.153033e+01
      vertex   1.375885e+01 6.860000e+01 -1.156681e+01
    endloop
  endfacet
  facet normal -6.274690e-01 0.000000e+00 -7.786415e-01
    outer loop
      vertex   1.375885e+01 6.765000e+01 -1.156681e+01
      vertex   1.375885e+01 6.860000e+01 -1.156681e+01
      vertex   1.380054e+01 6.765000e+01 -1.160041e+01
    endloop
  endfacet
  facet normal -6.274690e-01 0.000000e+00 -7.786415e-01
    outer loop
      vertex   1.380054e+01 6.765000e+01 -1.160041e+01
      vertex   1.375885e+01 6.860000e+01 -1.156681e+01
      vertex   1.380054e+01 6.860000e+01 -1.160041e+01
    endloop
  endfacet
  facet normal -5.703226e-01 0.000000e+00 -8.214208e-01
    outer loop
      vertex   1.380054e+01 6.765000e+01 -1.160041e+01
      vertex   1.380054e+01 6.860000e+01 -1.160041e+01
      vertex   1.384452e+01 6.765000e+01 -1.163094e+01
    endloop
  endfacet
  facet normal -5.703226e-01 0.000000e+00 -8.214208e-01
    outer loop
      vertex   1.384452e+01 6.765000e+01 -1.163094e+01
      vertex   1.380054e+01 6.860000e+01 -1.160041e+01
      vertex   1.384452e+01 6.860000e+01 -1.163094e+01
    endloop
  endfacet
  facet normal -5.102700e-01 0.000000e+00 -8.600142e-01
    outer loop
      vertex   1.384452e+01 6.765000e+01 -1.163094e+01
      vertex   1.384452e+01 6.860000e+01 -1.163094e+01
      vertex   1.389056e+01 6.765000e+01 -1.165826e+01
    endloop
  endfacet
  facet normal -5.102700e-01 0.000000e+00 -8.600142e-01
    outer loop
      vertex   1.389056e+01 6.765000e+01 -1.165826e+01
      vertex   1.384452e+01 6.860000e+01 -1.163094e+01
      vertex   1.389056e+01 6.860000e+01 -1.165826e+01
    endloop
  endfacet
  facet normal -4.476172e-01 0.000000e+00 -8.942253e-01
    outer loop
      vertex   1.389056e+01 6.765000e+01 -1.165826e+01
      vertex   1.389056e+01 6.860000e+01 -1.165826e+01
      vertex   1.393844e+01 6.765000e+01 -1.168222e+01
    endloop
  endfacet
  facet normal -4.476172e-01 0.000000e+00 -8.942253e-01
    outer loop
      vertex   1.393844e+01 6.765000e+01 -1.168222e+01
      vertex   1.389056e+01 6.860000e+01 -1.165826e+01
      vertex   1.393844e+01 6.860000e+01 -1.168222e+01
    endloop
  endfacet
  facet normal -3.826834e-01 0.000000e+00 -9.238795e-01
    outer loop
      vertex   1.393844e+01 6.765000e+01 -1.168222e+01
      vertex   1.393844e+01 6.860000e+01 -1.168222e+01
      vertex   1.398790e+01 6.765000e+01 -1.170271e+01
    endloop
  endfacet
  facet normal -3.826834e-01 0.000000e+00 -9.238795e-01
    outer loop
      vertex   1.398790e+01 6.765000e+01 -1.170271e+01
      vertex   1.393844e+01 6.860000e+01 -1.168222e+01
      vertex   1.398790e+01 6.860000e+01 -1.170271e+01
    endloop
  endfacet
  facet normal -3.157996e-01 0.000000e+00 -9.488259e-01
    outer loop
      vertex   1.398790e+01 6.765000e+01 -1.170271e+01
      vertex   1.398790e+01 6.860000e+01 -1.170271e+01
      vertex   1.403870e+01 6.765000e+01 -1.171962e+01
    endloop
  endfacet
  facet normal -3.157996e-01 0.000000e+00 -9.488259e-01
    outer loop
      vertex   1.403870e+01 6.765000e+01 -1.171962e+01
      vertex   1.398790e+01 6.860000e+01 -1.170271e+01
      vertex   1.403870e+01 6.860000e+01 -1.171962e+01
    endloop
  endfacet
  facet normal -2.473065e-01 0.000000e+00 -9.689373e-01
    outer loop
      vertex   1.403870e+01 6.765000e+01 -1.171962e+01
      vertex   1.403870e+01 6.860000e+01 -1.171962e+01
      vertex   1.409058e+01 6.765000e+01 -1.173286e+01
    endloop
  endfacet
  facet normal -2.473065e-01 0.000000e+00 -9.689373e-01
    outer loop
      vertex   1.409058e+01 6.765000e+01 -1.173286e+01
      vertex   1.403870e+01 6.860000e+01 -1.171962e+01
      vertex   1.409058e+01 6.860000e+01 -1.173286e+01
    endloop
  endfacet
  facet normal -1.775532e-01 0.000000e+00 -9.841112e-01
    outer loop
      vertex   1.409058e+01 6.765000e+01 -1.173286e+01
      vertex   1.409058e+01 6.860000e+01 -1.173286e+01
      vertex   1.414326e+01 6.765000e+01 -1.174237e+01
    endloop
  endfacet
  facet normal -1.775532e-01 0.000000e+00 -9.841112e-01
    outer loop
      vertex   1.414326e+01 6.765000e+01 -1.174237e+01
      vertex   1.409058e+01 6.860000e+01 -1.173286e+01
      vertex   1.414326e+01 6.860000e+01 -1.174237e+01
    endloop
  endfacet
  facet normal -1.068951e-01 0.000000e+00 -9.942703e-01
    outer loop
      vertex   1.414326e+01 6.765000e+01 -1.174237e+01
      vertex   1.414326e+01 6.860000e+01 -1.174237e+01
      vertex   1.419650e+01 6.765000e+01 -1.174809e+01
    endloop
  endfacet
  facet normal -9.488259e-01 0.000000e+00 -3.157996e-01
    outer loop
      vertex   1.354729e+01 6.670000e+01 -1.126210e+01
      vertex   1.353038e+01 6.670000e+01 -1.121130e+01
      vertex   1.353038e+01 6.765000e+01 -1.121130e+01
    endloop
  endfacet
  facet normal -9.689373e-01 -0.000000e+00 -2.473065e-01
    outer loop
      vertex   1.353038e+01 6.765000e+01 -1.121130e+01
      vertex   1.353038e+01 6.670000e+01 -1.121130e+01
      vertex   1.351714e+01 6.765000e+01 -1.115942e+01
    endloop
  endfacet
  facet normal -9.488259e-01 0.000000e+00 -3.157996e-01
    outer loop
      vertex   1.354729e+01 6.670000e+01 -1.126210e+01
      vertex   1.353038e+01 6.765000e+01 -1.121130e+01
      vertex   1.354729e+01 6.765000e+01 -1.126210e+01
    endloop
  endfacet
  facet normal -9.238795e-01 0.000000e+00 -3.826834e-01
    outer loop
      vertex   1.356778e+01 6.670000e+01 -1.131156e+01
      vertex   1.354729e+01 6.670000e+01 -1.126210e+01
      vertex   1.354729e+01 6.765000e+01 -1.126210e+01
    endloop
  endfacet
  facet normal -9.238795e-01 0.000000e+00 -3.826834e-01
    outer loop
      vertex   1.356778e+01 6.670000e+01 -1.131156e+01
      vertex   1.354729e+01 6.765000e+01 -1.126210e+01
      vertex   1.356778e+01 6.765000e+01 -1.131156e+01
    endloop
  endfacet
  facet normal -8.942253e-01 0.000000e+00 -4.476172e-01
    outer loop
      vertex   1.359174e+01 6.670000e+01 -1.135944e+01
      vertex   1.356778e+01 6.670000e+01 -1.131156e+01
      vertex   1.356778e+01 6.765000e+01 -1.131156e+01
    endloop
  endfacet
  facet normal -8.942253e-01 0.000000e+00 -4.476172e-01
    outer loop
      vertex   1.359174e+01 6.670000e+01 -1.135944e+01
      vertex   1.356778e+01 6.765000e+01 -1.131156e+01
      vertex   1.359174e+01 6.765000e+01 -1.135944e+01
    endloop
  endfacet
  facet normal -8.600142e-01 0.000000e+00 -5.102700e-01
    outer loop
      vertex   1.361906e+01 6.670000e+01 -1.140548e+01
      vertex   1.359174e+01 6.670000e+01 -1.135944e+01
      vertex   1.359174e+01 6.765000e+01 -1.135944e+01
    endloop
  endfacet
  facet normal -8.600142e-01 0.000000e+00 -5.102700e-01
    outer loop
      vertex   1.361906e+01 6.670000e+01 -1.140548e+01
      vertex   1.359174e+01 6.765000e+01 -1.135944e+01
      vertex   1.361906e+01 6.765000e+01 -1.140548e+01
    endloop
  endfacet
  facet normal -8.214208e-01 0.000000e+00 -5.703226e-01
    outer loop
      vertex   1.364959e+01 6.670000e+01 -1.144946e+01
      vertex   1.361906e+01 6.670000e+01 -1.140548e+01
      vertex   1.361906e+01 6.765000e+01 -1.140548e+01
    endloop
  endfacet
  facet normal -8.214208e-01 0.000000e+00 -5.703226e-01
    outer loop
      vertex   1.364959e+01 6.670000e+01 -1.144946e+01
      vertex   1.361906e+01 6.765000e+01 -1.140548e+01
      vertex   1.364959e+01 6.765000e+01 -1.144946e+01
    endloop
  endfacet
  facet normal -7.786415e-01 0.000000e+00 -6.274690e-01
    outer loop
      vertex   1.368319e+01 6.670000e+01 -1.149115e+01
      vertex   1.364959e+01 6.670000e+01 -1.144946e+01
      vertex   1.364959e+01 6.765000e+01 -1.144946e+01
    endloop
  endfacet
  facet normal -7.786415e-01 0.000000e+00 -6.274690e-01
    outer loop
      vertex   1.368319e+01 6.670000e+01 -1.149115e+01
      vertex   1.364959e+01 6.765000e+01 -1.144946e+01
      vertex   1.368319e+01 6.765000e+01 -1.149115e+01
    endloop
  endfacet
  facet normal -7.318945e-01 0.000000e+00 -6.814179e-01
    outer loop
      vertex   1.371967e+01 6.670000e+01 -1.153033e+01
      vertex   1.368319e+01 6.670000e+01 -1.149115e+01
      vertex   1.368319e+01 6.765000e+01 -1.149115e+01
    endloop
  endfacet
  facet normal -7.318945e-01 0.000000e+00 -6.814179e-01
    outer loop
      vertex   1.371967e+01 6.670000e+01 -1.153033e+01
      vertex   1.368319e+01 6.765000e+01 -1.149115e+01
      vertex   1.371967e+01 6.765000e+01 -1.153033e+01
    endloop
  endfacet
  facet normal -6.814179e-01 0.000000e+00 -7.318945e-01
    outer loop
      vertex   1.375885e+01 6.670000e+01 -1.156681e+01
      vertex   1.371967e+01 6.670000e+01 -1.153033e+01
      vertex   1.371967e+01 6.765000e+01 -1.153033e+01
    endloop
  endfacet
  facet normal -6.814179e-01 0.000000e+00 -7.318945e-01
    outer loop
      vertex   1.375885e+01 6.670000e+01 -1.156681e+01
      vertex   1.371967e+01 6.765000e+01 -1.153033e+01
      vertex   1.375885e+01 6.765000e+01 -1.156681e+01
    endloop
  endfacet
  facet normal -6.274690e-01 0.000000e+00 -7.786415e-01
    outer loop
      vertex   1.380054e+01 6.670000e+01 -1.160041e+01
      vertex   1.375885e+01 6.670000e+01 -1.156681e+01
      vertex   1.375885e+01 6.765000e+01 -1.156681e+01
    endloop
  endfacet
  facet normal -6.274690e-01 0.000000e+00 -7.786415e-01
    outer loop
      vertex   1.380054e+01 6.670000e+01 -1.160041e+01
      vertex   1.375885e+01 6.765000e+01 -1.156681e+01
      vertex   1.380054e+01 6.765000e+01 -1.160041e+01
    endloop
  endfacet
  facet normal -5.703226e-01 0.000000e+00 -8.214208e-01
    outer loop
      vertex   1.384452e+01 6.670000e+01 -1.163094e+01
      vertex   1.380054e+01 6.670000e+01 -1.160041e+01
      vertex   1.380054e+01 6.765000e+01 -1.160041e+01
    endloop
  endfacet
  facet normal -5.703226e-01 0.000000e+00 -8.214208e-01
    outer loop
      vertex   1.384452e+01 6.670000e+01 -1.163094e+01
      vertex   1.380054e+01 6.765000e+01 -1.160041e+01
      vertex   1.384452e+01 6.765000e+01 -1.163094e+01
    endloop
  endfacet
  facet normal -5.102700e-01 0.000000e+00 -8.600142e-01
    outer loop
      vertex   1.389056e+01 6.670000e+01 -1.165826e+01
      vertex   1.384452e+01 6.670000e+01 -1.163094e+01
      vertex   1.384452e+01 6.765000e+01 -1.163094e+01
    endloop
  endfacet
  facet normal -5.102700e-01 0.000000e+00 -8.600142e-01
    outer loop
      vertex   1.389056e+01 6.670000e+01 -1.165826e+01
      vertex   1.384452e+01 6.765000e+01 -1.163094e+01
      vertex   1.389056e+01 6.765000e+01 -1.165826e+01
    endloop
  endfacet
  facet normal -4.476172e-01 0.000000e+00 -8.942253e-01
    outer loop
      vertex   1.393844e+01 6.670000e+01 -1.168222e+01
      vertex   1.389056e+01 6.670000e+01 -1.165826e+01
      vertex   1.389056e+01 6.765000e+01 -1.165826e+01
    endloop
  endfacet
  facet normal -4.476172e-01 0.000000e+00 -8.942253e-01
    outer loop
      vertex   1.393844e+01 6.670000e+01 -1.168222e+01
      vertex   1.389056e+01 6.765000e+01 -1.165826e+01
      vertex   1.393844e+01 6.765000e+01 -1.168222e+01
    endloop
  endfacet
  facet normal -3.826834e-01 0.000000e+00 -9.238795e-01
    outer loop
      vertex   1.398790e+01 6.670000e+01 -1.170271e+01
      vertex   1.393844e+01 6.670000e+01 -1.168222e+01
      vertex   1.393844e+01 6.765000e+01 -1.168222e+01
    endloop
  endfacet
  facet normal -3.826834e-01 0.000000e+00 -9.238795e-01
    outer loop
      vertex   1.398790e+01 6.670000e+01 -1.170271e+01
      vertex   1.393844e+01 6.765000e+01 -1.168222e+01
      vertex   1.398790e+01 6.765000e+01 -1.170271e+01
    endloop
  endfacet
  facet normal -3.157996e-01 0.000000e+00 -9.488259e-01
    outer loop
      vertex   1.403870e+01 6.670000e+01 -1.171962e+01
      vertex   1.398790e+01 6.670000e+01 -1.170271e+01
      vertex   1.398790e+01 6.765000e+01 -1.170271e+01
    endloop
  endfacet
  facet normal -3.157996e-01 0.000000e+00 -9.488259e-01
    outer loop
      vertex   1.403870e+01 6.670000e+01 -1.171962e+01
      vertex   1.398790e+01 6.765000e+01 -1.170271e+01
      vertex   1.403870e+01 6.765000e+01 -1.171962e+01
    endloop
  endfacet
  facet normal -2.473065e-01 0.000000e+00 -9.689373e-01
    outer loop
      vertex   1.409058e+01 6.670000e+01 -1.173286e+01
      vertex   1.403870e+01 6.670000e+01 -1.171962e+01
      vertex   1.403870e+01 6.765000e+01 -1.171962e+01
    endloop
  endfacet
  facet normal -2.473065e-01 0.000000e+00 -9.689373e-01
    outer loop
      vertex   1.409058e+01 6.670000e+01 -1.173286e+01
      vertex   1.403870e+01 6.765000e+01 -1.171962e+01
      vertex   1.409058e+01 6.765000e+01 -1.173286e+01
    endloop
  endfacet
  facet normal -1.775532e-01 0.000000e+00 -9.841112e-01
    outer loop
      vertex   1.414326e+01 6.670000e+01 -1.174237e+01
      vertex   1.409058e+01 6.670000e+01 -1.173286e+01
      vertex   1.409058e+01 6.765000e+01 -1.173286e+01
    endloop
  endfacet
  facet normal -1.775532e-01 0.000000e+00 -9.841112e-01
    outer loop
      vertex   1.414326e+01 6.670000e+01 -1.174237e+01
      vertex   1.409058e+01 6.765000e+01 -1.173286e+01
      vertex   1.414326e+01 6.765000e+01 -1.174237e+01
    endloop
  endfacet
  facet normal -1.068951e-01 0.000000e+00 -9.942703e-01
    outer loop
      vertex   1.419650e+01 6.670000e+01 -1.174809e+01
      vertex   1.414326e+01 6.670000e+01 -1.174237e+01
      vertex   1.414326e+01 6.765000e+01 -1.174237e+01
    endloop
  endfacet
  facet normal -1.068951e-01 0.000000e+00 -9.942703e-01
    outer loop
      vertex   1.419650e+01 6.670000e+01 -1.174809e+01
      vertex   1.414326e+01 6.765000e+01 -1.174237e+01
      vertex   1.419650e+01 6.765000e+01 -1.174809e+01
    endloop
  endfacet
  facet normal 0.000000e+00 0.000000e+00 -1.000000e+00
    outer loop
      vertex   1.425000e+01 7.050000e+01 -1.175000e+01
      vertex   1.725000e+01 7.050000e+01 -1.175000e+01
      vertex   1.425000e+01 6.575000e+01 -1.175000e+01
    endloop
  endfacet
  facet normal 0.000000e+00 0.000000e+00 -1.000000e+00
    outer loop
      vertex   1.425000e+01 6.575000e+01 -1.175000e+01
      vertex   1.725000e+01 7.050000e+01 -1.175000e+01
      vertex   1.725000e+01 6.575000e+01 -1.175000e+01
    endloop
  endfacet
  facet normal 3.569233e-02 0.000000e+00 -9.993628e-01
    outer loop
      vertex   1.725000e+01 7.050000e+01 -1.175000e+01
      vertex   1.730350e+01 6.765000e+01 -1.174809e+01
      vertex   1.725000e+01 6.575000e+01 -1.175000e+01
    endloop
  endfacet
  facet normal 3.569233e-02 0.000000e+00 -9.993628e-01
    outer loop
      vertex   1.725000e+01 6.575000e+01 -1.175000e+01
      vertex   1.730350e+01 6.765000e+01 -1.174809e+01
      vertex   1.730350e+01 6.670000e+01 -1.174809e+01
    endloop
  endfacet
  facet normal 3.569233e-02 0.000000e+00 -9.993628e-01
    outer loop
      vertex   1.725000e+01 6.575000e+01 -1.175000e+01
      vertex   1.730350e+01 6.670000e+01 -1.174809e+01
      vertex   1.730350e+01 6.575000e+01 -1.174809e+01
    endloop
  endfacet
  facet normal 1.068951e-01 0.000000e+00 -9.942703e-01
    outer loop
      vertex   1.730350e+01 6.575000e+01 -1.174809e+01
      vertex   1.730350e+01 6.670000e+01 -1.174809e+01
      vertex   1.735674e+01 6.575000e+01 -1.174237e+01
    endloop
  endfacet
  facet normal 1.068951e-01 0.000000e+00 -9.942703e-01
    outer loop
      vertex   1.735674e+01 6.575000e+01 -1.174237e+01
      vertex   1.730350e+01 6.670000e+01 -1.174809e+01
      vertex   1.735674e+01 6.670000e+01 -1.174237e+01
    endloop
  endfacet
  facet normal 1.775532e-01 0.000000e+00 -9.841112e-01
    outer loop
      vertex   1.735674e+01 6.575000e+01 -1.174237e+01
      vertex   1.735674e+01 6.670000e+01 -1.174237e+01
      vertex   1.740942e+01 6.575000e+01 -1.173286e+01
    endloop
  endfacet
  facet normal 1.775532e-01 0.000000e+00 -9.841112e-01
    outer loop
      vertex   1.740942e+01 6.575000e+01 -1.173286e+01
      vertex   1.735674e+01 6.670000e+01 -1.174237e+01
      vertex   1.740942e+01 6.670000e+01 -1.173286e+01
    endloop
  endfacet
  facet normal 2.473065e-01 0.000000e+00 -9.689373e-01
    outer loop
      vertex   1.740942e+01 6.575000e+01 -1.173286e+01
      vertex   1.740942e+01 6.670000e+01 -1.173286e+01
      vertex   1.746130e+01 6.575000e+01 -1.171962e+01
    endloop
  endfacet
  facet normal 2.473065e-01 0.000000e+00 -9.689373e-01
    outer loop
      vertex   1.746130e+01 6.575000e+01 -1.171962e+01
      vertex   1.740942e+01 6.670000e+01 -1.173286e+01
      vertex   1.746130e+01 6.670000e+01 -1.171962e+01
    endloop
  endfacet
  facet normal 3.157996e-01 0.000000e+00 -9.488259e-01
    outer loop
      vertex   1.746130e+01 6.575000e+01 -1.171962e+01
      vertex   1.746130e+01 6.670000e+01 -1.171962e+01
      vertex   1.751210e+01 6.575000e+01 -1.170271e+01
    endloop
  endfacet
  facet normal 3.157996e-01 0.000000e+00 -9.488259e-01
    outer loop
      vertex   1.751210e+01 6.575000e+01 -1.170271e+01
      vertex   1.746130e+01 6.670000e+01 -1.171962e+01
      vertex   1.751210e+01 6.670000e+01 -1.170271e+01
    endloop
  endfacet
  facet normal 3.826834e-01 0.000000e+00 -9.238795e-01
    outer loop
      vertex   1.751210e+01 6.575000e+01 -1.170271e+01
      vertex   1.751210e+01 6.670000e+01 -1.170271e+01
      vertex   1.756156e+01 6.575000e+01 -1.168222e+01
    endloop
  endfacet
  facet normal 3.826834e-01 1.727516e-15 -9.238795e-01
    outer loop
      vertex   1.756156e+01 6.575000e+01 -1.168222e+01
      vertex   1.751210e+01 6.670000e+01 -1.170271e+01
      vertex   1.756156e+01 6.670000e+01 -1.168222e+01
    endloop
  endfacet
  facet normal 4.476172e-01 1.672066e-15 -8.942253e-01
    outer loop
      vertex   1.756156e+01 6.575000e+01 -1.168222e+01
      vertex   1.756156e+01 6.670000e+01 -1.168222e+01
      vertex   1.760944e+01 6.575000e+01 -1.165826e+01
    endloop
  endfacet
  facet normal 4.476172e-01 0.000000e+00 -8.942253e-01
    outer loop
      vertex   1.760944e+01 6.575000e+01 -1.165826e+01
      vertex   1.756156e+01 6.670000e+01 -1.168222e+01
      vertex   1.760944e+01 6.670000e+01 -1.165826e+01
    endloop
  endfacet
  facet normal 5.102700e-01 0.000000e+00 -8.600142e-01
    outer loop
      vertex   1.760944e+01 6.575000e+01 -1.165826e+01
      vertex   1.760944e+01 6.670000e+01 -1.165826e+01
      vertex   1.765548e+01 6.575000e+01 -1.163094e+01
    endloop
  endfacet
  facet normal 5.102700e-01 0.000000e+00 -8.600142e-01
    outer loop
      vertex   1.765548e+01 6.575000e+01 -1.163094e+01
      vertex   1.760944e+01 6.670000e+01 -1.165826e+01
      vertex   1.765548e+01 6.670000e+01 -1.163094e+01
    endloop
  endfacet
  facet normal 5.703226e-01 0.000000e+00 -8.214208e-01
    outer loop
      vertex   1.765548e+01 6.575000e+01 -1.163094e+01
      vertex   1.765548e+01 6.670000e+01 -1.163094e+01
      vertex   1.769946e+01 6.575000e+01 -1.160041e+01
    endloop
  endfacet
  facet normal 5.703226e-01 0.000000e+00 -8.214208e-01
    outer loop
      vertex   1.769946e+01 6.575000e+01 -1.160041e+01
      vertex   1.765548e+01 6.670000e+01 -1.163094e+01
      vertex   1.769946e+01 6.670000e+01 -1.160041e+01
    endloop
  endfacet
  facet normal 6.274690e-01 0.000000e+00 -7.786415e-01
    outer loop
      vertex   1.769946e+01 6.575000e+01 -1.160041e+01
      vertex   1.769946e+01 6.670000e+01 -1.160041e+01
      vertex   1.774115e+01 6.575000e+01 -1.156681e+01
    endloop
  endfacet
  facet normal 6.274690e-01 0.000000e+00 -7.786415e-01
    outer loop
      vertex   1.774115e+01 6.575000e+01 -1.156681e+01
      vertex   1.769946e+01 6.670000e+01 -1.160041e+01
      vertex   1.774115e+01 6.670000e+01 -1.156681e+01
    endloop
  endfacet
  facet normal 6.814179e-01 0.000000e+00 -7.318945e-01
    outer loop
      vertex   1.774115e+01 6.575000e+01 -1.156681e+01
      vertex   1.774115e+01 6.670000e+01 -1.156681e+01
      vertex   1.778033e+01 6.575000e+01 -1.153033e+01
    endloop
  endfacet
  facet normal 6.814179e-01 0.000000e+00 -7.318945e-01
    outer loop
      vertex   1.778033e+01 6.575000e+01 -1.153033e+01
      vertex   1.774115e+01 6.670000e+01 -1.156681e+01
      vertex   1.778033e+01 6.670000e+01 -1.153033e+01
    endloop
  endfacet
  facet normal 7.318945e-01 0.000000e+00 -6.814179e-01
    outer loop
      vertex   1.778033e+01 6.575000e+01 -1.153033e+01
      vertex   1.778033e+01 6.670000e+01 -1.153033e+01
      vertex   1.781681e+01 6.575000e+01 -1.149115e+01
    endloop
  endfacet
  facet normal 7.318945e-01 0.000000e+00 -6.814179e-01
    outer loop
      vertex   1.781681e+01 6.575000e+01 -1.149115e+01
      vertex   1.778033e+01 6.670000e+01 -1.153033e+01
      vertex   1.781681e+01 6.670000e+01 -1.149115e+01
    endloop
  endfacet
  facet normal 7.786415e-01 0.000000e+00 -6.274690e-01
    outer loop
      vertex   1.781681e+01 6.575000e+01 -1.149115e+01
      vertex   1.781681e+01 6.670000e+01 -1.149115e+01
      vertex   1.785041e+01 6.575000e+01 -1.144946e+01
    endloop
  endfacet
  facet normal 7.786415e-01 0.000000e+00 -6.274690e-01
    outer loop
      vertex   1.785041e+01 6.575000e+01 -1.144946e+01
      vertex   1.781681e+01 6.670000e+01 -1.149115e+01
      vertex   1.785041e+01 6.670000e+01 -1.144946e+01
    endloop
  endfacet
  facet normal 8.214208e-01 0.000000e+00 -5.703226e-01
    outer loop
      vertex   1.785041e+01 6.575000e+01 -1.144946e+01
      vertex   1.785041e+01 6.670000e+01 -1.144946e+01
      vertex   1.788094e+01 6.575000e+01 -1.140548e+01
    endloop
  endfacet
  facet normal 8.214208e-01 0.000000e+00 -5.703226e-01
    outer loop
      vertex   1.788094e+01 6.575000e+01 -1.140548e+01
      vertex   1.785041e+01 6.670000e+01 -1.144946e+01
      vertex   1.788094e+01 6.670000e+01 -1.140548e+01
    endloop
  endfacet
  facet normal 8.600142e-01 0.000000e+00 -5.102700e-01
    outer loop
      vertex   1.788094e+01 6.575000e+01 -1.140548e+01
      vertex   1.788094e+01 6.670000e+01 -1.140548e+01
      vertex   1.790826e+01 6.575000e+01 -1.135944e+01
    endloop
  endfacet
  facet normal 8.600142e-01 0.000000e+00 -5.102700e-01
    outer loop
      vertex   1.790826e+01 6.575000e+01 -1.135944e+01
      vertex   1.788094e+01 6.670000e+01 -1.140548e+01
      vertex   1.790826e+01 6.670000e+01 -1.135944e+01
    endloop
  endfacet
  facet normal 8.942253e-01 0.000000e+00 -4.476172e-01
    outer loop
      vertex   1.790826e+01 6.575000e+01 -1.135944e+01
      vertex   1.790826e+01 6.670000e+01 -1.135944e+01
      vertex   1.793222e+01 6.575000e+01 -1.131156e+01
    endloop
  endfacet
  facet normal 8.942253e-01 0.000000e+00 -4.476172e-01
    outer loop
      vertex   1.793222e+01 6.575000e+01 -1.131156e+01
      vertex   1.790826e+01 6.670000e+01 -1.135944e+01
      vertex   1.793222e+01 6.670000e+01 -1.131156e+01
    endloop
  endfacet
  facet normal 9.238795e-01 0.000000e+00 -3.826834e-01
    outer loop
      vertex   1.793222e+01 6.575000e+01 -1.131156e+01
      vertex   1.793222e+01 6.670000e+01 -1.131156e+01
      vertex   1.795271e+01 6.575000e+01 -1.126210e+01
    endloop
  endfacet
  facet normal 9.238795e-01 0.000000e+00 -3.826834e-01
    outer loop
      vertex   1.795271e+01 6.575000e+01 -1.126210e+01
      vertex   1.793222e+01 6.670000e+01 -1.131156e+01
      vertex   1.795271e+01 6.670000e+01 -1.126210e+01
    endloop
  endfacet
  facet normal 9.488259e-01 0.000000e+00 -3.157996e-01
    outer loop
      vertex   1.795271e+01 6.575000e+01 -1.126210e+01
      vertex   1.795271e+01 6.670000e+01 -1.126210e+01
      vertex   1.796962e+01 6.575000e+01 -1.121130e+01
    endloop
  endfacet
  facet normal 9.488259e-01 0.000000e+00 -3.157996e-01
    outer loop
      vertex   1.796962e+01 6.575000e+01 -1.121130e+01
      vertex   1.795271e+01 6.670000e+01 -1.126210e+01
      vertex   1.796962e+01 6.670000e+01 -1.121130e+01
    endloop
  endfacet
  facet normal 9.689373e-01 0.000000e+00 -2.473065e-01
    outer loop
      vertex   1.796962e+01 6.575000e+01 -1.121130e+01
      vertex   1.796962e+01 6.670000e+01 -1.121130e+01
      vertex   1.798286e+01 6.575000e+01 -1.115942e+01
    endloop
  endfacet
  facet normal 9.689373e-01 0.000000e+00 -2.473065e-01
    outer loop
      vertex   1.798286e+01 6.575000e+01 -1.115942e+01
      vertex   1.796962e+01 6.670000e+01 -1.121130e+01
      vertex   1.798286e+01 6.670000e+01 -1.115942e+01
    endloop
  endfacet
  facet normal 9.841112e-01 0.000000e+00 -1.775532e-01
    outer loop
      vertex   1.798286e+01 6.575000e+01 -1.115942e+01
      vertex   1.798286e+01 6.670000e+01 -1.115942e+01
      vertex   1.799237e+01 6.575000e+01 -1.110674e+01
    endloop
  endfacet
  facet normal 9.841112e-01 0.000000e+00 -1.775532e-01
    outer loop
      vertex   1.799237e+01 6.575000e+01 -1.110674e+01
      vertex   1.798286e+01 6.670000e+01 -1.115942e+01
      vertex   1.799237e+01 6.670000e+01 -1.110674e+01
    endloop
  endfacet
  facet normal 9.942703e-01 0.000000e+00 -1.068951e-01
    outer loop
      vertex   1.799237e+01 6.575000e+01 -1.110674e+01
      vertex   1.799237e+01 6.670000e+01 -1.110674e+01
      vertex   1.799809e+01 6.575000e+01 -1.105350e+01
    endloop
  endfacet
  facet normal 9.942703e-01 0.000000e+00 -1.068951e-01
    outer loop
      vertex   1.799809e+01 6.575000e+01 -1.105350e+01
      vertex   1.799237e+01 6.670000e+01 -1.110674e+01
      vertex   1.799809e+01 6.670000e+01 -1.105350e+01
    endloop
  endfacet
  facet normal 9.993628e-01 0.000000e+00 -3.569233e-02
    outer loop
      vertex   1.799809e+01 6.575000e+01 -1.105350e+01
      vertex   1.799809e+01 6.670000e+01 -1.105350e+01
      vertex   1.800000e+01 6.575000e+01 -1.100000e+01
    endloop
  endfacet
  facet normal 9.993628e-01 0.000000e+00 -3.569233e-02
    outer loop
      vertex   1.800000e+01 6.575000e+01 -1.100000e+01
      vertex   1.799809e+01 6.670000e+01 -1.105350e+01
      vertex   1.799809e+01 6.765000e+01 -1.105350e+01
    endloop
  endfacet
  facet normal 9.993628e-01 0.000000e+00 -3.569233e-02
    outer loop
      vertex   1.800000e+01 6.575000e+01 -1.100000e+01
      vertex   1.799809e+01 6.765000e+01 -1.105350e+01
      vertex   1.799809e+01 6.860000e+01 -1.105350e+01
    endloop
  endfacet
  facet normal 9.942703e-01 0.000000e+00 -1.068951e-01
    outer loop
      vertex   1.799809e+01 6.860000e+01 -1.105350e+01
      vertex   1.799809e+01 6.765000e+01 -1.105350e+01
      vertex   1.799237e+01 6.860000e+01 -1.110674e+01
    endloop
  endfacet
  facet normal 9.942703e-01 0.000000e+00 -1.068951e-01
    outer loop
      vertex   1.799809e+01 6.860000e+01 -1.105350e+01
      vertex   1.799237e+01 6.860000e+01 -1.110674e+01
      vertex   1.799237e+01 6.955000e+01 -1.110674e+01
    endloop
  endfacet
  facet normal 9.841112e-01 0.000000e+00 -1.775532e-01
    outer loop
      vertex   1.799237e+01 6.955000e+01 -1.110674e+01
      vertex   1.799237e+01 6.860000e+01 -1.110674e+01
      vertex   1.798286e+01 6.955000e+01 -1.115942e+01
    endloop
  endfacet
  facet normal 9.841112e-01 0.000000e+00 -1.775532e-01
    outer loop
      vertex   1.799237e+01 6.955000e+01 -1.110674e+01
      vertex   1.798286e+01 6.955000e+01 -1.115942e+01
      vertex   1.798286e+01 7.050000e+01 -1.115942e+01
    endloop
  endfacet
  facet normal 9.689373e-01 0.000000e+00 -2.473065e-01
    outer loop
      vertex   1.798286e+01 7.050000e+01 -1.115942e+01
      vertex   1.798286e+01 6.955000e+01 -1.115942e+01
      vertex   1.796962e+01 7.050000e+01 -1.121130e+01
    endloop
  endfacet
  facet normal 9.689373e-01 0.000000e+00 -2.473065e-01
    outer loop
      vertex   1.796962e+01 7.050000e+01 -1.121130e+01
      vertex   1.798286e+01 6.955000e+01 -1.115942e+01
      vertex   1.796962e+01 6.955000e+01 -1.121130e+01
    endloop
  endfacet
  facet normal 9.488259e-01 0.000000e+00 -3.157996e-01
    outer loop
      vertex   1.796962e+01 7.050000e+01 -1.121130e+01
      vertex   1.796962e+01 6.955000e+01 -1.121130e+01
      vertex   1.795271e+01 7.050000e+01 -1.126210e+01
    endloop
  endfacet
  facet normal 9.488259e-01 0.000000e+00 -3.157996e-01
    outer loop
      vertex   1.795271e+01 7.050000e+01 -1.126210e+01
      vertex   1.796962e+01 6.955000e+01 -1.121130e+01
      vertex   1.795271e+01 6.955000e+01 -1.126210e+01
    endloop
  endfacet
  facet normal 9.238795e-01 0.000000e+00 -3.826834e-01
    outer loop
      vertex   1.795271e+01 7.050000e+01 -1.126210e+01
      vertex   1.795271e+01 6.955000e+01 -1.126210e+01
      vertex   1.793222e+01 7.050000e+01 -1.131156e+01
    endloop
  endfacet
  facet normal 9.238795e-01 0.000000e+00 -3.826834e-01
    outer loop
      vertex   1.793222e+01 7.050000e+01 -1.131156e+01
      vertex   1.795271e+01 6.955000e+01 -1.126210e+01
      vertex   1.793222e+01 6.955000e+01 -1.131156e+01
    endloop
  endfacet
  facet normal 8.942253e-01 0.000000e+00 -4.476172e-01
    outer loop
      vertex   1.793222e+01 7.050000e+01 -1.131156e+01
      vertex   1.793222e+01 6.955000e+01 -1.131156e+01
      vertex   1.790826e+01 7.050000e+01 -1.135944e+01
    endloop
  endfacet
  facet normal 8.942253e-01 0.000000e+00 -4.476172e-01
    outer loop
      vertex   1.790826e+01 7.050000e+01 -1.135944e+01
      vertex   1.793222e+01 6.955000e+01 -1.131156e+01
      vertex   1.790826e+01 6.955000e+01 -1.135944e+01
    endloop
  endfacet
  facet normal 8.600142e-01 0.000000e+00 -5.102700e-01
    outer loop
      vertex   1.790826e+01 7.050000e+01 -1.135944e+01
      vertex   1.790826e+01 6.955000e+01 -1.135944e+01
      vertex   1.788094e+01 7.050000e+01 -1.140548e+01
    endloop
  endfacet
  facet normal 8.600142e-01 0.000000e+00 -5.102700e-01
    outer loop
      vertex   1.788094e+01 7.050000e+01 -1.140548e+01
      vertex   1.790826e+01 6.955000e+01 -1.135944e+01
      vertex   1.788094e+01 6.955000e+01 -1.140548e+01
    endloop
  endfacet
  facet normal 8.214208e-01 0.000000e+00 -5.703226e-01
    outer loop
      vertex   1.788094e+01 7.050000e+01 -1.140548e+01
      vertex   1.788094e+01 6.955000e+01 -1.140548e+01
      vertex   1.785041e+01 7.050000e+01 -1.144946e+01
    endloop
  endfacet
  facet normal 8.214208e-01 0.000000e+00 -5.703226e-01
    outer loop
      vertex   1.785041e+01 7.050000e+01 -1.144946e+01
      vertex   1.788094e+01 6.955000e+01 -1.140548e+01
      vertex   1.785041e+01 6.955000e+01 -1.144946e+01
    endloop
  endfacet
  facet normal 7.786415e-01 0.000000e+00 -6.274690e-01
    outer loop
      vertex   1.785041e+01 7.050000e+01 -1.144946e+01
      vertex   1.785041e+01 6.955000e+01 -1.144946e+01
      vertex   1.781681e+01 7.050000e+01 -1.149115e+01
    endloop
  endfacet
  facet normal 7.786415e-01 0.000000e+00 -6.274690e-01
    outer loop
      vertex   1.781681e+01 7.050000e+01 -1.149115e+01
      vertex   1.785041e+01 6.955000e+01 -1.144946e+01
      vertex   1.781681e+01 6.955000e+01 -1.149115e+01
    endloop
  endfacet
  facet normal 7.318945e-01 0.000000e+00 -6.814179e-01
    outer loop
      vertex   1.781681e+01 7.050000e+01 -1.149115e+01
      vertex   1.781681e+01 6.955000e+01 -1.149115e+01
      vertex   1.778033e+01 7.050000e+01 -1.153033e+01
    endloop
  endfacet
  facet normal 7.318945e-01 0.000000e+00 -6.814179e-01
    outer loop
      vertex   1.778033e+01 7.050000e+01 -1.153033e+01
      vertex   1.781681e+01 6.955000e+01 -1.149115e+01
      vertex   1.778033e+01 6.955000e+01 -1.153033e+01
    endloop
  endfacet
  facet normal 6.814179e-01 0.000000e+00 -7.318945e-01
    outer loop
      vertex   1.778033e+01 7.050000e+01 -1.153033e+01
      vertex   1.778033e+01 6.955000e+01 -1.153033e+01
      vertex   1.774115e+01 7.050000e+01 -1.156681e+01
    endloop
  endfacet
  facet normal 6.814179e-01 0.000000e+00 -7.318945e-01
    outer loop
      vertex   1.774115e+01 7.050000e+01 -1.156681e+01
      vertex   1.778033e+01 6.955000e+01 -1.153033e+01
      vertex   1.774115e+01 6.955000e+01 -1.156681e+01
    endloop
  endfacet
  facet normal 6.274690e-01 0.000000e+00 -7.786415e-01
    outer loop
      vertex   1.774115e+01 7.050000e+01 -1.156681e+01
      vertex   1.774115e+01 6.955000e+01 -1.156681e+01
      vertex   1.769946e+01 7.050000e+01 -1.160041e+01
    endloop
  endfacet
  facet normal 6.274690e-01 0.000000e+00 -7.786415e-01
    outer loop
      vertex   1.769946e+01 7.050000e+01 -1.160041e+01
      vertex   1.774115e+01 6.955000e+01 -1.156681e+01
      vertex   1.769946e+01 6.955000e+01 -1.160041e+01
    endloop
  endfacet
  facet normal 5.703226e-01 0.000000e+00 -8.214208e-01
    outer loop
      vertex   1.769946e+01 7.050000e+01 -1.160041e+01
      vertex   1.769946e+01 6.955000e+01 -1.160041e+01
      vertex   1.765548e+01 7.050000e+01 -1.163094e+01
    endloop
  endfacet
  facet normal 5.703226e-01 0.000000e+00 -8.214208e-01
    outer loop
      vertex   1.765548e+01 7.050000e+01 -1.163094e+01
      vertex   1.769946e+01 6.955000e+01 -1.160041e+01
      vertex   1.765548e+01 6.955000e+01 -1.163094e+01
    endloop
  endfacet
  facet normal 5.102700e-01 0.000000e+00 -8.600142e-01
    outer loop
      vertex   1.765548e+01 7.050000e+01 -1.163094e+01
      vertex   1.765548e+01 6.955000e+01 -1.163094e+01
      vertex   1.760944e+01 7.050000e+01 -1.165826e+01
    endloop
  endfacet
  facet normal 5.102700e-01 0.000000e+00 -8.600142e-01
    outer loop
      vertex   1.760944e+01 7.050000e+01 -1.165826e+01
      vertex   1.765548e+01 6.955000e+01 -1.163094e+01
      vertex   1.760944e+01 6.955000e+01 -1.165826e+01
    endloop
  endfacet
  facet normal 4.476172e-01 0.000000e+00 -8.942253e-01
    outer loop
      vertex   1.760944e+01 7.050000e+01 -1.165826e+01
      vertex   1.760944e+01 6.955000e+01 -1.165826e+01
      vertex   1.756156e+01 7.050000e+01 -1.168222e+01
    endloop
  endfacet
  facet normal 4.476172e-01 -1.672066e-15 -8.942253e-01
    outer loop
      vertex   1.756156e+01 7.050000e+01 -1.168222e+01
      vertex   1.760944e+01 6.955000e+01 -1.165826e+01
      vertex   1.756156e+01 6.955000e+01 -1.168222e+01
    endloop
  endfacet
  facet normal 3.826834e-01 -1.727516e-15 -9.238795e-01
    outer loop
      vertex   1.756156e+01 7.050000e+01 -1.168222e+01
      vertex   1.756156e+01 6.955000e+01 -1.168222e+01
      vertex   1.751210e+01 7.050000e+01 -1.170271e+01
    endloop
  endfacet
  facet normal 3.826834e-01 0.000000e+00 -9.238795e-01
    outer loop
      vertex   1.751210e+01 7.050000e+01 -1.170271e+01
      vertex   1.756156e+01 6.955000e+01 -1.168222e+01
      vertex   1.751210e+01 6.955000e+01 -1.170271e+01
    endloop
  endfacet
  facet normal 3.157996e-01 0.000000e+00 -9.488259e-01
    outer loop
      vertex   1.751210e+01 7.050000e+01 -1.170271e+01
      vertex   1.751210e+01 6.955000e+01 -1.170271e+01
      vertex   1.746130e+01 7.050000e+01 -1.171962e+01
    endloop
  endfacet
  facet normal 3.157996e-01 0.000000e+00 -9.488259e-01
    outer loop
      vertex   1.746130e+01 7.050000e+01 -1.171962e+01
      vertex   1.751210e+01 6.955000e+01 -1.170271e+01
      vertex   1.746130e+01 6.955000e+01 -1.171962e+01
    endloop
  endfacet
  facet normal 2.473065e-01 0.000000e+00 -9.689373e-01
    outer loop
      vertex   1.746130e+01 7.050000e+01 -1.171962e+01
      vertex   1.746130e+01 6.955000e+01 -1.171962e+01
      vertex   1.740942e+01 7.050000e+01 -1.173286e+01
    endloop
  endfacet
  facet normal 2.473065e-01 0.000000e+00 -9.689373e-01
    outer loop
      vertex   1.740942e+01 7.050000e+01 -1.173286e+01
      vertex   1.746130e+01 6.955000e+01 -1.171962e+01
      vertex   1.740942e+01 6.955000e+01 -1.173286e+01
    endloop
  endfacet
  facet normal 1.775532e-01 0.000000e+00 -9.841112e-01
    outer loop
      vertex   1.740942e+01 7.050000e+01 -1.173286e+01
      vertex   1.740942e+01 6.955000e+01 -1.173286e+01
      vertex   1.735674e+01 7.050000e+01 -1.174237e+01
    endloop
  endfacet
  facet normal 1.775532e-01 0.000000e+00 -9.841112e-01
    outer loop
      vertex   1.735674e+01 7.050000e+01 -1.174237e+01
      vertex   1.740942e+01 6.955000e+01 -1.173286e+01
      vertex   1.735674e+01 6.955000e+01 -1.174237e+01
    endloop
  endfacet
  facet normal 1.068951e-01 0.000000e+00 -9.942703e-01
    outer loop
      vertex   1.735674e+01 7.050000e+01 -1.174237e+01
      vertex   1.735674e+01 6.955000e+01 -1.174237e+01
      vertex   1.730350e+01 7.050000e+01 -1.174809e+01
    endloop
  endfacet
  facet normal 1.068951e-01 0.000000e+00 -9.942703e-01
    outer loop
      vertex   1.730350e+01 7.050000e+01 -1.174809e+01
      vertex   1.735674e+01 6.955000e+01 -1.174237e+01
      vertex   1.730350e+01 6.955000e+01 -1.174809e+01
    endloop
  endfacet
  facet normal 3.569233e-02 0.000000e+00 -9.993628e-01
    outer loop
      vertex   1.730350e+01 7.050000e+01 -1.174809e+01
      vertex   1.730350e+01 6.955000e+01 -1.174809e+01
      vertex   1.725000e+01 7.050000e+01 -1.175000e+01
    endloop
  endfacet
  facet normal 3.569233e-02 0.000000e+00 -9.993628e-01
    outer loop
      vertex   1.725000e+01 7.050000e+01 -1.175000e+01
      vertex   1.730350e+01 6.955000e+01 -1.174809e+01
      vertex   1.730350e+01 6.860000e+01 -1.174809e+01
    endloop
  endfacet
  facet normal 3.569233e-02 0.000000e+00 -9.993628e-01
    outer loop
      vertex   1.725000e+01 7.050000e+01 -1.175000e+01
      vertex   1.730350e+01 6.860000e+01 -1.174809e+01
      vertex   1.730350e+01 6.765000e+01 -1.174809e+01
    endloop
  endfacet
  facet normal 1.068951e-01 0.000000e+00 -9.942703e-01
    outer loop
      vertex   1.730350e+01 6.765000e+01 -1.174809e+01
      vertex   1.730350e+01 6.860000e+01 -1.174809e+01
      vertex   1.735674e+01 6.765000e+01 -1.174237e+01
    endloop
  endfacet
  facet normal 1.068951e-01 0.000000e+00 -9.942703e-01
    outer loop
      vertex   1.730350e+01 6.765000e+01 -1.174809e+01
      vertex   1.735674e+01 6.765000e+01 -1.174237e+01
      vertex   1.735674e+01 6.670000e+01 -1.174237e+01
    endloop
  endfacet
  facet normal 1.775532e-01 0.000000e+00 -9.841112e-01
    outer loop
      vertex   1.735674e+01 6.670000e+01 -1.174237e+01
      vertex   1.735674e+01 6.765000e+01 -1.174237e+01
      vertex   1.740942e+01 6.670000e+01 -1.173286e+01
    endloop
  endfacet
  facet normal 9.841112e-01 0.000000e+00 -1.775532e-01
    outer loop
      vertex   1.798286e+01 7.050000e+01 -1.115942e+01
      vertex   1.799237e+01 7.050000e+01 -1.110674e+01
      vertex   1.799237e+01 6.955000e+01 -1.110674e+01
    endloop
  endfacet
  facet normal 9.942703e-01 0.000000e+00 -1.068951e-01
    outer loop
      vertex   1.799237e+01 6.955000e+01 -1.110674e+01
      vertex   1.799237e+01 7.050000e+01 -1.110674e+01
      vertex   1.799809e+01 6.955000e+01 -1.105350e+01
    endloop
  endfacet
  facet normal 9.942703e-01 0.000000e+00 -1.068951e-01
    outer loop
      vertex   1.799237e+01 6.955000e+01 -1.110674e+01
      vertex   1.799809e+01 6.955000e+01 -1.105350e+01
      vertex   1.799809e+01 6.860000e+01 -1.105350e+01
    endloop
  endfacet
  facet normal 9.993628e-01 0.000000e+00 -3.569233e-02
    outer loop
      vertex   1.799809e+01 6.860000e+01 -1.105350e+01
      vertex   1.799809e+01 6.955000e+01 -1.105350e+01
      vertex   1.800000e+01 7.050000e+01 -1.100000e+01
    endloop
  endfacet
  facet normal 9.993628e-01 0.000000e+00 -3.569233e-02
    outer loop
      vertex   1.799809e+01 6.860000e+01 -1.105350e+01
      vertex   1.800000e+01 7.050000e+01 -1.100000e+01
      vertex   1.800000e+01 6.575000e+01 -1.100000e+01
    endloop
  endfacet
  facet normal 9.942703e-01 0.000000e+00 -1.068951e-01
    outer loop
      vertex   1.799237e+01 7.050000e+01 -1.110674e+01
      vertex   1.799809e+01 7.050000e+01 -1.105350e+01
      vertex   1.799809e+01 6.955000e+01 -1.105350e+01
    endloop
  endfacet
  facet normal 9.993628e-01 0.000000e+00 -3.569233e-02
    outer loop
      vertex   1.799809e+01 6.955000e+01 -1.105350e+01
      vertex   1.799809e+01 7.050000e+01 -1.105350e+01
      vertex   1.800000e+01 7.050000e+01 -1.100000e+01
    endloop
  endfacet
  facet normal 1.068951e-01 0.000000e+00 -9.942703e-01
    outer loop
      vertex   1.730350e+01 6.860000e+01 -1.174809e+01
      vertex   1.730350e+01 6.955000e+01 -1.174809e+01
      vertex   1.735674e+01 6.860000e+01 -1.174237e+01
    endloop
  endfacet
  facet normal 1.068951e-01 0.000000e+00 -9.942703e-01
    outer loop
      vertex   1.735674e+01 6.860000e+01 -1.174237e+01
      vertex   1.730350e+01 6.955000e+01 -1.174809e+01
      vertex   1.735674e+01 6.955000e+01 -1.174237e+01
    endloop
  endfacet
  facet normal 1.775532e-01 0.000000e+00 -9.841112e-01
    outer loop
      vertex   1.735674e+01 6.860000e+01 -1.174237e+01
      vertex   1.735674e+01 6.955000e+01 -1.174237e+01
      vertex   1.740942e+01 6.860000e+01 -1.173286e+01
    endloop
  endfacet
  facet normal 1.775532e-01 0.000000e+00 -9.841112e-01
    outer loop
      vertex   1.740942e+01 6.860000e+01 -1.173286e+01
      vertex   1.735674e+01 6.955000e+01 -1.174237e+01
      vertex   1.740942e+01 6.955000e+01 -1.173286e+01
    endloop
  endfacet
  facet normal 2.473065e-01 0.000000e+00 -9.689373e-01
    outer loop
      vertex   1.740942e+01 6.860000e+01 -1.173286e+01
      vertex   1.740942e+01 6.955000e+01 -1.173286e+01
      vertex   1.746130e+01 6.860000e+01 -1.171962e+01
    endloop
  endfacet
  facet normal 2.473065e-01 0.000000e+00 -9.689373e-01
    outer loop
      vertex   1.746130e+01 6.860000e+01 -1.171962e+01
      vertex   1.740942e+01 6.955000e+01 -1.173286e+01
      vertex   1.746130e+01 6.955000e+01 -1.171962e+01
    endloop
  endfacet
  facet normal 3.157996e-01 0.000000e+00 -9.488259e-01
    outer loop
      vertex   1.746130e+01 6.860000e+01 -1.171962e+01
      vertex   1.746130e+01 6.955000e+01 -1.171962e+01
      vertex   1.751210e+01 6.860000e+01 -1.170271e+01
    endloop
  endfacet
  facet normal 3.157996e-01 0.000000e+00 -9.488259e-01
    outer loop
      vertex   1.751210e+01 6.860000e+01 -1.170271e+01
      vertex   1.746130e+01 6.955000e+01 -1.171962e+01
      vertex   1.751210e+01 6.955000e+01 -1.170271e+01
    endloop
  endfacet
  facet normal 3.826834e-01 0.000000e+00 -9.238795e-01
    outer loop
      vertex   1.751210e+01 6.860000e+01 -1.170271e+01
      vertex   1.751210e+01 6.955000e+01 -1.170271e+01
      vertex   1.756156e+01 6.860000e+01 -1.168222e+01
    endloop
  endfacet
  facet normal 3.826834e-01 0.000000e+00 -9.238795e-01
    outer loop
      vertex   1.756156e+01 6.860000e+01 -1.168222e+01
      vertex   1.751210e+01 6.955000e+01 -1.170271e+01
      vertex   1.756156e+01 6.955000e+01 -1.168222e+01
    endloop
  endfacet
  facet normal 4.476172e-01 0.000000e+00 -8.942253e-01
    outer loop
      vertex   1.756156e+01 6.860000e+01 -1.168222e+01
      vertex   1.756156e+01 6.955000e+01 -1.168222e+01
      vertex   1.760944e+01 6.860000e+01 -1.165826e+01
    endloop
  endfacet
  facet normal 4.476172e-01 0.000000e+00 -8.942253e-01
    outer loop
      vertex   1.760944e+01 6.860000e+01 -1.165826e+01
      vertex   1.756156e+01 6.955000e+01 -1.168222e+01
      vertex   1.760944e+01 6.955000e+01 -1.165826e+01
    endloop
  endfacet
  facet normal 5.102700e-01 0.000000e+00 -8.600142e-01
    outer loop
      vertex   1.760944e+01 6.860000e+01 -1.165826e+01
      vertex   1.760944e+01 6.955000e+01 -1.165826e+01
      vertex   1.765548e+01 6.860000e+01 -1.163094e+01
    endloop
  endfacet
  facet normal 5.102700e-01 0.000000e+00 -8.600142e-01
    outer loop
      vertex   1.765548e+01 6.860000e+01 -1.163094e+01
      vertex   1.760944e+01 6.955000e+01 -1.165826e+01
      vertex   1.765548e+01 6.955000e+01 -1.163094e+01
    endloop
  endfacet
  facet normal 5.703226e-01 0.000000e+00 -8.214208e-01
    outer loop
      vertex   1.765548e+01 6.860000e+01 -1.163094e+01
      vertex   1.765548e+01 6.955000e+01 -1.163094e+01
      vertex   1.769946e+01 6.860000e+01 -1.160041e+01
    endloop
  endfacet
  facet normal 5.703226e-01 0.000000e+00 -8.214208e-01
    outer loop
      vertex   1.769946e+01 6.860000e+01 -1.160041e+01
      vertex   1.765548e+01 6.955000e+01 -1.163094e+01
      vertex   1.769946e+01 6.955000e+01 -1.160041e+01
    endloop
  endfacet
  facet normal 6.274690e-01 0.000000e+00 -7.786415e-01
    outer loop
      vertex   1.769946e+01 6.860000e+01 -1.160041e+01
      vertex   1.769946e+01 6.955000e+01 -1.160041e+01
      vertex   1.774115e+01 6.860000e+01 -1.156681e+01
    endloop
  endfacet
  facet normal 6.274690e-01 0.000000e+00 -7.786415e-01
    outer loop
      vertex   1.774115e+01 6.860000e+01 -1.156681e+01
      vertex   1.769946e+01 6.955000e+01 -1.160041e+01
      vertex   1.774115e+01 6.955000e+01 -1.156681e+01
    endloop
  endfacet
  facet normal 6.814179e-01 0.000000e+00 -7.318945e-01
    outer loop
      vertex   1.774115e+01 6.860000e+01 -1.156681e+01
      vertex   1.774115e+01 6.955000e+01 -1.156681e+01
      vertex   1.778033e+01 6.860000e+01 -1.153033e+01
    endloop
  endfacet
  facet normal 6.814179e-01 0.000000e+00 -7.318945e-01
    outer loop
      vertex   1.778033e+01 6.860000e+01 -1.153033e+01
      vertex   1.774115e+01 6.955000e+01 -1.156681e+01
      vertex   1.778033e+01 6.955000e+01 -1.153033e+01
    endloop
  endfacet
  facet normal 7.318945e-01 0.000000e+00 -6.814179e-01
    outer loop
      vertex   1.778033e+01 6.860000e+01 -1.153033e+01
      vertex   1.778033e+01 6.955000e+01 -1.153033e+01
      vertex   1.781681e+01 6.860000e+01 -1.149115e+01
    endloop
  endfacet
  facet normal 7.318945e-01 0.000000e+00 -6.814179e-01
    outer loop
      vertex   1.781681e+01 6.860000e+01 -1.149115e+01
      vertex   1.778033e+01 6.955000e+01 -1.153033e+01
      vertex   1.781681e+01 6.955000e+01 -1.149115e+01
    endloop
  endfacet
  facet normal 7.786415e-01 0.000000e+00 -6.274690e-01
    outer loop
      vertex   1.781681e+01 6.860000e+01 -1.149115e+01
      vertex   1.781681e+01 6.955000e+01 -1.149115e+01
      vertex   1.785041e+01 6.860000e+01 -1.144946e+01
    endloop
  endfacet
  facet normal 7.786415e-01 0.000000e+00 -6.274690e-01
    outer loop
      vertex   1.785041e+01 6.860000e+01 -1.144946e+01
      vertex   1.781681e+01 6.955000e+01 -1.149115e+01
      vertex   1.785041e+01 6.955000e+01 -1.144946e+01
    endloop
  endfacet
  facet normal 8.214208e-01 0.000000e+00 -5.703226e-01
    outer loop
      vertex   1.785041e+01 6.860000e+01 -1.144946e+01
      vertex   1.785041e+01 6.955000e+01 -1.144946e+01
      vertex   1.788094e+01 6.860000e+01 -1.140548e+01
    endloop
  endfacet
  facet normal 8.214208e-01 0.000000e+00 -5.703226e-01
    outer loop
      vertex   1.788094e+01 6.860000e+01 -1.140548e+01
      vertex   1.785041e+01 6.955000e+01 -1.144946e+01
      vertex   1.788094e+01 6.955000e+01 -1.140548e+01
    endloop
  endfacet
  facet normal 8.600142e-01 0.000000e+00 -5.102700e-01
    outer loop
      vertex   1.788094e+01 6.860000e+01 -1.140548e+01
      vertex   1.788094e+01 6.955000e+01 -1.140548e+01
      vertex   1.790826e+01 6.860000e+01 -1.135944e+01
    endloop
  endfacet
  facet normal 8.600142e-01 0.000000e+00 -5.102700e-01
    outer loop
      vertex   1.790826e+01 6.860000e+01 -1.135944e+01
      vertex   1.788094e+01 6.955000e+01 -1.140548e+01
      vertex   1.790826e+01 6.955000e+01 -1.135944e+01
    endloop
  endfacet
  facet normal 8.942253e-01 0.000000e+00 -4.476172e-01
    outer loop
      vertex   1.790826e+01 6.860000e+01 -1.135944e+01
      vertex   1.790826e+01 6.955000e+01 -1.135944e+01
      vertex   1.793222e+01 6.860000e+01 -1.131156e+01
    endloop
  endfacet
  facet normal 8.942253e-01 0.000000e+00 -4.476172e-01
    outer loop
      vertex   1.793222e+01 6.860000e+01 -1.131156e+01
      vertex   1.790826e+01 6.955000e+01 -1.135944e+01
      vertex   1.793222e+01 6.955000e+01 -1.131156e+01
    endloop
  endfacet
  facet normal 9.238795e-01 0.000000e+00 -3.826834e-01
    outer loop
      vertex   1.793222e+01 6.860000e+01 -1.131156e+01
      vertex   1.793222e+01 6.955000e+01 -1.131156e+01
      vertex   1.795271e+01 6.860000e+01 -1.126210e+01
    endloop
  endfacet
  facet normal 9.238795e-01 0.000000e+00 -3.826834e-01
    outer loop
      vertex   1.795271e+01 6.860000e+01 -1.126210e+01
      vertex   1.793222e+01 6.955000e+01 -1.131156e+01
      vertex   1.795271e+01 6.955000e+01 -1.126210e+01
    endloop
  endfacet
  facet normal 9.488259e-01 0.000000e+00 -3.157996e-01
    outer loop
      vertex   1.795271e+01 6.860000e+01 -1.126210e+01
      vertex   1.795271e+01 6.955000e+01 -1.126210e+01
      vertex   1.796962e+01 6.860000e+01 -1.121130e+01
    endloop
  endfacet
  facet normal 9.488259e-01 0.000000e+00 -3.157996e-01
    outer loop
      vertex   1.796962e+01 6.860000e+01 -1.121130e+01
      vertex   1.795271e+01 6.955000e+01 -1.126210e+01
      vertex   1.796962e+01 6.955000e+01 -1.121130e+01
    endloop
  endfacet
  facet normal 9.689373e-01 0.000000e+00 -2.473065e-01
    outer loop
      vertex   1.796962e+01 6.860000e+01 -1.121130e+01
      vertex   1.796962e+01 6.955000e+01 -1.121130e+01
      vertex   1.798286e+01 6.860000e+01 -1.115942e+01
    endloop
  endfacet
  facet normal 9.689373e-01 0.000000e+00 -2.473065e-01
    outer loop
      vertex   1.798286e+01 6.860000e+01 -1.115942e+01
      vertex   1.796962e+01 6.955000e+01 -1.121130e+01
      vertex   1.798286e+01 6.955000e+01 -1.115942e+01
    endloop
  endfacet
  facet normal 9.841112e-01 0.000000e+00 -1.775532e-01
    outer loop
      vertex   1.798286e+01 6.860000e+01 -1.115942e+01
      vertex   1.798286e+01 6.955000e+01 -1.115942e+01
      vertex   1.799237e+01 6.860000e+01 -1.110674e+01
    endloop
  endfacet
  facet normal 1.068951e-01 0.000000e+00 -9.942703e-01
    outer loop
      vertex   1.735674e+01 6.670000e+01 -1.174237e+01
      vertex   1.730350e+01 6.670000e+01 -1.174809e+01
      vertex   1.730350e+01 6.765000e+01 -1.174809e+01
    endloop
  endfacet
  facet normal 1.068951e-01 0.000000e+00 -9.942703e-01
    outer loop
      vertex   1.730350e+01 6.860000e+01 -1.174809e+01
      vertex   1.735674e+01 6.860000e+01 -1.174237e+01
      vertex   1.735674e+01 6.765000e+01 -1.174237e+01
    endloop
  endfacet
  facet normal 1.775532e-01 0.000000e+00 -9.841112e-01
    outer loop
      vertex   1.735674e+01 6.765000e+01 -1.174237e+01
      vertex   1.735674e+01 6.860000e+01 -1.174237e+01
      vertex   1.740942e+01 6.765000e+01 -1.173286e+01
    endloop
  endfacet
  facet normal 1.775532e-01 0.000000e+00 -9.841112e-01
    outer loop
      vertex   1.735674e+01 6.765000e+01 -1.174237e+01
      vertex   1.740942e+01 6.765000e+01 -1.173286e+01
      vertex   1.740942e+01 6.670000e+01 -1.173286e+01
    endloop
  endfacet
  facet normal 2.473065e-01 0.000000e+00 -9.689373e-01
    outer loop
      vertex   1.740942e+01 6.670000e+01 -1.173286e+01
      vertex   1.740942e+01 6.765000e+01 -1.173286e+01
      vertex   1.746130e+01 6.670000e+01 -1.171962e+01
    endloop
  endfacet
  facet normal 1.775532e-01 0.000000e+00 -9.841112e-01
    outer loop
      vertex   1.740942e+01 6.765000e+01 -1.173286e+01
      vertex   1.735674e+01 6.860000e+01 -1.174237e+01
      vertex   1.740942e+01 6.860000e+01 -1.173286e+01
    endloop
  endfacet
  facet normal 2.473065e-01 0.000000e+00 -9.689373e-01
    outer loop
      vertex   1.740942e+01 6.765000e+01 -1.173286e+01
      vertex   1.740942e+01 6.860000e+01 -1.173286e+01
      vertex   1.746130e+01 6.765000e+01 -1.171962e+01
    endloop
  endfacet
  facet normal 2.473065e-01 0.000000e+00 -9.689373e-01
    outer loop
      vertex   1.746130e+01 6.765000e+01 -1.171962e+01
      vertex   1.740942e+01 6.860000e+01 -1.173286e+01
      vertex   1.746130e+01 6.860000e+01 -1.171962e+01
    endloop
  endfacet
  facet normal 3.157996e-01 0.000000e+00 -9.488259e-01
    outer loop
      vertex   1.746130e+01 6.765000e+01 -1.171962e+01
      vertex   1.746130e+01 6.860000e+01 -1.171962e+01
      vertex   1.751210e+01 6.765000e+01 -1.170271e+01
    endloop
  endfacet
  facet normal 3.157996e-01 0.000000e+00 -9.488259e-01
    outer loop
      vertex   1.751210e+01 6.765000e+01 -1.170271e+01
      vertex   1.746130e+01 6.860000e+01 -1.171962e+01
      vertex   1.751210e+01 6.860000e+01 -1.170271e+01
    endloop
  endfacet
  facet normal 3.826834e-01 0.000000e+00 -9.238795e-01
    outer loop
      vertex   1.751210e+01 6.765000e+01 -1.170271e+01
      vertex   1.751210e+01 6.860000e+01 -1.170271e+01
      vertex   1.756156e+01 6.765000e+01 -1.168222e+01
    endloop
  endfacet
  facet normal 3.826834e-01 0.000000e+00 -9.238795e-01
    outer loop
      vertex   1.756156e+01 6.765000e+01 -1.168222e+01
      vertex   1.751210e+01 6.860000e+01 -1.170271e+01
      vertex   1.756156e+01 6.860000e+01 -1.168222e+01
    endloop
  endfacet
  facet normal 4.476172e-01 0.000000e+00 -8.942253e-01
    outer loop
      vertex   1.756156e+01 6.765000e+01 -1.168222e+01
      vertex   1.756156e+01 6.860000e+01 -1.168222e+01
      vertex   1.760944e+01 6.765000e+01 -1.165826e+01
    endloop
  endfacet
  facet normal 4.476172e-01 0.000000e+00 -8.942253e-01
    outer loop
      vertex   1.760944e+01 6.765000e+01 -1.165826e+01
      vertex   1.756156e+01 6.860000e+01 -1.168222e+01
      vertex   1.760944e+01 6.860000e+01 -1.165826e+01
    endloop
  endfacet
  facet normal 5.102700e-01 0.000000e+00 -8.600142e-01
    outer loop
      vertex   1.760944e+01 6.765000e+01 -1.165826e+01
      vertex   1.760944e+01 6.860000e+01 -1.165826e+01
      vertex   1.765548e+01 6.765000e+01 -1.163094e+01
    endloop
  endfacet
  facet normal 5.102700e-01 0.000000e+00 -8.600142e-01
    outer loop
      vertex   1.765548e+01 6.765000e+01 -1.163094e+01
      vertex   1.760944e+01 6.860000e+01 -1.165826e+01
      vertex   1.765548e+01 6.860000e+01 -1.163094e+01
    endloop
  endfacet
  facet normal 5.703226e-01 0.000000e+00 -8.214208e-01
    outer loop
      vertex   1.765548e+01 6.765000e+01 -1.163094e+01
      vertex   1.765548e+01 6.860000e+01 -1.163094e+01
      vertex   1.769946e+01 6.765000e+01 -1.160041e+01
    endloop
  endfacet
  facet normal 5.703226e-01 0.000000e+00 -8.214208e-01
    outer loop
      vertex   1.769946e+01 6.765000e+01 -1.160041e+01
      vertex   1.765548e+01 6.860000e+01 -1.163094e+01
      vertex   1.769946e+01 6.860000e+01 -1.160041e+01
    endloop
  endfacet
  facet normal 6.274690e-01 0.000000e+00 -7.786415e-01
    outer loop
      vertex   1.769946e+01 6.765000e+01 -1.160041e+01
      vertex   1.769946e+01 6.860000e+01 -1.160041e+01
      vertex   1.774115e+01 6.765000e+01 -1.156681e+01
    endloop
  endfacet
  facet normal 6.274690e-01 0.000000e+00 -7.786415e-01
    outer loop
      vertex   1.774115e+01 6.765000e+01 -1.156681e+01
      vertex   1.769946e+01 6.860000e+01 -1.160041e+01
      vertex   1.774115e+01 6.860000e+01 -1.156681e+01
    endloop
  endfacet
  facet normal 6.814179e-01 0.000000e+00 -7.318945e-01
    outer loop
      vertex   1.774115e+01 6.765000e+01 -1.156681e+01
      vertex   1.774115e+01 6.860000e+01 -1.156681e+01
      vertex   1.778033e+01 6.765000e+01 -1.153033e+01
    endloop
  endfacet
  facet normal 6.814179e-01 0.000000e+00 -7.318945e-01
    outer loop
      vertex   1.778033e+01 6.765000e+01 -1.153033e+01
      vertex   1.774115e+01 6.860000e+01 -1.156681e+01
      vertex   1.778033e+01 6.860000e+01 -1.153033e+01
    endloop
  endfacet
  facet normal 7.318945e-01 0.000000e+00 -6.814179e-01
    outer loop
      vertex   1.778033e+01 6.765000e+01 -1.153033e+01
      vertex   1.778033e+01 6.860000e+01 -1.153033e+01
      vertex   1.781681e+01 6.765000e+01 -1.149115e+01
    endloop
  endfacet
  facet normal 7.318945e-01 0.000000e+00 -6.814179e-01
    outer loop
      vertex   1.781681e+01 6.765000e+01 -1.149115e+01
      vertex   1.778033e+01 6.860000e+01 -1.153033e+01
      vertex   1.781681e+01 6.860000e+01 -1.149115e+01
    endloop
  endfacet
  facet normal 7.786415e-01 0.000000e+00 -6.274690e-01
    outer loop
      vertex   1.781681e+01 6.765000e+01 -1.149115e+01
      vertex   1.781681e+01 6.860000e+01 -1.149115e+01
      vertex   1.785041e+01 6.765000e+01 -1.144946e+01
    endloop
  endfacet
  facet normal 7.786415e-01 0.000000e+00 -6.274690e-01
    outer loop
      vertex   1.785041e+01 6.765000e+01 -1.144946e+01
      vertex   1.781681e+01 6.860000e+01 -1.149115e+01
      vertex   1.785041e+01 6.860000e+01 -1.144946e+01
    endloop
  endfacet
  facet normal 8.214208e-01 0.000000e+00 -5.703226e-01
    outer loop
      vertex   1.785041e+01 6.765000e+01 -1.144946e+01
      vertex   1.785041e+01 6.860000e+01 -1.144946e+01
      vertex   1.788094e+01 6.765000e+01 -1.140548e+01
    endloop
  endfacet
  facet normal 8.214208e-01 0.000000e+00 -5.703226e-01
    outer loop
      vertex   1.788094e+01 6.765000e+01 -1.140548e+01
      vertex   1.785041e+01 6.860000e+01 -1.144946e+01
      vertex   1.788094e+01 6.860000e+01 -1.140548e+01
    endloop
  endfacet
  facet normal 8.600142e-01 0.000000e+00 -5.102700e-01
    outer loop
      vertex   1.788094e+01 6.765000e+01 -1.140548e+01
      vertex   1.788094e+01 6.860000e+01 -1.140548e+01
      vertex   1.790826e+01 6.765000e+01 -1.135944e+01
    endloop
  endfacet
  facet normal 8.600142e-01 0.000000e+00 -5.102700e-01
    outer loop
      vertex   1.790826e+01 6.765000e+01 -1.135944e+01
      vertex   1.788094e+01 6.860000e+01 -1.140548e+01
      vertex   1.790826e+01 6.860000e+01 -1.135944e+01
    endloop
  endfacet
  facet normal 8.942253e-01 0.000000e+00 -4.476172e-01
    outer loop
      vertex   1.790826e+01 6.765000e+01 -1.135944e+01
      vertex   1.790826e+01 6.860000e+01 -1.135944e+01
      vertex   1.793222e+01 6.765000e+01 -1.131156e+01
    endloop
  endfacet
  facet normal 8.942253e-01 0.000000e+00 -4.476172e-01
    outer loop
      vertex   1.793222e+01 6.765000e+01 -1.131156e+01
      vertex   1.790826e+01 6.860000e+01 -1.135944e+01
      vertex   1.793222e+01 6.860000e+01 -1.131156e+01
    endloop
  endfacet
  facet normal 9.238795e-01 0.000000e+00 -3.826834e-01
    outer loop
      vertex   1.793222e+01 6.765000e+01 -1.131156e+01
      vertex   1.793222e+01 6.860000e+01 -1.131156e+01
      vertex   1.795271e+01 6.765000e+01 -1.126210e+01
    endloop
  endfacet
  facet normal 9.238795e-01 0.000000e+00 -3.826834e-01
    outer loop
      vertex   1.795271e+01 6.765000e+01 -1.126210e+01
      vertex   1.793222e+01 6.860000e+01 -1.131156e+01
      vertex   1.795271e+01 6.860000e+01 -1.126210e+01
    endloop
  endfacet
  facet normal 9.488259e-01 0.000000e+00 -3.157996e-01
    outer loop
      vertex   1.795271e+01 6.765000e+01 -1.126210e+01
      vertex   1.795271e+01 6.860000e+01 -1.126210e+01
      vertex   1.796962e+01 6.765000e+01 -1.121130e+01
    endloop
  endfacet
  facet normal 9.488259e-01 0.000000e+00 -3.157996e-01
    outer loop
      vertex   1.796962e+01 6.765000e+01 -1.121130e+01
      vertex   1.795271e+01 6.860000e+01 -1.126210e+01
      vertex   1.796962e+01 6.860000e+01 -1.121130e+01
    endloop
  endfacet
  facet normal 9.689373e-01 0.000000e+00 -2.473065e-01
    outer loop
      vertex   1.796962e+01 6.765000e+01 -1.121130e+01
      vertex   1.796962e+01 6.860000e+01 -1.121130e+01
      vertex   1.798286e+01 6.765000e+01 -1.115942e+01
    endloop
  endfacet
  facet normal 9.689373e-01 0.000000e+00 -2.473065e-01
    outer loop
      vertex   1.798286e+01 6.765000e+01 -1.115942e+01
      vertex   1.796962e+01 6.860000e+01 -1.121130e+01
      vertex   1.798286e+01 6.860000e+01 -1.115942e+01
    endloop
  endfacet
  facet normal 9.841112e-01 0.000000e+00 -1.775532e-01
    outer loop
      vertex   1.798286e+01 6.765000e+01 -1.115942e+01
      vertex   1.798286e+01 6.860000e+01 -1.115942e+01
      vertex   1.799237e+01 6.765000e+01 -1.110674e+01
    endloop
  endfacet
  facet normal 9.841112e-01 0.000000e+00 -1.775532e-01
    outer loop
      vertex   1.799237e+01 6.765000e+01 -1.110674e+01
      vertex   1.798286e+01 6.860000e+01 -1.115942e+01
      vertex   1.799237e+01 6.860000e+01 -1.110674e+01
    endloop
  endfacet
  facet normal 9.942703e-01 0.000000e+00 -1.068951e-01
    outer loop
      vertex   1.799237e+01 6.765000e+01 -1.110674e+01
      vertex   1.799237e+01 6.860000e+01 -1.110674e+01
      vertex   1.799809e+01 6.765000e+01 -1.105350e+01
    endloop
  endfacet
  facet normal 3.157996e-01 0.000000e+00 -9.488259e-01
    outer loop
      vertex   1.751210e+01 6.670000e+01 -1.170271e+01
      vertex   1.746130e+01 6.670000e+01 -1.171962e+01
      vertex   1.746130e+01 6.765000e+01 -1.171962e+01
    endloop
  endfacet
  facet normal 2.473065e-01 0.000000e+00 -9.689373e-01
    outer loop
      vertex   1.746130e+01 6.765000e+01 -1.171962e+01
      vertex   1.746130e+01 6.670000e+01 -1.171962e+01
      vertex   1.740942e+01 6.765000e+01 -1.173286e+01
    endloop
  endfacet
  facet normal 3.157996e-01 0.000000e+00 -9.488259e-01
    outer loop
      vertex   1.751210e+01 6.670000e+01 -1.170271e+01
      vertex   1.746130e+01 6.765000e+01 -1.171962e+01
      vertex   1.751210e+01 6.765000e+01 -1.170271e+01
    endloop
  endfacet
  facet normal 3.826834e-01 0.000000e+00 -9.238795e-01
    outer loop
      vertex   1.756156e+01 6.670000e+01 -1.168222e+01
      vertex   1.751210e+01 6.670000e+01 -1.170271e+01
      vertex   1.751210e+01 6.765000e+01 -1.170271e+01
    endloop
  endfacet
  facet normal 3.826834e-01 0.000000e+00 -9.238795e-01
    outer loop
      vertex   1.756156e+01 6.670000e+01 -1.168222e+01
      vertex   1.751210e+01 6.765000e+01 -1.170271e+01
      vertex   1.756156e+01 6.765000e+01 -1.168222e+01
    endloop
  endfacet
  facet normal 4.476172e-01 0.000000e+00 -8.942253e-01
    outer loop
      vertex   1.760944e+01 6.670000e+01 -1.165826e+01
      vertex   1.756156e+01 6.670000e+01 -1.168222e+01
      vertex   1.756156e+01 6.765000e+01 -1.168222e+01
    endloop
  endfacet
  facet normal 4.476172e-01 0.000000e+00 -8.942253e-01
    outer loop
      vertex   1.760944e+01 6.670000e+01 -1.165826e+01
      vertex   1.756156e+01 6.765000e+01 -1.168222e+01
      vertex   1.760944e+01 6.765000e+01 -1.165826e+01
    endloop
  endfacet
  facet normal 5.102700e-01 0.000000e+00 -8.600142e-01
    outer loop
      vertex   1.765548e+01 6.670000e+01 -1.163094e+01
      vertex   1.760944e+01 6.670000e+01 -1.165826e+01
      vertex   1.760944e+01 6.765000e+01 -1.165826e+01
    endloop
  endfacet
  facet normal 5.102700e-01 0.000000e+00 -8.600142e-01
    outer loop
      vertex   1.765548e+01 6.670000e+01 -1.163094e+01
      vertex   1.760944e+01 6.765000e+01 -1.165826e+01
      vertex   1.765548e+01 6.765000e+01 -1.163094e+01
    endloop
  endfacet
  facet normal 5.703226e-01 0.000000e+00 -8.214208e-01
    outer loop
      vertex   1.769946e+01 6.670000e+01 -1.160041e+01
      vertex   1.765548e+01 6.670000e+01 -1.163094e+01
      vertex   1.765548e+01 6.765000e+01 -1.163094e+01
    endloop
  endfacet
  facet normal 5.703226e-01 0.000000e+00 -8.214208e-01
    outer loop
      vertex   1.769946e+01 6.670000e+01 -1.160041e+01
      vertex   1.765548e+01 6.765000e+01 -1.163094e+01
      vertex   1.769946e+01 6.765000e+01 -1.160041e+01
    endloop
  endfacet
  facet normal 6.274690e-01 0.000000e+00 -7.786415e-01
    outer loop
      vertex   1.774115e+01 6.670000e+01 -1.156681e+01
      vertex   1.769946e+01 6.670000e+01 -1.160041e+01
      vertex   1.769946e+01 6.765000e+01 -1.160041e+01
    endloop
  endfacet
  facet normal 6.274690e-01 0.000000e+00 -7.786415e-01
    outer loop
      vertex   1.774115e+01 6.670000e+01 -1.156681e+01
      vertex   1.769946e+01 6.765000e+01 -1.160041e+01
      vertex   1.774115e+01 6.765000e+01 -1.156681e+01
    endloop
  endfacet
  facet normal 6.814179e-01 0.000000e+00 -7.318945e-01
    outer loop
      vertex   1.778033e+01 6.670000e+01 -1.153033e+01
      vertex   1.774115e+01 6.670000e+01 -1.156681e+01
      vertex   1.774115e+01 6.765000e+01 -1.156681e+01
    endloop
  endfacet
  facet normal 6.814179e-01 0.000000e+00 -7.318945e-01
    outer loop
      vertex   1.778033e+01 6.670000e+01 -1.153033e+01
      vertex   1.774115e+01 6.765000e+01 -1.156681e+01
      vertex   1.778033e+01 6.765000e+01 -1.153033e+01
    endloop
  endfacet
  facet normal 7.318945e-01 0.000000e+00 -6.814179e-01
    outer loop
      vertex   1.781681e+01 6.670000e+01 -1.149115e+01
      vertex   1.778033e+01 6.670000e+01 -1.153033e+01
      vertex   1.778033e+01 6.765000e+01 -1.153033e+01
    endloop
  endfacet
  facet normal 7.318945e-01 0.000000e+00 -6.814179e-01
    outer loop
      vertex   1.781681e+01 6.670000e+01 -1.149115e+01
      vertex   1.778033e+01 6.765000e+01 -1.153033e+01
      vertex   1.781681e+01 6.765000e+01 -1.149115e+01
    endloop
  endfacet
  facet normal 7.786415e-01 0.000000e+00 -6.274690e-01
    outer loop
      vertex   1.785041e+01 6.670000e+01 -1.144946e+01
      vertex   1.781681e+01 6.670000e+01 -1.149115e+01
      vertex   1.781681e+01 6.765000e+01 -1.149115e+01
    endloop
  endfacet
  facet normal 7.786415e-01 0.000000e+00 -6.274690e-01
    outer loop
      vertex   1.785041e+01 6.670000e+01 -1.144946e+01
      vertex   1.781681e+01 6.765000e+01 -1.149115e+01
      vertex   1.785041e+01 6.765000e+01 -1.144946e+01
    endloop
  endfacet
  facet normal 8.214208e-01 0.000000e+00 -5.703226e-01
    outer loop
      vertex   1.788094e+01 6.670000e+01 -1.140548e+01
      vertex   1.785041e+01 6.670000e+01 -1.144946e+01
      vertex   1.785041e+01 6.765000e+01 -1.144946e+01
    endloop
  endfacet
  facet normal 8.214208e-01 0.000000e+00 -5.703226e-01
    outer loop
      vertex   1.788094e+01 6.670000e+01 -1.140548e+01
      vertex   1.785041e+01 6.765000e+01 -1.144946e+01
      vertex   1.788094e+01 6.765000e+01 -1.140548e+01
    endloop
  endfacet
  facet normal 8.600142e-01 0.000000e+00 -5.102700e-01
    outer loop
      vertex   1.790826e+01 6.670000e+01 -1.135944e+01
      vertex   1.788094e+01 6.670000e+01 -1.140548e+01
      vertex   1.788094e+01 6.765000e+01 -1.140548e+01
    endloop
  endfacet
  facet normal 8.600142e-01 0.000000e+00 -5.102700e-01
    outer loop
      vertex   1.790826e+01 6.670000e+01 -1.135944e+01
      vertex   1.788094e+01 6.765000e+01 -1.140548e+01
      vertex   1.790826e+01 6.765000e+01 -1.135944e+01
    endloop
  endfacet
  facet normal 8.942253e-01 0.000000e+00 -4.476172e-01
    outer loop
      vertex   1.793222e+01 6.670000e+01 -1.131156e+01
      vertex   1.790826e+01 6.670000e+01 -1.135944e+01
      vertex   1.790826e+01 6.765000e+01 -1.135944e+01
    endloop
  endfacet
  facet normal 8.942253e-01 0.000000e+00 -4.476172e-01
    outer loop
      vertex   1.793222e+01 6.670000e+01 -1.131156e+01
      vertex   1.790826e+01 6.765000e+01 -1.135944e+01
      vertex   1.793222e+01 6.765000e+01 -1.131156e+01
    endloop
  endfacet
  facet normal 9.238795e-01 0.000000e+00 -3.826834e-01
    outer loop
      vertex   1.795271e+01 6.670000e+01 -1.126210e+01
      vertex   1.793222e+01 6.670000e+01 -1.131156e+01
      vertex   1.793222e+01 6.765000e+01 -1.131156e+01
    endloop
  endfacet
  facet normal 9.238795e-01 0.000000e+00 -3.826834e-01
    outer loop
      vertex   1.795271e+01 6.670000e+01 -1.126210e+01
      vertex   1.793222e+01 6.765000e+01 -1.131156e+01
      vertex   1.795271e+01 6.765000e+01 -1.126210e+01
    endloop
  endfacet
  facet normal 9.488259e-01 0.000000e+00 -3.157996e-01
    outer loop
      vertex   1.796962e+01 6.670000e+01 -1.121130e+01
      vertex   1.795271e+01 6.670000e+01 -1.126210e+01
      vertex   1.795271e+01 6.765000e+01 -1.126210e+01
    endloop
  endfacet
  facet normal 9.488259e-01 0.000000e+00 -3.157996e-01
    outer loop
      vertex   1.796962e+01 6.670000e+01 -1.121130e+01
      vertex   1.795271e+01 6.765000e+01 -1.126210e+01
      vertex   1.796962e+01 6.765000e+01 -1.121130e+01
    endloop
  endfacet
  facet normal 9.689373e-01 0.000000e+00 -2.473065e-01
    outer loop
      vertex   1.798286e+01 6.670000e+01 -1.115942e+01
      vertex   1.796962e+01 6.670000e+01 -1.121130e+01
      vertex   1.796962e+01 6.765000e+01 -1.121130e+01
    endloop
  endfacet
  facet normal 9.689373e-01 0.000000e+00 -2.473065e-01
    outer loop
      vertex   1.798286e+01 6.670000e+01 -1.115942e+01
      vertex   1.796962e+01 6.765000e+01 -1.121130e+01
      vertex   1.798286e+01 6.765000e+01 -1.115942e+01
    endloop
  endfacet
  facet normal 9.841112e-01 0.000000e+00 -1.775532e-01
    outer loop
      vertex   1.799237e+01 6.670000e+01 -1.110674e+01
      vertex   1.798286e+01 6.670000e+01 -1.115942e+01
      vertex   1.798286e+01 6.765000e+01 -1.115942e+01
    endloop
  endfacet
  facet normal 9.841112e-01 0.000000e+00 -1.775532e-01
    outer loop
      vertex   1.799237e+01 6.670000e+01 -1.110674e+01
      vertex   1.798286e+01 6.765000e+01 -1.115942e+01
      vertex   1.799237e+01 6.765000e+01 -1.110674e+01
    endloop
  endfacet
  facet normal 9.942703e-01 0.000000e+00 -1.068951e-01
    outer loop
      vertex   1.799809e+01 6.670000e+01 -1.105350e+01
      vertex   1.799237e+01 6.670000e+01 -1.110674e+01
      vertex   1.799237e+01 6.765000e+01 -1.110674e+01
    endloop
  endfacet
  facet normal 9.942703e-01 0.000000e+00 -1.068951e-01
    outer loop
      vertex   1.799809e+01 6.670000e+01 -1.105350e+01
      vertex   1.799237e+01 6.765000e+01 -1.110674e+01
      vertex   1.799809e+01 6.765000e+01 -1.105350e+01
    endloop
  endfacet
  facet normal 0.000000e+00 1.000000e+00 -0.000000e+00
    outer loop
      vertex   1.799809e+01 7.050000e+01 -1.105350e+01
      vertex   1.751210e+01 7.050000e+01 -1.170271e+01
      vertex   1.800000e+01 7.050000e+01 -1.100000e+01
    endloop
  endfacet
  facet normal 0.000000e+00 1.000000e+00 0.000000e+00
    outer loop
      vertex   1.800000e+01 7.050000e+01 -1.100000e+01
      vertex   1.751210e+01 7.050000e+01 -1.170271e+01
      vertex   1.350000e+01 7.050000e+01 -1.100000e+01
    endloop
  endfacet
  facet normal 0.000000e+00 1.000000e+00 -0.000000e+00
    outer loop
      vertex   1.800000e+01 7.050000e+01 -1.100000e+01
      vertex   1.350000e+01 7.050000e+01 -1.100000e+01
      vertex   1.800000e+01 7.050000e+01 -1.000000e+01
    endloop
  endfacet
  facet normal 0.000000e+00 1.000000e+00 0.000000e+00
    outer loop
      vertex   1.800000e+01 7.050000e+01 -1.000000e+01
      vertex   1.350000e+01 7.050000e+01 -1.100000e+01
      vertex   1.350000e+01 7.050000e+01 -1.000000e+01
    endloop
  endfacet
  facet normal 0.000000e+00 1.000000e+00 0.000000e+00
    outer loop
      vertex   1.800000e+01 7.050000e+01 -1.000000e+01
      vertex   1.350000e+01 7.050000e+01 -1.000000e+01
      vertex   1.725000e+01 7.050000e+01 -9.250000e+00
    endloop
  endfacet
  facet normal 0.000000e+00 1.000000e+00 0.000000e+00
    outer loop
      vertex   1.725000e+01 7.050000e+01 -9.250000e+00
      vertex   1.350000e+01 7.050000e+01 -1.000000e+01
      vertex   1.425000e+01 7.050000e+01 -9.250000e+00
    endloop
  endfacet
  facet normal 0.000000e+00 1.000000e+00 0.000000e+00
    outer loop
      vertex   1.425000e+01 7.050000e+01 -9.250000e+00
      vertex   1.350000e+01 7.050000e+01 -1.000000e+01
      vertex   1.350191e+01 7.050000e+01 -9.946496e+00
    endloop
  endfacet
  facet normal 0.000000e+00 1.000000e+00 0.000000e+00
    outer loop
      vertex   1.425000e+01 7.050000e+01 -9.250000e+00
      vertex   1.350191e+01 7.050000e+01 -9.946496e+00
      vertex   1.350763e+01 7.050000e+01 -9.893264e+00
    endloop
  endfacet
  facet normal 0.000000e+00 1.000000e+00 0.000000e+00
    outer loop
      vertex   1.799809e+01 7.050000e+01 -1.105350e+01
      vertex   1.799237e+01 7.050000e+01 -1.110674e+01
      vertex   1.751210e+01 7.050000e+01 -1.170271e+01
    endloop
  endfacet
  facet normal 0.000000e+00 1.000000e+00 0.000000e+00
    outer loop
      vertex   1.751210e+01 7.050000e+01 -1.170271e+01
      vertex   1.799237e+01 7.050000e+01 -1.110674e+01
      vertex   1.798286e+01 7.050000e+01 -1.115942e+01
    endloop
  endfacet
  facet normal 0.000000e+00 1.000000e+00 0.000000e+00
    outer loop
      vertex   1.751210e+01 7.050000e+01 -1.170271e+01
      vertex   1.798286e+01 7.050000e+01 -1.115942e+01
      vertex   1.796962e+01 7.050000e+01 -1.121130e+01
    endloop
  endfacet
  facet normal 0.000000e+00 1.000000e+00 0.000000e+00
    outer loop
      vertex   1.796962e+01 7.050000e+01 -1.121130e+01
      vertex   1.795271e+01 7.050000e+01 -1.126210e+01
      vertex   1.751210e+01 7.050000e+01 -1.170271e+01
    endloop
  endfacet
  facet normal 0.000000e+00 1.000000e+00 0.000000e+00
    outer loop
      vertex   1.751210e+01 7.050000e+01 -1.170271e+01
      vertex   1.795271e+01 7.050000e+01 -1.126210e+01
      vertex   1.793222e+01 7.050000e+01 -1.131156e+01
    endloop
  endfacet
  facet normal 0.000000e+00 1.000000e+00 0.000000e+00
    outer loop
      vertex   1.751210e+01 7.050000e+01 -1.170271e+01
      vertex   1.793222e+01 7.050000e+01 -1.131156e+01
      vertex   1.790826e+01 7.050000e+01 -1.135944e+01
    endloop
  endfacet
  facet normal 0.000000e+00 1.000000e+00 0.000000e+00
    outer loop
      vertex   1.790826e+01 7.050000e+01 -1.135944e+01
      vertex   1.788094e+01 7.050000e+01 -1.140548e+01
      vertex   1.751210e+01 7.050000e+01 -1.170271e+01
    endloop
  endfacet
  facet normal 0.000000e+00 1.000000e+00 0.000000e+00
    outer loop
      vertex   1.751210e+01 7.050000e+01 -1.170271e+01
      vertex   1.788094e+01 7.050000e+01 -1.140548e+01
      vertex   1.785041e+01 7.050000e+01 -1.144946e+01
    endloop
  endfacet
  facet normal 0.000000e+00 1.000000e+00 0.000000e+00
    outer loop
      vertex   1.751210e+01 7.050000e+01 -1.170271e+01
      vertex   1.785041e+01 7.050000e+01 -1.144946e+01
      vertex   1.781681e+01 7.050000e+01 -1.149115e+01
    endloop
  endfacet
  facet normal 0.000000e+00 1.000000e+00 0.000000e+00
    outer loop
      vertex   1.781681e+01 7.050000e+01 -1.149115e+01
      vertex   1.778033e+01 7.050000e+01 -1.153033e+01
      vertex   1.751210e+01 7.050000e+01 -1.170271e+01
    endloop
  endfacet
  facet normal 0.000000e+00 1.000000e+00 0.000000e+00
    outer loop
      vertex   1.751210e+01 7.050000e+01 -1.170271e+01
      vertex   1.778033e+01 7.050000e+01 -1.153033e+01
      vertex   1.774115e+01 7.050000e+01 -1.156681e+01
    endloop
  endfacet
  facet normal 0.000000e+00 1.000000e+00 0.000000e+00
    outer loop
      vertex   1.751210e+01 7.050000e+01 -1.170271e+01
      vertex   1.774115e+01 7.050000e+01 -1.156681e+01
      vertex   1.769946e+01 7.050000e+01 -1.160041e+01
    endloop
  endfacet
  facet normal 0.000000e+00 1.000000e+00 0.000000e+00
    outer loop
      vertex   1.769946e+01 7.050000e+01 -1.160041e+01
      vertex   1.765548e+01 7.050000e+01 -1.163094e+01
      vertex   1.751210e+01 7.050000e+01 -1.170271e+01
    endloop
  endfacet
  facet normal 0.000000e+00 1.000000e+00 0.000000e+00
    outer loop
      vertex   1.751210e+01 7.050000e+01 -1.170271e+01
      vertex   1.765548e+01 7.050000e+01 -1.163094e+01
      vertex   1.760944e+01 7.050000e+01 -1.165826e+01
    endloop
  endfacet
  facet normal 0.000000e+00 1.000000e+00 0.000000e+00
    outer loop
      vertex   1.751210e+01 7.050000e+01 -1.170271e+01
      vertex   1.760944e+01 7.050000e+01 -1.165826e+01
      vertex   1.756156e+01 7.050000e+01 -1.168222e+01
    endloop
  endfacet
  facet normal 0.000000e+00 1.000000e+00 0.000000e+00
    outer loop
      vertex   1.350000e+01 7.050000e+01 -1.100000e+01
      vertex   1.751210e+01 7.050000e+01 -1.170271e+01
      vertex   1.403870e+01 7.050000e+01 -1.171962e+01
    endloop
  endfacet
  facet normal 0.000000e+00 1.000000e+00 0.000000e+00
    outer loop
      vertex   1.403870e+01 7.050000e+01 -1.171962e+01
      vertex   1.751210e+01 7.050000e+01 -1.170271e+01
      vertex   1.746130e+01 7.050000e+01 -1.171962e+01
    endloop
  endfacet
  facet normal -0.000000e+00 1.000000e+00 0.000000e+00
    outer loop
      vertex   1.403870e+01 7.050000e+01 -1.171962e+01
      vertex   1.746130e+01 7.050000e+01 -1.171962e+01
      vertex   1.409058e+01 7.050000e+01 -1.173286e+01
    endloop
  endfacet
  facet normal 0.000000e+00 1.000000e+00 0.000000e+00
    outer loop
      vertex   1.409058e+01 7.050000e+01 -1.173286e+01
      vertex   1.746130e+01 7.050000e+01 -1.171962e+01
      vertex   1.740942e+01 7.050000e+01 -1.173286e+01
    endloop
  endfacet
  facet normal -0.000000e+00 1.000000e+00 0.000000e+00
    outer loop
      vertex   1.409058e+01 7.050000e+01 -1.173286e+01
      vertex   1.740942e+01 7.050000e+01 -1.173286e+01
      vertex   1.414326e+01 7.050000e+01 -1.174237e+01
    endloop
  endfacet
  facet normal 0.000000e+00 1.000000e+00 0.000000e+00
    outer loop
      vertex   1.414326e+01 7.050000e+01 -1.174237e+01
      vertex   1.740942e+01 7.050000e+01 -1.173286e+01
      vertex   1.735674e+01 7.050000e+01 -1.174237e+01
    endloop
  endfacet
  facet normal -0.000000e+00 1.000000e+00 0.000000e+00
    outer loop
      vertex   1.414326e+01 7.050000e+01 -1.174237e+01
      vertex   1.735674e+01 7.050000e+01 -1.174237e+01
      vertex   1.419650e+01 7.050000e+01 -1.174809e+01
    endloop
  endfacet
  facet normal 0.000000e+00 1.000000e+00 0.000000e+00
    outer loop
      vertex   1.419650e+01 7.050000e+01 -1.174809e+01
      vertex   1.735674e+01 7.050000e+01 -1.174237e+01
      vertex   1.730350e+01 7.050000e+01 -1.174809e+01
    endloop
  endfacet
  facet normal -0.000000e+00 1.000000e+00 0.000000e+00
    outer loop
      vertex   1.419650e+01 7.050000e+01 -1.174809e+01
      vertex   1.730350e+01 7.050000e+01 -1.174809e+01
      vertex   1.425000e+01 7.050000e+01 -1.175000e+01
    endloop
  endfacet
  facet normal 0.000000e+00 1.000000e+00 0.000000e+00
    outer loop
      vertex   1.425000e+01 7.050000e+01 -1.175000e+01
      vertex   1.730350e+01 7.050000e+01 -1.174809e+01
      vertex   1.725000e+01 7.050000e+01 -1.175000e+01
    endloop
  endfacet
  facet normal -0.000000e+00 1.000000e+00 -0.000000e+00
    outer loop
      vertex   1.398790e+01 7.050000e+01 -1.170271e+01
      vertex   1.380054e+01 7.050000e+01 -1.160041e+01
      vertex   1.403870e+01 7.050000e+01 -1.171962e+01
    endloop
  endfacet
  facet normal 0.000000e+00 1.000000e+00 0.000000e+00
    outer loop
      vertex   1.403870e+01 7.050000e+01 -1.171962e+01
      vertex   1.380054e+01 7.050000e+01 -1.160041e+01
      vertex   1.375885e+01 7.050000e+01 -1.156681e+01
    endloop
  endfacet
  facet normal 0.000000e+00 1.000000e+00 0.000000e+00
    outer loop
      vertex   1.403870e+01 7.050000e+01 -1.171962e+01
      vertex   1.375885e+01 7.050000e+01 -1.156681e+01
      vertex   1.371967e+01 7.050000e+01 -1.153033e+01
    endloop
  endfacet
  facet normal -0.000000e+00 1.000000e+00 -0.000000e+00
    outer loop
      vertex   1.393844e+01 7.050000e+01 -1.168222e+01
      vertex   1.389056e+01 7.050000e+01 -1.165826e+01
      vertex   1.398790e+01 7.050000e+01 -1.170271e+01
    endloop
  endfacet
  facet normal 0.000000e+00 1.000000e+00 0.000000e+00
    outer loop
      vertex   1.398790e+01 7.050000e+01 -1.170271e+01
      vertex   1.389056e+01 7.050000e+01 -1.165826e+01
      vertex   1.384452e+01 7.050000e+01 -1.163094e+01
    endloop
  endfacet
  facet normal 0.000000e+00 1.000000e+00 0.000000e+00
    outer loop
      vertex   1.398790e+01 7.050000e+01 -1.170271e+01
      vertex   1.384452e+01 7.050000e+01 -1.163094e+01
      vertex   1.380054e+01 7.050000e+01 -1.160041e+01
    endloop
  endfacet
  facet normal -0.000000e+00 1.000000e+00 -0.000000e+00
    outer loop
      vertex   1.371967e+01 7.050000e+01 -1.153033e+01
      vertex   1.368319e+01 7.050000e+01 -1.149115e+01
      vertex   1.403870e+01 7.050000e+01 -1.171962e+01
    endloop
  endfacet
  facet normal 0.000000e+00 1.000000e+00 0.000000e+00
    outer loop
      vertex   1.403870e+01 7.050000e+01 -1.171962e+01
      vertex   1.368319e+01 7.050000e+01 -1.149115e+01
      vertex   1.364959e+01 7.050000e+01 -1.144946e+01
    endloop
  endfacet
  facet normal 0.000000e+00 1.000000e+00 0.000000e+00
    outer loop
      vertex   1.403870e+01 7.050000e+01 -1.171962e+01
      vertex   1.364959e+01 7.050000e+01 -1.144946e+01
      vertex   1.361906e+01 7.050000e+01 -1.140548e+01
    endloop
  endfacet
  facet normal -0.000000e+00 1.000000e+00 -0.000000e+00
    outer loop
      vertex   1.361906e+01 7.050000e+01 -1.140548e+01
      vertex   1.359174e+01 7.050000e+01 -1.135944e+01
      vertex   1.403870e+01 7.050000e+01 -1.171962e+01
    endloop
  endfacet
  facet normal 0.000000e+00 1.000000e+00 0.000000e+00
    outer loop
      vertex   1.403870e+01 7.050000e+01 -1.171962e+01
      vertex   1.359174e+01 7.050000e+01 -1.135944e+01
      vertex   1.356778e+01 7.050000e+01 -1.131156e+01
    endloop
  endfacet
  facet normal 0.000000e+00 1.000000e+00 0.000000e+00
    outer loop
      vertex   1.403870e+01 7.050000e+01 -1.171962e+01
      vertex   1.356778e+01 7.050000e+01 -1.131156e+01
      vertex   1.354729e+01 7.050000e+01 -1.126210e+01
    endloop
  endfacet
  facet normal -0.000000e+00 1.000000e+00 -0.000000e+00
    outer loop
      vertex   1.354729e+01 7.050000e+01 -1.126210e+01
      vertex   1.353038e+01 7.050000e+01 -1.121130e+01
      vertex   1.403870e+01 7.050000e+01 -1.171962e+01
    endloop
  endfacet
  facet normal 0.000000e+00 1.000000e+00 0.000000e+00
    outer loop
      vertex   1.403870e+01 7.050000e+01 -1.171962e+01
      vertex   1.353038e+01 7.050000e+01 -1.121130e+01
      vertex   1.351714e+01 7.050000e+01 -1.115942e+01
    endloop
  endfacet
  facet normal 0.000000e+00 1.000000e+00 0.000000e+00
    outer loop
      vertex   1.403870e+01 7.050000e+01 -1.171962e+01
      vertex   1.351714e+01 7.050000e+01 -1.115942e+01
      vertex   1.350763e+01 7.050000e+01 -1.110674e+01
    endloop
  endfacet
  facet normal -0.000000e+00 1.000000e+00 -0.000000e+00
    outer loop
      vertex   1.350763e+01 7.050000e+01 -1.110674e+01
      vertex   1.350191e+01 7.050000e+01 -1.105350e+01
      vertex   1.403870e+01 7.050000e+01 -1.171962e+01
    endloop
  endfacet
  facet normal 0.000000e+00 1.000000e+00 0.000000e+00
    outer loop
      vertex   1.403870e+01 7.050000e+01 -1.171962e+01
      vertex   1.350191e+01 7.050000e+01 -1.105350e+01
      vertex   1.350000e+01 7.050000e+01 -1.100000e+01
    endloop
  endfacet
  facet normal 0.000000e+00 1.000000e+00 0.000000e+00
    outer loop
      vertex   1.350763e+01 7.050000e+01 -9.893264e+00
      vertex   1.351714e+01 7.050000e+01 -9.840576e+00
      vertex   1.425000e+01 7.050000e+01 -9.250000e+00
    endloop
  endfacet
  facet normal 0.000000e+00 1.000000e+00 0.000000e+00
    outer loop
      vertex   1.425000e+01 7.050000e+01 -9.250000e+00
      vertex   1.351714e+01 7.050000e+01 -9.840576e+00
      vertex   1.353038e+01 7.050000e+01 -9.788701e+00
    endloop
  endfacet
  facet normal 0.000000e+00 1.000000e+00 0.000000e+00
    outer loop
      vertex   1.425000e+01 7.050000e+01 -9.250000e+00
      vertex   1.353038e+01 7.050000e+01 -9.788701e+00
      vertex   1.354729e+01 7.050000e+01 -9.737902e+00
    endloop
  endfacet
  facet normal 0.000000e+00 1.000000e+00 0.000000e+00
    outer loop
      vertex   1.354729e+01 7.050000e+01 -9.737902e+00
      vertex   1.356778e+01 7.050000e+01 -9.688439e+00
      vertex   1.425000e+01 7.050000e+01 -9.250000e+00
    endloop
  endfacet
  facet normal 0.000000e+00 1.000000e+00 0.000000e+00
    outer loop
      vertex   1.425000e+01 7.050000e+01 -9.250000e+00
      vertex   1.356778e+01 7.050000e+01 -9.688439e+00
      vertex   1.359174e+01 7.050000e+01 -9.640563e+00
    endloop
  endfacet
  facet normal 0.000000e+00 1.000000e+00 0.000000e+00
    outer loop
      vertex   1.425000e+01 7.050000e+01 -9.250000e+00
      vertex   1.359174e+01 7.050000e+01 -9.640563e+00
      vertex   1.361906e+01 7.050000e+01 -9.594519e+00
    endloop
  endfacet
  facet normal 0.000000e+00 1.000000e+00 0.000000e+00
    outer loop
      vertex   1.361906e+01 7.050000e+01 -9.594519e+00
      vertex   1.364959e+01 7.050000e+01 -9.550542e+00
      vertex   1.425000e+01 7.050000e+01 -9.250000e+00
    endloop
  endfacet
  facet normal 0.000000e+00 1.000000e+00 0.000000e+00
    outer loop
      vertex   1.425000e+01 7.050000e+01 -9.250000e+00
      vertex   1.364959e+01 7.050000e+01 -9.550542e+00
      vertex   1.368319e+01 7.050000e+01 -9.508854e+00
    endloop
  endfacet
  facet normal 0.000000e+00 1.000000e+00 0.000000e+00
    outer loop
      vertex   1.425000e+01 7.050000e+01 -9.250000e+00
      vertex   1.368319e+01 7.050000e+01 -9.508854e+00
      vertex   1.371967e+01 7.050000e+01 -9.469670e+00
    endloop
  endfacet
  facet normal 0.000000e+00 1.000000e+00 0.000000e+00
    outer loop
      vertex   1.371967e+01 7.050000e+01 -9.469670e+00
      vertex   1.375885e+01 7.050000e+01 -9.433188e+00
      vertex   1.425000e+01 7.050000e+01 -9.250000e+00
    endloop
  endfacet
  facet normal 0.000000e+00 1.000000e+00 0.000000e+00
    outer loop
      vertex   1.425000e+01 7.050000e+01 -9.250000e+00
      vertex   1.375885e+01 7.050000e+01 -9.433188e+00
      vertex   1.380054e+01 7.050000e+01 -9.399594e+00
    endloop
  endfacet
  facet normal 0.000000e+00 1.000000e+00 0.000000e+00
    outer loop
      vertex   1.425000e+01 7.050000e+01 -9.250000e+00
      vertex   1.380054e+01 7.050000e+01 -9.399594e+00
      vertex   1.384452e+01 7.050000e+01 -9.369060e+00
    endloop
  endfacet
  facet normal 0.000000e+00 1.000000e+00 0.000000e+00
    outer loop
      vertex   1.384452e+01 7.050000e+01 -9.369060e+00
      vertex   1.389056e+01 7.050000e+01 -9.341741e+00
      vertex   1.425000e+01 7.050000e+01 -9.250000e+00
    endloop
  endfacet
  facet normal 0.000000e+00 1.000000e+00 0.000000e+00
    outer loop
      vertex   1.425000e+01 7.050000e+01 -9.250000e+00
      vertex   1.389056e+01 7.050000e+01 -9.341741e+00
      vertex   1.393844e+01 7.050000e+01 -9.317776e+00
    endloop
  endfacet
  facet normal 0.000000e+00 1.000000e+00 0.000000e+00
    outer loop
      vertex   1.425000e+01 7.050000e+01 -9.250000e+00
      vertex   1.393844e+01 7.050000e+01 -9.317776e+00
      vertex   1.398790e+01 7.050000e+01 -9.297288e+00
    endloop
  endfacet
  facet normal 0.000000e+00 1.000000e+00 0.000000e+00
    outer loop
      vertex   1.398790e+01 7.050000e+01 -9.297288e+00
      vertex   1.403870e+01 7.050000e+01 -9.280380e+00
      vertex   1.425000e+01 7.050000e+01 -9.250000e+00
    endloop
  endfacet
  facet normal 0.000000e+00 1.000000e+00 0.000000e+00
    outer loop
      vertex   1.425000e+01 7.050000e+01 -9.250000e+00
      vertex   1.403870e+01 7.050000e+01 -9.280380e+00
      vertex   1.409058e+01 7.050000e+01 -9.267140e+00
    endloop
  endfacet
  facet normal 0.000000e+00 1.000000e+00 0.000000e+00
    outer loop
      vertex   1.425000e+01 7.050000e+01 -9.250000e+00
      vertex   1.409058e+01 7.050000e+01 -9.267140e+00
      vertex   1.414326e+01 7.050000e+01 -9.257634e+00
    endloop
  endfacet
  facet normal 0.000000e+00 1.000000e+00 0.000000e+00
    outer loop
      vertex   1.414326e+01 7.050000e+01 -9.257634e+00
      vertex   1.419650e+01 7.050000e+01 -9.251911e+00
      vertex   1.425000e+01 7.050000e+01 -9.250000e+00
    endloop
  endfacet
  facet normal 0.000000e+00 1.000000e+00 0.000000e+00
    outer loop
      vertex   1.730350e+01 7.050000e+01 -9.251911e+00
      vertex   1.735674e+01 7.050000e+01 -9.257634e+00
      vertex   1.725000e+01 7.050000e+01 -9.250000e+00
    endloop
  endfacet
  facet normal 0.000000e+00 1.000000e+00 0.000000e+00
    outer loop
      vertex   1.725000e+01 7.050000e+01 -9.250000e+00
      vertex   1.735674e+01 7.050000e+01 -9.257634e+00
      vertex   1.740942e+01 7.050000e+01 -9.267140e+00
    endloop
  endfacet
  facet normal 0.000000e+00 1.000000e+00 0.000000e+00
    outer loop
      vertex   1.725000e+01 7.050000e+01 -9.250000e+00
      vertex   1.740942e+01 7.050000e+01 -9.267140e+00
      vertex   1.746130e+01 7.050000e+01 -9.280380e+00
    endloop
  endfacet
  facet normal 0.000000e+00 1.000000e+00 0.000000e+00
    outer loop
      vertex   1.746130e+01 7.050000e+01 -9.280380e+00
      vertex   1.751210e+01 7.050000e+01 -9.297288e+00
      vertex   1.725000e+01 7.050000e+01 -9.250000e+00
    endloop
  endfacet
  facet normal 0.000000e+00 1.000000e+00 0.000000e+00
    outer loop
      vertex   1.725000e+01 7.050000e+01 -9.250000e+00
      vertex   1.751210e+01 7.050000e+01 -9.297288e+00
      vertex   1.756156e+01 7.050000e+01 -9.317776e+00
    endloop
  endfacet
  facet normal 0.000000e+00 1.000000e+00 0.000000e+00
    outer loop
      vertex   1.725000e+01 7.050000e+01 -9.250000e+00
      vertex   1.756156e+01 7.050000e+01 -9.317776e+00
      vertex   1.760944e+01 7.050000e+01 -9.341741e+00
    endloop
  endfacet
  facet normal 0.000000e+00 1.000000e+00 0.000000e+00
    outer loop
      vertex   1.760944e+01 7.050000e+01 -9.341741e+00
      vertex   1.765548e+01 7.050000e+01 -9.369060e+00
      vertex   1.725000e+01 7.050000e+01 -9.250000e+00
    endloop
  endfacet
  facet normal 0.000000e+00 1.000000e+00 0.000000e+00
    outer loop
      vertex   1.725000e+01 7.050000e+01 -9.250000e+00
      vertex   1.765548e+01 7.050000e+01 -9.369060e+00
      vertex   1.769946e+01 7.050000e+01 -9.399594e+00
    endloop
  endfacet
  facet normal 0.000000e+00 1.000000e+00 0.000000e+00
    outer loop
      vertex   1.725000e+01 7.050000e+01 -9.250000e+00
      vertex   1.769946e+01 7.050000e+01 -9.399594e+00
      vertex   1.774115e+01 7.050000e+01 -9.433188e+00
    endloop
  endfacet
  facet normal 0.000000e+00 1.000000e+00 0.000000e+00
    outer loop
      vertex   1.774115e+01 7.050000e+01 -9.433188e+00
      vertex   1.778033e+01 7.050000e+01 -9.469670e+00
      vertex   1.725000e+01 7.050000e+01 -9.250000e+00
    endloop
  endfacet
  facet normal 0.000000e+00 1.000000e+00 0.000000e+00
    outer loop
      vertex   1.725000e+01 7.050000e+01 -9.250000e+00
      vertex   1.778033e+01 7.050000e+01 -9.469670e+00
      vertex   1.781681e+01 7.050000e+01 -9.508854e+00
    endloop
  endfacet
  facet normal 0.000000e+00 1.000000e+00 0.000000e+00
    outer loop
      vertex   1.725000e+01 7.050000e+01 -9.250000e+00
      vertex   1.781681e+01 7.050000e+01 -9.508854e+00
      vertex   1.785041e+01 7.050000e+01 -9.550542e+00
    endloop
  endfacet
  facet normal 0.000000e+00 1.000000e+00 0.000000e+00
    outer loop
      vertex   1.785041e+01 7.050000e+01 -9.550542e+00
      vertex   1.788094e+01 7.050000e+01 -9.594519e+00
      vertex   1.725000e+01 7.050000e+01 -9.250000e+00
    endloop
  endfacet
  facet normal 0.000000e+00 1.000000e+00 0.000000e+00
    outer loop
      vertex   1.725000e+01 7.050000e+01 -9.250000e+00
      vertex   1.788094e+01 7.050000e+01 -9.594519e+00
      vertex   1.790826e+01 7.050000e+01 -9.640563e+00
    endloop
  endfacet
  facet normal 0.000000e+00 1.000000e+00 0.000000e+00
    outer loop
      vertex   1.725000e+01 7.050000e+01 -9.250000e+00
      vertex   1.790826e+01 7.050000e+01 -9.640563e+00
      vertex   1.793222e+01 7.050000e+01 -9.688439e+00
    endloop
  endfacet
  facet normal 0.000000e+00 1.000000e+00 0.000000e+00
    outer loop
      vertex   1.793222e+01 7.050000e+01 -9.688439e+00
      vertex   1.795271e+01 7.050000e+01 -9.737902e+00
      vertex   1.725000e+01 7.050000e+01 -9.250000e+00
    endloop
  endfacet
  facet normal 0.000000e+00 1.000000e+00 0.000000e+00
    outer loop
      vertex   1.725000e+01 7.050000e+01 -9.250000e+00
      vertex   1.795271e+01 7.050000e+01 -9.737902e+00
      vertex   1.796962e+01 7.050000e+01 -9.788701e+00
    endloop
  endfacet
  facet normal 0.000000e+00 1.000000e+00 0.000000e+00
    outer loop
      vertex   1.725000e+01 7.050000e+01 -9.250000e+00
      vertex   1.796962e+01 7.050000e+01 -9.788701e+00
      vertex   1.798286e+01 7.050000e+01 -9.840576e+00
    endloop
  endfacet
  facet normal 0.000000e+00 1.000000e+00 0.000000e+00
    outer loop
      vertex   1.798286e+01 7.050000e+01 -9.840576e+00
      vertex   1.799237e+01 7.050000e+01 -9.893264e+00
      vertex   1.725000e+01 7.050000e+01 -9.250000e+00
    endloop
  endfacet
  facet normal 0.000000e+00 1.000000e+00 0.000000e+00
    outer loop
      vertex   1.725000e+01 7.050000e+01 -9.250000e+00
      vertex   1.799237e+01 7.050000e+01 -9.893264e+00
      vertex   1.799809e+01 7.050000e+01 -9.946496e+00
    endloop
  endfacet
  facet normal 0.000000e+00 1.000000e+00 0.000000e+00
    outer loop
      vertex   1.725000e+01 7.050000e+01 -9.250000e+00
      vertex   1.799809e+01 7.050000e+01 -9.946496e+00
      vertex   1.800000e+01 7.050000e+01 -1.000000e+01
    endloop
  endfacet
endsolid
