solid ASCII
  facet normal -7.070517e-01 1.248033e-02 7.070517e-01
    outer loop
      vertex   2.225311e+01 2.567646e+01 -2.500000e+00
      vertex   2.225000e+01 2.550000e+01 -2.500000e+00
      vertex   2.275000e+01 2.550000e+01 -2.000000e+00
    endloop
  endfacet
  facet normal -7.070517e-01 -1.248033e-02 7.070517e-01
    outer loop
      vertex   2.275000e+01 2.550000e+01 -2.000000e+00
      vertex   2.225000e+01 2.550000e+01 -2.500000e+00
      vertex   2.225311e+01 2.532354e+01 -2.500000e+00
    endloop
  endfacet
  facet normal -7.069284e-01 -1.314282e-02 7.071630e-01
    outer loop
      vertex   2.275000e+01 2.550000e+01 -2.000000e+00
      vertex   2.225311e+01 2.532354e+01 -2.500000e+00
      vertex   2.275311e+01 2.533273e+01 -2.000000e+00
    endloop
  endfacet
  facet normal -7.062706e-01 -3.743074e-02 7.069517e-01
    outer loop
      vertex   2.275311e+01 2.533273e+01 -2.000000e+00
      vertex   2.225311e+01 2.532354e+01 -2.500000e+00
      vertex   2.226245e+01 2.514731e+01 -2.500000e+00
    endloop
  endfacet
  facet normal -7.058468e-01 -3.940446e-02 7.072677e-01
    outer loop
      vertex   2.275311e+01 2.533273e+01 -2.000000e+00
      vertex   2.226245e+01 2.514731e+01 -2.500000e+00
      vertex   2.276243e+01 2.516570e+01 -2.000000e+00
    endloop
  endfacet
  facet normal -7.045981e-01 -6.234056e-02 7.068629e-01
    outer loop
      vertex   2.276243e+01 2.516570e+01 -2.000000e+00
      vertex   2.226245e+01 2.514731e+01 -2.500000e+00
      vertex   2.227801e+01 2.497151e+01 -2.500000e+00
    endloop
  endfacet
  facet normal -7.038024e-01 -6.560502e-02 7.073600e-01
    outer loop
      vertex   2.276243e+01 2.516570e+01 -2.000000e+00
      vertex   2.227801e+01 2.497151e+01 -2.500000e+00
      vertex   2.277796e+01 2.499913e+01 -2.000000e+00
    endloop
  endfacet
  facet normal -7.020360e-01 -8.717758e-02 7.067854e-01
    outer loop
      vertex   2.277796e+01 2.499913e+01 -2.000000e+00
      vertex   2.227801e+01 2.497151e+01 -2.500000e+00
      vertex   2.229976e+01 2.479637e+01 -2.500000e+00
    endloop
  endfacet
  facet normal -7.007984e-01 -9.170970e-02 7.074397e-01
    outer loop
      vertex   2.277796e+01 2.499913e+01 -2.000000e+00
      vertex   2.229976e+01 2.479637e+01 -2.500000e+00
      vertex   2.279967e+01 2.483325e+01 -2.000000e+00
    endloop
  endfacet
  facet normal -6.985874e-01 -1.119096e-01 7.067191e-01
    outer loop
      vertex   2.279967e+01 2.483325e+01 -2.000000e+00
      vertex   2.229976e+01 2.479637e+01 -2.500000e+00
      vertex   2.232767e+01 2.462210e+01 -2.500000e+00
    endloop
  endfacet
  facet normal -6.968389e-01 -1.176838e-01 7.075069e-01
    outer loop
      vertex   2.279967e+01 2.483325e+01 -2.000000e+00
      vertex   2.232767e+01 2.462210e+01 -2.500000e+00
      vertex   2.282753e+01 2.466829e+01 -2.000000e+00
    endloop
  endfacet
  facet normal -6.942568e-01 -1.365047e-01 7.066640e-01
    outer loop
      vertex   2.282753e+01 2.466829e+01 -2.000000e+00
      vertex   2.232767e+01 2.462210e+01 -2.500000e+00
      vertex   2.236172e+01 2.444894e+01 -2.500000e+00
    endloop
  endfacet
  facet normal -6.919294e-01 -1.434929e-01 7.075616e-01
    outer loop
      vertex   2.282753e+01 2.466829e+01 -2.000000e+00
      vertex   2.236172e+01 2.444894e+01 -2.500000e+00
      vertex   2.286150e+01 2.450448e+01 -2.000000e+00
    endloop
  endfacet
  facet normal -6.890494e-01 -1.609310e-01 7.066202e-01
    outer loop
      vertex   2.286150e+01 2.450448e+01 -2.000000e+00
      vertex   2.236172e+01 2.444894e+01 -2.500000e+00
      vertex   2.240186e+01 2.427708e+01 -2.500000e+00
    endloop
  endfacet
  facet normal -6.860765e-01 -1.691027e-01 7.076039e-01
    outer loop
      vertex   2.286150e+01 2.450448e+01 -2.000000e+00
      vertex   2.240186e+01 2.427708e+01 -2.500000e+00
      vertex   2.290153e+01 2.434205e+01 -2.000000e+00
    endloop
  endfacet
  facet normal -6.829721e-01 -1.851568e-01 7.065876e-01
    outer loop
      vertex   2.290153e+01 2.434205e+01 -2.000000e+00
      vertex   2.240186e+01 2.427708e+01 -2.500000e+00
      vertex   2.244804e+01 2.410674e+01 -2.500000e+00
    endloop
  endfacet
  facet normal -6.792882e-01 -1.944791e-01 7.076337e-01
    outer loop
      vertex   2.290153e+01 2.434205e+01 -2.000000e+00
      vertex   2.244804e+01 2.410674e+01 -2.500000e+00
      vertex   2.294758e+01 2.418122e+01 -2.000000e+00
    endloop
  endfacet
  facet normal -6.760325e-01 -2.091508e-01 7.065664e-01
    outer loop
      vertex   2.294758e+01 2.418122e+01 -2.000000e+00
      vertex   2.244804e+01 2.410674e+01 -2.500000e+00
      vertex   2.250020e+01 2.393814e+01 -2.500000e+00
    endloop
  endfacet
  facet normal -6.715735e-01 -2.195885e-01 7.076510e-01
    outer loop
      vertex   2.294758e+01 2.418122e+01 -2.000000e+00
      vertex   2.250020e+01 2.393814e+01 -2.500000e+00
      vertex   2.299957e+01 2.402221e+01 -2.000000e+00
    endloop
  endfacet
  facet normal -6.682396e-01 -2.328820e-01 7.065563e-01
    outer loop
      vertex   2.299957e+01 2.402221e+01 -2.000000e+00
      vertex   2.250020e+01 2.393814e+01 -2.500000e+00
      vertex   2.255828e+01 2.377148e+01 -2.500000e+00
    endloop
  endfacet
  facet normal -6.629427e-01 -2.443975e-01 7.076558e-01
    outer loop
      vertex   2.299957e+01 2.402221e+01 -2.000000e+00
      vertex   2.255828e+01 2.377148e+01 -2.500000e+00
      vertex   2.305744e+01 2.386524e+01 -2.000000e+00
    endloop
  endfacet
  facet normal -6.596034e-01 -2.563196e-01 7.065576e-01
    outer loop
      vertex   2.305744e+01 2.386524e+01 -2.000000e+00
      vertex   2.255828e+01 2.377148e+01 -2.500000e+00
      vertex   2.262220e+01 2.360698e+01 -2.500000e+00
    endloop
  endfacet
  facet normal -6.534074e-01 -2.688731e-01 7.076482e-01
    outer loop
      vertex   2.305744e+01 2.386524e+01 -2.000000e+00
      vertex   2.262220e+01 2.360698e+01 -2.500000e+00
      vertex   2.312110e+01 2.371053e+01 -2.000000e+00
    endloop
  endfacet
  facet normal -6.501351e-01 -2.794334e-01 7.065701e-01
    outer loop
      vertex   2.312110e+01 2.371053e+01 -2.000000e+00
      vertex   2.262220e+01 2.360698e+01 -2.500000e+00
      vertex   2.269189e+01 2.344484e+01 -2.500000e+00
    endloop
  endfacet
  facet normal -6.429802e-01 -2.929828e-01 7.076281e-01
    outer loop
      vertex   2.312110e+01 2.371053e+01 -2.000000e+00
      vertex   2.269189e+01 2.344484e+01 -2.500000e+00
      vertex   2.319047e+01 2.355830e+01 -2.000000e+00
    endloop
  endfacet
  facet normal -6.398470e-01 -3.021934e-01 7.065939e-01
    outer loop
      vertex   2.319047e+01 2.355830e+01 -2.000000e+00
      vertex   2.269189e+01 2.344484e+01 -2.500000e+00
      vertex   2.276726e+01 2.328526e+01 -2.500000e+00
    endloop
  endfacet
  facet normal -6.316748e-01 -3.166946e-01 7.075956e-01
    outer loop
      vertex   2.319047e+01 2.355830e+01 -2.000000e+00
      vertex   2.276726e+01 2.328526e+01 -2.500000e+00
      vertex   2.326545e+01 2.340875e+01 -2.000000e+00
    endloop
  endfacet
  facet normal -6.287525e-01 -3.245702e-01 7.066290e-01
    outer loop
      vertex   2.326545e+01 2.340875e+01 -2.000000e+00
      vertex   2.276726e+01 2.328526e+01 -2.500000e+00
      vertex   2.284822e+01 2.312844e+01 -2.500000e+00
    endloop
  endfacet
  facet normal -6.195062e-01 -3.399768e-01 7.075506e-01
    outer loop
      vertex   2.326545e+01 2.340875e+01 -2.000000e+00
      vertex   2.284822e+01 2.312844e+01 -2.500000e+00
      vertex   2.334593e+01 2.326208e+01 -2.000000e+00
    endloop
  endfacet
  facet normal -6.168659e-01 -3.465350e-01 7.066753e-01
    outer loop
      vertex   2.334593e+01 2.326208e+01 -2.000000e+00
      vertex   2.284822e+01 2.312844e+01 -2.500000e+00
      vertex   2.293466e+01 2.297457e+01 -2.500000e+00
    endloop
  endfacet
  facet normal -6.064906e-01 -3.627985e-01 7.074930e-01
    outer loop
      vertex   2.334593e+01 2.326208e+01 -2.000000e+00
      vertex   2.293466e+01 2.297457e+01 -2.500000e+00
      vertex   2.343181e+01 2.311852e+01 -2.000000e+00
    endloop
  endfacet
  facet normal -6.042028e-01 -3.680593e-01 7.067328e-01
    outer loop
      vertex   2.343181e+01 2.311852e+01 -2.000000e+00
      vertex   2.293466e+01 2.297457e+01 -2.500000e+00
      vertex   2.302647e+01 2.282385e+01 -2.500000e+00
    endloop
  endfacet
  facet normal -5.926450e-01 -3.851293e-01 7.074231e-01
    outer loop
      vertex   2.343181e+01 2.311852e+01 -2.000000e+00
      vertex   2.302647e+01 2.282385e+01 -2.500000e+00
      vertex   2.352297e+01 2.297824e+01 -2.000000e+00
    endloop
  endfacet
  facet normal -5.907797e-01 -3.891154e-01 7.068017e-01
    outer loop
      vertex   2.352297e+01 2.297824e+01 -2.000000e+00
      vertex   2.302647e+01 2.282385e+01 -2.500000e+00
      vertex   2.312355e+01 2.267646e+01 -2.500000e+00
    endloop
  endfacet
  facet normal -5.779877e-01 -4.069393e-01 7.073406e-01
    outer loop
      vertex   2.352297e+01 2.297824e+01 -2.000000e+00
      vertex   2.312355e+01 2.267646e+01 -2.500000e+00
      vertex   2.361928e+01 2.284145e+01 -2.000000e+00
    endloop
  endfacet
  facet normal -5.766140e-01 -4.096761e-01 7.068817e-01
    outer loop
      vertex   2.361928e+01 2.284145e+01 -2.000000e+00
      vertex   2.312355e+01 2.267646e+01 -2.500000e+00
      vertex   2.322576e+01 2.253259e+01 -2.500000e+00
    endloop
  endfacet
  facet normal -5.625380e-01 -4.281995e-01 7.072455e-01
    outer loop
      vertex   2.361928e+01 2.284145e+01 -2.000000e+00
      vertex   2.322576e+01 2.253259e+01 -2.500000e+00
      vertex   2.372061e+01 2.270833e+01 -2.000000e+00
    endloop
  endfacet
  facet normal -5.617243e-01 -4.297151e-01 7.069730e-01
    outer loop
      vertex   2.372061e+01 2.270833e+01 -2.000000e+00
      vertex   2.322576e+01 2.253259e+01 -2.500000e+00
      vertex   2.333299e+01 2.239242e+01 -2.500000e+00
    endloop
  endfacet
  facet normal -5.463161e-01 -4.488814e-01 7.071380e-01
    outer loop
      vertex   2.372061e+01 2.270833e+01 -2.000000e+00
      vertex   2.333299e+01 2.239242e+01 -2.500000e+00
      vertex   2.382682e+01 2.257907e+01 -2.000000e+00
    endloop
  endfacet
  facet normal -5.461300e-01 -4.492064e-01 7.070755e-01
    outer loop
      vertex   2.382682e+01 2.257907e+01 -2.000000e+00
      vertex   2.333299e+01 2.239242e+01 -2.500000e+00
      vertex   2.344511e+01 2.225612e+01 -2.500000e+00
    endloop
  endfacet
  facet normal -5.299718e-01 -4.682313e-01 7.070285e-01
    outer loop
      vertex   2.382682e+01 2.257907e+01 -2.000000e+00
      vertex   2.344511e+01 2.225612e+01 -2.500000e+00
      vertex   2.356196e+01 2.212386e+01 -2.500000e+00
    endloop
  endfacet
  facet normal -5.292167e-01 -4.688451e-01 7.071873e-01
    outer loop
      vertex   2.382682e+01 2.257907e+01 -2.000000e+00
      vertex   2.356196e+01 2.212386e+01 -2.500000e+00
      vertex   2.393775e+01 2.245385e+01 -2.000000e+00
    endloop
  endfacet
  facet normal -5.131878e-01 -4.867102e-01 7.069310e-01
    outer loop
      vertex   2.393775e+01 2.245385e+01 -2.000000e+00
      vertex   2.356196e+01 2.212386e+01 -2.500000e+00
      vertex   2.368340e+01 2.199580e+01 -2.500000e+00
    endloop
  endfacet
  facet normal -5.113502e-01 -4.881217e-01 7.072893e-01
    outer loop
      vertex   2.393775e+01 2.245385e+01 -2.000000e+00
      vertex   2.368340e+01 2.199580e+01 -2.500000e+00
      vertex   2.405327e+01 2.233284e+01 -2.000000e+00
    endloop
  endfacet
  facet normal -4.957518e-01 -5.045797e-01 7.068447e-01
    outer loop
      vertex   2.405327e+01 2.233284e+01 -2.000000e+00
      vertex   2.368340e+01 2.199580e+01 -2.500000e+00
      vertex   2.380929e+01 2.187212e+01 -2.500000e+00
    endloop
  endfacet
  facet normal -4.927909e-01 -5.067271e-01 7.073788e-01
    outer loop
      vertex   2.405327e+01 2.233284e+01 -2.000000e+00
      vertex   2.380929e+01 2.187212e+01 -2.500000e+00
      vertex   2.417320e+01 2.221621e+01 -2.000000e+00
    endloop
  endfacet
  facet normal -4.776863e-01 -5.218165e-01 7.067697e-01
    outer loop
      vertex   2.417320e+01 2.221621e+01 -2.000000e+00
      vertex   2.380929e+01 2.187212e+01 -2.500000e+00
      vertex   2.393947e+01 2.175295e+01 -2.500000e+00
    endloop
  endfacet
  facet normal -4.735637e-01 -5.246368e-01 7.074557e-01
    outer loop
      vertex   2.417320e+01 2.221621e+01 -2.000000e+00
      vertex   2.393947e+01 2.175295e+01 -2.500000e+00
      vertex   2.429738e+01 2.210411e+01 -2.000000e+00
    endloop
  endfacet
  facet normal -4.590144e-01 -5.383982e-01 7.067059e-01
    outer loop
      vertex   2.429738e+01 2.210411e+01 -2.000000e+00
      vertex   2.393947e+01 2.175295e+01 -2.500000e+00
      vertex   2.407377e+01 2.163845e+01 -2.500000e+00
    endloop
  endfacet
  facet normal -4.536943e-01 -5.418272e-01 7.075201e-01
    outer loop
      vertex   2.429738e+01 2.210411e+01 -2.000000e+00
      vertex   2.407377e+01 2.163845e+01 -2.500000e+00
      vertex   2.442565e+01 2.199671e+01 -2.000000e+00
    endloop
  endfacet
  facet normal -4.397602e-01 -5.543032e-01 7.066533e-01
    outer loop
      vertex   2.442565e+01 2.199671e+01 -2.000000e+00
      vertex   2.407377e+01 2.163845e+01 -2.500000e+00
      vertex   2.421203e+01 2.152876e+01 -2.500000e+00
    endloop
  endfacet
  facet normal -4.332091e-01 -5.582755e-01 7.075721e-01
    outer loop
      vertex   2.442565e+01 2.199671e+01 -2.000000e+00
      vertex   2.421203e+01 2.152876e+01 -2.500000e+00
      vertex   2.455782e+01 2.189415e+01 -2.000000e+00
    endloop
  endfacet
  facet normal -4.199486e-01 -5.695109e-01 7.066120e-01
    outer loop
      vertex   2.455782e+01 2.189415e+01 -2.000000e+00
      vertex   2.421203e+01 2.152876e+01 -2.500000e+00
      vertex   2.435407e+01 2.142402e+01 -2.500000e+00
    endloop
  endfacet
  facet normal -4.121356e-01 -5.739600e-01 7.076116e-01
    outer loop
      vertex   2.455782e+01 2.189415e+01 -2.000000e+00
      vertex   2.435407e+01 2.142402e+01 -2.500000e+00
      vertex   2.469371e+01 2.179657e+01 -2.000000e+00
    endloop
  endfacet
  facet normal -3.996051e-01 -5.840015e-01 7.065819e-01
    outer loop
      vertex   2.469371e+01 2.179657e+01 -2.000000e+00
      vertex   2.435407e+01 2.142402e+01 -2.500000e+00
      vertex   2.449972e+01 2.132436e+01 -2.500000e+00
    endloop
  endfacet
  facet normal -3.905017e-01 -5.888599e-01 7.076386e-01
    outer loop
      vertex   2.469371e+01 2.179657e+01 -2.000000e+00
      vertex   2.449972e+01 2.132436e+01 -2.500000e+00
      vertex   2.483313e+01 2.170411e+01 -2.000000e+00
    endloop
  endfacet
  facet normal -3.787559e-01 -5.977562e-01 7.065632e-01
    outer loop
      vertex   2.483313e+01 2.170411e+01 -2.000000e+00
      vertex   2.449972e+01 2.132436e+01 -2.500000e+00
      vertex   2.464880e+01 2.122990e+01 -2.500000e+00
    endloop
  endfacet
  facet normal -3.683363e-01 -6.029556e-01 7.076531e-01
    outer loop
      vertex   2.483313e+01 2.170411e+01 -2.000000e+00
      vertex   2.464880e+01 2.122990e+01 -2.500000e+00
      vertex   2.497590e+01 2.161690e+01 -2.000000e+00
    endloop
  endfacet
  facet normal -3.574281e-01 -6.107571e-01 7.065556e-01
    outer loop
      vertex   2.497590e+01 2.161690e+01 -2.000000e+00
      vertex   2.464880e+01 2.122990e+01 -2.500000e+00
      vertex   2.480112e+01 2.114076e+01 -2.500000e+00
    endloop
  endfacet
  facet normal -3.456689e-01 -6.162281e-01 7.076552e-01
    outer loop
      vertex   2.497590e+01 2.161690e+01 -2.000000e+00
      vertex   2.480112e+01 2.114076e+01 -2.500000e+00
      vertex   2.512180e+01 2.153506e+01 -2.000000e+00
    endloop
  endfacet
  facet normal -3.356491e-01 -6.229875e-01 7.065594e-01
    outer loop
      vertex   2.512180e+01 2.153506e+01 -2.000000e+00
      vertex   2.480112e+01 2.114076e+01 -2.500000e+00
      vertex   2.495649e+01 2.105705e+01 -2.500000e+00
    endloop
  endfacet
  facet normal -3.225295e-01 -6.286601e-01 7.076448e-01
    outer loop
      vertex   2.512180e+01 2.153506e+01 -2.000000e+00
      vertex   2.495649e+01 2.105705e+01 -2.500000e+00
      vertex   2.527065e+01 2.145869e+01 -2.000000e+00
    endloop
  endfacet
  facet normal -3.134472e-01 -6.344316e-01 7.065744e-01
    outer loop
      vertex   2.527065e+01 2.145869e+01 -2.000000e+00
      vertex   2.495649e+01 2.105705e+01 -2.500000e+00
      vertex   2.511472e+01 2.097888e+01 -2.500000e+00
    endloop
  endfacet
  facet normal -2.989490e-01 -6.402348e-01 7.076220e-01
    outer loop
      vertex   2.527065e+01 2.145869e+01 -2.000000e+00
      vertex   2.511472e+01 2.097888e+01 -2.500000e+00
      vertex   2.542223e+01 2.138791e+01 -2.000000e+00
    endloop
  endfacet
  facet normal -2.908512e-01 -6.450744e-01 7.066007e-01
    outer loop
      vertex   2.542223e+01 2.138791e+01 -2.000000e+00
      vertex   2.511472e+01 2.097888e+01 -2.500000e+00
      vertex   2.527561e+01 2.090633e+01 -2.500000e+00
    endloop
  endfacet
  facet normal -2.749586e-01 -6.509369e-01 7.075867e-01
    outer loop
      vertex   2.542223e+01 2.138791e+01 -2.000000e+00
      vertex   2.527561e+01 2.090633e+01 -2.500000e+00
      vertex   2.557634e+01 2.132282e+01 -2.000000e+00
    endloop
  endfacet
  facet normal -2.678902e-01 -6.549024e-01 7.066383e-01
    outer loop
      vertex   2.557634e+01 2.132282e+01 -2.000000e+00
      vertex   2.527561e+01 2.090633e+01 -2.500000e+00
      vertex   2.543895e+01 2.083952e+01 -2.500000e+00
    endloop
  endfacet
  facet normal -2.505902e-01 -6.607521e-01 7.075389e-01
    outer loop
      vertex   2.557634e+01 2.132282e+01 -2.000000e+00
      vertex   2.543895e+01 2.083952e+01 -2.500000e+00
      vertex   2.573277e+01 2.126349e+01 -2.000000e+00
    endloop
  endfacet
  facet normal -2.445940e-01 -6.639030e-01 7.066871e-01
    outer loop
      vertex   2.573277e+01 2.126349e+01 -2.000000e+00
      vertex   2.543895e+01 2.083952e+01 -2.500000e+00
      vertex   2.560456e+01 2.077851e+01 -2.500000e+00
    endloop
  endfacet
  facet normal -2.258761e-01 -6.696671e-01 7.074786e-01
    outer loop
      vertex   2.573277e+01 2.126349e+01 -2.000000e+00
      vertex   2.560456e+01 2.077851e+01 -2.500000e+00
      vertex   2.589128e+01 2.121002e+01 -2.000000e+00
    endloop
  endfacet
  facet normal -2.209928e-01 -6.720645e-01 7.067472e-01
    outer loop
      vertex   2.589128e+01 2.121002e+01 -2.000000e+00
      vertex   2.560456e+01 2.077851e+01 -2.500000e+00
      vertex   2.577221e+01 2.072338e+01 -2.500000e+00
    endloop
  endfacet
  facet normal -2.008492e-01 -6.776700e-01 7.074058e-01
    outer loop
      vertex   2.589128e+01 2.121002e+01 -2.000000e+00
      vertex   2.577221e+01 2.072338e+01 -2.500000e+00
      vertex   2.605168e+01 2.116249e+01 -2.000000e+00
    endloop
  endfacet
  facet normal -1.971171e-01 -6.793765e-01 7.068185e-01
    outer loop
      vertex   2.605168e+01 2.116249e+01 -2.000000e+00
      vertex   2.577221e+01 2.072338e+01 -2.500000e+00
      vertex   2.594170e+01 2.067420e+01 -2.500000e+00
    endloop
  endfacet
  facet normal -1.755426e-01 -6.847499e-01 7.073205e-01
    outer loop
      vertex   2.605168e+01 2.116249e+01 -2.000000e+00
      vertex   2.594170e+01 2.067420e+01 -2.500000e+00
      vertex   2.621374e+01 2.112094e+01 -2.000000e+00
    endloop
  endfacet
  facet normal -1.729979e-01 -6.858299e-01 7.069010e-01
    outer loop
      vertex   2.621374e+01 2.112094e+01 -2.000000e+00
      vertex   2.594170e+01 2.067420e+01 -2.500000e+00
      vertex   2.611283e+01 2.063103e+01 -2.500000e+00
    endloop
  endfacet
  facet normal -1.499898e-01 -6.908973e-01 7.072227e-01
    outer loop
      vertex   2.621374e+01 2.112094e+01 -2.000000e+00
      vertex   2.611283e+01 2.063103e+01 -2.500000e+00
      vertex   2.637722e+01 2.108545e+01 -2.000000e+00
    endloop
  endfacet
  facet normal -1.486665e-01 -6.914164e-01 7.069948e-01
    outer loop
      vertex   2.637722e+01 2.108545e+01 -2.000000e+00
      vertex   2.611283e+01 2.063103e+01 -2.500000e+00
      vertex   2.628537e+01 2.059393e+01 -2.500000e+00
    endloop
  endfacet
  facet normal -1.242249e-01 -6.961036e-01 7.071124e-01
    outer loop
      vertex   2.637722e+01 2.108545e+01 -2.000000e+00
      vertex   2.628537e+01 2.059393e+01 -2.500000e+00
      vertex   2.654191e+01 2.105606e+01 -2.000000e+00
    endloop
  endfacet
  facet normal -1.241544e-01 -6.961290e-01 7.070997e-01
    outer loop
      vertex   2.654191e+01 2.105606e+01 -2.000000e+00
      vertex   2.628537e+01 2.059393e+01 -2.500000e+00
      vertex   2.645911e+01 2.056295e+01 -2.500000e+00
    endloop
  endfacet
  facet normal -9.952286e-02 -7.001699e-01 7.070059e-01
    outer loop
      vertex   2.654191e+01 2.105606e+01 -2.000000e+00
      vertex   2.645911e+01 2.056295e+01 -2.500000e+00
      vertex   2.663384e+01 2.053811e+01 -2.500000e+00
    endloop
  endfacet
  facet normal -9.825111e-02 -7.001423e-01 7.072111e-01
    outer loop
      vertex   2.654191e+01 2.105606e+01 -2.000000e+00
      vertex   2.663384e+01 2.053811e+01 -2.500000e+00
      vertex   2.670758e+01 2.103281e+01 -2.000000e+00
    endloop
  endfacet
  facet normal -7.476088e-02 -7.033405e-01 7.069109e-01
    outer loop
      vertex   2.670758e+01 2.103281e+01 -2.000000e+00
      vertex   2.663384e+01 2.053811e+01 -2.500000e+00
      vertex   2.680934e+01 2.051946e+01 -2.500000e+00
    endloop
  endfacet
  facet normal -7.214877e-02 -7.032117e-01 7.073103e-01
    outer loop
      vertex   2.670758e+01 2.103281e+01 -2.000000e+00
      vertex   2.680934e+01 2.051946e+01 -2.500000e+00
      vertex   2.687401e+01 2.101574e+01 -2.000000e+00
    endloop
  endfacet
  facet normal -4.989830e-02 -7.056243e-01 7.068271e-01
    outer loop
      vertex   2.687401e+01 2.101574e+01 -2.000000e+00
      vertex   2.680934e+01 2.051946e+01 -2.500000e+00
      vertex   2.698538e+01 2.050701e+01 -2.500000e+00
    endloop
  endfacet
  facet normal -4.595486e-02 -7.053210e-01 7.073969e-01
    outer loop
      vertex   2.687401e+01 2.101574e+01 -2.000000e+00
      vertex   2.698538e+01 2.050701e+01 -2.500000e+00
      vertex   2.704095e+01 2.100486e+01 -2.000000e+00
    endloop
  endfacet
  facet normal -2.496726e-02 -7.070182e-01 7.067545e-01
    outer loop
      vertex   2.704095e+01 2.100486e+01 -2.000000e+00
      vertex   2.698538e+01 2.050701e+01 -2.500000e+00
      vertex   2.716176e+01 2.050078e+01 -2.500000e+00
    endloop
  endfacet
  facet normal -1.970422e-02 -7.064675e-01 7.074711e-01
    outer loop
      vertex   2.704095e+01 2.100486e+01 -2.000000e+00
      vertex   2.716176e+01 2.050078e+01 -2.500000e+00
      vertex   2.720817e+01 2.100019e+01 -2.000000e+00
    endloop
  endfacet
  facet normal 0.000000e+00 -7.075201e-01 7.066932e-01
    outer loop
      vertex   2.720817e+01 2.100019e+01 -2.000000e+00
      vertex   2.716176e+01 2.050078e+01 -2.500000e+00
      vertex   2.733824e+01 2.050078e+01 -2.500000e+00
    endloop
  endfacet
  facet normal 6.568256e-03 -7.066500e-01 7.075328e-01
    outer loop
      vertex   2.720817e+01 2.100019e+01 -2.000000e+00
      vertex   2.733824e+01 2.050078e+01 -2.500000e+00
      vertex   2.737546e+01 2.100175e+01 -2.000000e+00
    endloop
  endfacet
  facet normal 2.497118e-02 -7.071293e-01 7.066432e-01
    outer loop
      vertex   2.737546e+01 2.100175e+01 -2.000000e+00
      vertex   2.733824e+01 2.050078e+01 -2.500000e+00
      vertex   2.751462e+01 2.050701e+01 -2.500000e+00
    endloop
  endfacet
  facet normal 3.282764e-02 -7.058683e-01 7.075820e-01
    outer loop
      vertex   2.737546e+01 2.100175e+01 -2.000000e+00
      vertex   2.751462e+01 2.050701e+01 -2.500000e+00
      vertex   2.754258e+01 2.100952e+01 -2.000000e+00
    endloop
  endfacet
  facet normal 4.991399e-02 -7.058462e-01 7.066043e-01
    outer loop
      vertex   2.754258e+01 2.100952e+01 -2.000000e+00
      vertex   2.751462e+01 2.050701e+01 -2.500000e+00
      vertex   2.769066e+01 2.051946e+01 -2.500000e+00
    endloop
  endfacet
  facet normal 5.903905e-02 -7.041237e-01 7.076187e-01
    outer loop
      vertex   2.754258e+01 2.100952e+01 -2.000000e+00
      vertex   2.769066e+01 2.051946e+01 -2.500000e+00
      vertex   2.770928e+01 2.102350e+01 -2.000000e+00
    endloop
  endfacet
  facet normal 7.479615e-02 -7.036723e-01 7.065768e-01
    outer loop
      vertex   2.770928e+01 2.102350e+01 -2.000000e+00
      vertex   2.769066e+01 2.051946e+01 -2.500000e+00
      vertex   2.786616e+01 2.053811e+01 -2.500000e+00
    endloop
  endfacet
  facet normal 8.516763e-02 -7.014186e-01 7.076429e-01
    outer loop
      vertex   2.770928e+01 2.102350e+01 -2.000000e+00
      vertex   2.786616e+01 2.053811e+01 -2.500000e+00
      vertex   2.787536e+01 2.104366e+01 -2.000000e+00
    endloop
  endfacet
  facet normal 9.958547e-02 -7.006104e-01 7.065605e-01
    outer loop
      vertex   2.787536e+01 2.104366e+01 -2.000000e+00
      vertex   2.786616e+01 2.053811e+01 -2.500000e+00
      vertex   2.804089e+01 2.056295e+01 -2.500000e+00
    endloop
  endfacet
  facet normal 1.111787e-01 -6.977565e-01 7.076547e-01
    outer loop
      vertex   2.787536e+01 2.104366e+01 -2.000000e+00
      vertex   2.804089e+01 2.056295e+01 -2.500000e+00
      vertex   2.804057e+01 2.106999e+01 -2.000000e+00
    endloop
  endfacet
  facet normal 1.242499e-01 -6.966644e-01 7.065555e-01
    outer loop
      vertex   2.804057e+01 2.106999e+01 -2.000000e+00
      vertex   2.804089e+01 2.056295e+01 -2.500000e+00
      vertex   2.821463e+01 2.059393e+01 -2.500000e+00
    endloop
  endfacet
  facet normal 1.370376e-01 -6.931425e-01 7.076540e-01
    outer loop
      vertex   2.804057e+01 2.106999e+01 -2.000000e+00
      vertex   2.821463e+01 2.059393e+01 -2.500000e+00
      vertex   2.820469e+01 2.110244e+01 -2.000000e+00
    endloop
  endfacet
  facet normal 1.487575e-01 -6.918393e-01 7.065618e-01
    outer loop
      vertex   2.820469e+01 2.110244e+01 -2.000000e+00
      vertex   2.821463e+01 2.059393e+01 -2.500000e+00
      vertex   2.838717e+01 2.063103e+01 -2.500000e+00
    endloop
  endfacet
  facet normal 1.627101e-01 -6.875826e-01 7.076408e-01
    outer loop
      vertex   2.820469e+01 2.110244e+01 -2.000000e+00
      vertex   2.838717e+01 2.063103e+01 -2.500000e+00
      vertex   2.836748e+01 2.114096e+01 -2.000000e+00
    endloop
  endfacet
  facet normal 1.730766e-01 -6.861415e-01 7.065793e-01
    outer loop
      vertex   2.836748e+01 2.114096e+01 -2.000000e+00
      vertex   2.838717e+01 2.063103e+01 -2.500000e+00
      vertex   2.855830e+01 2.067420e+01 -2.500000e+00
    endloop
  endfacet
  facet normal 1.881620e-01 -6.810843e-01 7.076152e-01
    outer loop
      vertex   2.836748e+01 2.114096e+01 -2.000000e+00
      vertex   2.855830e+01 2.067420e+01 -2.500000e+00
      vertex   2.852874e+01 2.118551e+01 -2.000000e+00
    endloop
  endfacet
  facet normal 1.971757e-01 -6.795784e-01 7.066081e-01
    outer loop
      vertex   2.852874e+01 2.118551e+01 -2.000000e+00
      vertex   2.855830e+01 2.067420e+01 -2.500000e+00
      vertex   2.872779e+01 2.072338e+01 -2.500000e+00
    endloop
  endfacet
  facet normal 2.133594e-01 -6.736560e-01 7.075771e-01
    outer loop
      vertex   2.852874e+01 2.118551e+01 -2.000000e+00
      vertex   2.872779e+01 2.072338e+01 -2.500000e+00
      vertex   2.868822e+01 2.123602e+01 -2.000000e+00
    endloop
  endfacet
  facet normal 2.210237e-01 -6.721584e-01 7.066482e-01
    outer loop
      vertex   2.868822e+01 2.123602e+01 -2.000000e+00
      vertex   2.872779e+01 2.072338e+01 -2.500000e+00
      vertex   2.889544e+01 2.077851e+01 -2.500000e+00
    endloop
  endfacet
  facet normal 2.382689e-01 -6.653076e-01 7.075265e-01
    outer loop
      vertex   2.868822e+01 2.123602e+01 -2.000000e+00
      vertex   2.889544e+01 2.077851e+01 -2.500000e+00
      vertex   2.884572e+01 2.129243e+01 -2.000000e+00
    endloop
  endfacet
  facet normal 2.445897e-01 -6.638914e-01 7.066995e-01
    outer loop
      vertex   2.884572e+01 2.129243e+01 -2.000000e+00
      vertex   2.889544e+01 2.077851e+01 -2.500000e+00
      vertex   2.906105e+01 2.083952e+01 -2.500000e+00
    endloop
  endfacet
  facet normal 2.628572e-01 -6.560499e-01 7.074635e-01
    outer loop
      vertex   2.884572e+01 2.129243e+01 -2.000000e+00
      vertex   2.906105e+01 2.083952e+01 -2.500000e+00
      vertex   2.900101e+01 2.135465e+01 -2.000000e+00
    endloop
  endfacet
  facet normal 2.678434e-01 -6.547880e-01 7.067620e-01
    outer loop
      vertex   2.900101e+01 2.135465e+01 -2.000000e+00
      vertex   2.906105e+01 2.083952e+01 -2.500000e+00
      vertex   2.922439e+01 2.090633e+01 -2.500000e+00
    endloop
  endfacet
  facet normal 2.870917e-01 -6.458953e-01 7.073879e-01
    outer loop
      vertex   2.900101e+01 2.135465e+01 -2.000000e+00
      vertex   2.922439e+01 2.090633e+01 -2.500000e+00
      vertex   2.915389e+01 2.142260e+01 -2.000000e+00
    endloop
  endfacet
  facet normal 2.907546e-01 -6.448603e-01 7.068358e-01
    outer loop
      vertex   2.915389e+01 2.142260e+01 -2.000000e+00
      vertex   2.922439e+01 2.090633e+01 -2.500000e+00
      vertex   2.938528e+01 2.097888e+01 -2.500000e+00
    endloop
  endfacet
  facet normal 3.109400e-01 -6.348568e-01 7.072999e-01
    outer loop
      vertex   2.915389e+01 2.142260e+01 -2.000000e+00
      vertex   2.938528e+01 2.097888e+01 -2.500000e+00
      vertex   2.930413e+01 2.149618e+01 -2.000000e+00
    endloop
  endfacet
  facet normal 3.132939e-01 -6.341213e-01 7.069209e-01
    outer loop
      vertex   2.930413e+01 2.149618e+01 -2.000000e+00
      vertex   2.938528e+01 2.097888e+01 -2.500000e+00
      vertex   2.954351e+01 2.105705e+01 -2.500000e+00
    endloop
  endfacet
  facet normal 3.343704e-01 -6.229491e-01 7.071993e-01
    outer loop
      vertex   2.930413e+01 2.149618e+01 -2.000000e+00
      vertex   2.954351e+01 2.105705e+01 -2.500000e+00
      vertex   2.945153e+01 2.157530e+01 -2.000000e+00
    endloop
  endfacet
  facet normal 3.354322e-01 -6.225849e-01 7.070171e-01
    outer loop
      vertex   2.945153e+01 2.157530e+01 -2.000000e+00
      vertex   2.954351e+01 2.105705e+01 -2.500000e+00
      vertex   2.969888e+01 2.114076e+01 -2.500000e+00
    endloop
  endfacet
  facet normal 3.571596e-01 -6.102985e-01 7.070875e-01
    outer loop
      vertex   2.945153e+01 2.157530e+01 -2.000000e+00
      vertex   2.969888e+01 2.114076e+01 -2.500000e+00
      vertex   2.985120e+01 2.122990e+01 -2.500000e+00
    endloop
  endfacet
  facet normal 3.573318e-01 -6.101540e-01 7.071253e-01
    outer loop
      vertex   2.945153e+01 2.157530e+01 -2.000000e+00
      vertex   2.985120e+01 2.122990e+01 -2.500000e+00
      vertex   2.959589e+01 2.165984e+01 -2.000000e+00
    endloop
  endfacet
  facet normal 3.785310e-01 -5.974012e-01 7.069838e-01
    outer loop
      vertex   2.959589e+01 2.165984e+01 -2.000000e+00
      vertex   2.985120e+01 2.122990e+01 -2.500000e+00
      vertex   3.000028e+01 2.132436e+01 -2.500000e+00
    endloop
  endfacet
  facet normal 3.797058e-01 -5.963584e-01 7.072342e-01
    outer loop
      vertex   2.959589e+01 2.165984e+01 -2.000000e+00
      vertex   3.000028e+01 2.132436e+01 -2.500000e+00
      vertex   2.973701e+01 2.174970e+01 -2.000000e+00
    endloop
  endfacet
  facet normal 3.994306e-01 -5.837465e-01 7.068913e-01
    outer loop
      vertex   2.973701e+01 2.174970e+01 -2.000000e+00
      vertex   3.000028e+01 2.132436e+01 -2.500000e+00
      vertex   3.014593e+01 2.142402e+01 -2.500000e+00
    endloop
  endfacet
  facet normal 4.015552e-01 -5.817532e-01 7.073306e-01
    outer loop
      vertex   2.973701e+01 2.174970e+01 -2.000000e+00
      vertex   3.014593e+01 2.142402e+01 -2.500000e+00
      vertex   2.987469e+01 2.184473e+01 -2.000000e+00
    endloop
  endfacet
  facet normal 4.198312e-01 -5.693517e-01 7.068100e-01
    outer loop
      vertex   2.987469e+01 2.184473e+01 -2.000000e+00
      vertex   3.014593e+01 2.142402e+01 -2.500000e+00
      vertex   3.028797e+01 2.152876e+01 -2.500000e+00
    endloop
  endfacet
  facet normal 4.228513e-01 -5.663581e-01 7.074145e-01
    outer loop
      vertex   2.987469e+01 2.184473e+01 -2.000000e+00
      vertex   3.028797e+01 2.152876e+01 -2.500000e+00
      vertex   3.000874e+01 2.194482e+01 -2.000000e+00
    endloop
  endfacet
  facet normal 4.397065e-01 -5.542354e-01 7.067399e-01
    outer loop
      vertex   3.000874e+01 2.194482e+01 -2.000000e+00
      vertex   3.028797e+01 2.152876e+01 -2.500000e+00
      vertex   3.042623e+01 2.163845e+01 -2.500000e+00
    endloop
  endfacet
  facet normal 4.435658e-01 -5.501937e-01 7.074859e-01
    outer loop
      vertex   3.000874e+01 2.194482e+01 -2.000000e+00
      vertex   3.042623e+01 2.163845e+01 -2.500000e+00
      vertex   3.013898e+01 2.204981e+01 -2.000000e+00
    endloop
  endfacet
  facet normal 4.590304e-01 -5.384170e-01 7.066811e-01
    outer loop
      vertex   3.013898e+01 2.204981e+01 -2.000000e+00
      vertex   3.042623e+01 2.163845e+01 -2.500000e+00
      vertex   3.056053e+01 2.175295e+01 -2.500000e+00
    endloop
  endfacet
  facet normal 4.636713e-01 -5.332816e-01 7.075448e-01
    outer loop
      vertex   3.013898e+01 2.204981e+01 -2.000000e+00
      vertex   3.056053e+01 2.175295e+01 -2.500000e+00
      vertex   3.026523e+01 2.215958e+01 -2.000000e+00
    endloop
  endfacet
  facet normal 4.777781e-01 -5.219168e-01 7.066336e-01
    outer loop
      vertex   3.026523e+01 2.215958e+01 -2.000000e+00
      vertex   3.056053e+01 2.175295e+01 -2.500000e+00
      vertex   3.069071e+01 2.187212e+01 -2.500000e+00
    endloop
  endfacet
  facet normal 4.831412e-01 -5.156445e-01 7.075912e-01
    outer loop
      vertex   3.026523e+01 2.215958e+01 -2.000000e+00
      vertex   3.069071e+01 2.187212e+01 -2.500000e+00
      vertex   3.038731e+01 2.227397e+01 -2.000000e+00
    endloop
  endfacet
  facet normal 4.959251e-01 -5.047560e-01 7.065972e-01
    outer loop
      vertex   3.038731e+01 2.227397e+01 -2.000000e+00
      vertex   3.069071e+01 2.187212e+01 -2.500000e+00
      vertex   3.081660e+01 2.199580e+01 -2.500000e+00
    endloop
  endfacet
  facet normal 5.019498e-01 -4.973059e-01 7.076251e-01
    outer loop
      vertex   3.038731e+01 2.227397e+01 -2.000000e+00
      vertex   3.081660e+01 2.199580e+01 -2.500000e+00
      vertex   3.050505e+01 2.239281e+01 -2.000000e+00
    endloop
  endfacet
  facet normal 5.134479e-01 -4.869569e-01 7.065722e-01
    outer loop
      vertex   3.050505e+01 2.239281e+01 -2.000000e+00
      vertex   3.081660e+01 2.199580e+01 -2.500000e+00
      vertex   3.093804e+01 2.212386e+01 -2.500000e+00
    endloop
  endfacet
  facet normal 5.200719e-01 -4.782901e-01 7.076466e-01
    outer loop
      vertex   3.050505e+01 2.239281e+01 -2.000000e+00
      vertex   3.093804e+01 2.212386e+01 -2.500000e+00
      vertex   3.061830e+01 2.251595e+01 -2.000000e+00
    endloop
  endfacet
  facet normal 5.303238e-01 -4.685423e-01 7.065584e-01
    outer loop
      vertex   3.061830e+01 2.251595e+01 -2.000000e+00
      vertex   3.093804e+01 2.212386e+01 -2.500000e+00
      vertex   3.105489e+01 2.225612e+01 -2.500000e+00
    endloop
  endfacet
  facet normal 5.374838e-01 -4.586227e-01 7.076556e-01
    outer loop
      vertex   3.061830e+01 2.251595e+01 -2.000000e+00
      vertex   3.105489e+01 2.225612e+01 -2.500000e+00
      vertex   3.072689e+01 2.264321e+01 -2.000000e+00
    endloop
  endfacet
  facet normal 5.465309e-01 -4.495361e-01 7.065559e-01
    outer loop
      vertex   3.072689e+01 2.264321e+01 -2.000000e+00
      vertex   3.105489e+01 2.225612e+01 -2.500000e+00
      vertex   3.116701e+01 2.239242e+01 -2.500000e+00
    endloop
  endfacet
  facet normal 5.541621e-01 -4.383296e-01 7.076521e-01
    outer loop
      vertex   3.072689e+01 2.264321e+01 -2.000000e+00
      vertex   3.116701e+01 2.239242e+01 -2.500000e+00
      vertex   3.083067e+01 2.277442e+01 -2.000000e+00
    endloop
  endfacet
  facet normal 5.620483e-01 -4.299629e-01 7.065647e-01
    outer loop
      vertex   3.083067e+01 2.277442e+01 -2.000000e+00
      vertex   3.116701e+01 2.239242e+01 -2.500000e+00
      vertex   3.127424e+01 2.253259e+01 -2.500000e+00
    endloop
  endfacet
  facet normal 5.700847e-01 -4.174379e-01 7.076362e-01
    outer loop
      vertex   3.083067e+01 2.277442e+01 -2.000000e+00
      vertex   3.127424e+01 2.253259e+01 -2.500000e+00
      vertex   3.092951e+01 2.290940e+01 -2.000000e+00
    endloop
  endfacet
  facet normal 5.768558e-01 -4.098480e-01 7.065847e-01
    outer loop
      vertex   3.092951e+01 2.290940e+01 -2.000000e+00
      vertex   3.127424e+01 2.253259e+01 -2.500000e+00
      vertex   3.137645e+01 2.267646e+01 -2.500000e+00
    endloop
  endfacet
  facet normal 5.852305e-01 -3.959753e-01 7.076078e-01
    outer loop
      vertex   3.092951e+01 2.290940e+01 -2.000000e+00
      vertex   3.137645e+01 2.267646e+01 -2.500000e+00
      vertex   3.102326e+01 2.304796e+01 -2.000000e+00
    endloop
  endfacet
  facet normal 5.909345e-01 -3.892174e-01 7.066160e-01
    outer loop
      vertex   3.102326e+01 2.304796e+01 -2.000000e+00
      vertex   3.137645e+01 2.267646e+01 -2.500000e+00
      vertex   3.147353e+01 2.282385e+01 -2.500000e+00
    endloop
  endfacet
  facet normal 5.995792e-01 -3.739703e-01 7.075670e-01
    outer loop
      vertex   3.102326e+01 2.304796e+01 -2.000000e+00
      vertex   3.147353e+01 2.282385e+01 -2.500000e+00
      vertex   3.111179e+01 2.318990e+01 -2.000000e+00
    endloop
  endfacet
  facet normal 6.042662e-01 -3.680979e-01 7.066586e-01
    outer loop
      vertex   3.111179e+01 2.318990e+01 -2.000000e+00
      vertex   3.147353e+01 2.282385e+01 -2.500000e+00
      vertex   3.156534e+01 2.297457e+01 -2.500000e+00
    endloop
  endfacet
  facet normal 6.131117e-01 -3.514520e-01 7.075136e-01
    outer loop
      vertex   3.111179e+01 2.318990e+01 -2.000000e+00
      vertex   3.156534e+01 2.297457e+01 -2.500000e+00
      vertex   3.119499e+01 2.333504e+01 -2.000000e+00
    endloop
  endfacet
  facet normal 6.168336e-01 -3.465168e-01 7.067124e-01
    outer loop
      vertex   3.119499e+01 2.333504e+01 -2.000000e+00
      vertex   3.156534e+01 2.297457e+01 -2.500000e+00
      vertex   3.165178e+01 2.312844e+01 -2.500000e+00
    endloop
  endfacet
  facet normal 6.258099e-01 -3.284504e-01 7.074478e-01
    outer loop
      vertex   3.119499e+01 2.333504e+01 -2.000000e+00
      vertex   3.165178e+01 2.312844e+01 -2.500000e+00
      vertex   3.127274e+01 2.348317e+01 -2.000000e+00
    endloop
  endfacet
  facet normal 6.286207e-01 -3.245022e-01 7.067775e-01
    outer loop
      vertex   3.127274e+01 2.348317e+01 -2.000000e+00
      vertex   3.165178e+01 2.312844e+01 -2.500000e+00
      vertex   3.173274e+01 2.328526e+01 -2.500000e+00
    endloop
  endfacet
  facet normal 6.376567e-01 -3.049958e-01 7.073694e-01
    outer loop
      vertex   3.127274e+01 2.348317e+01 -2.000000e+00
      vertex   3.173274e+01 2.328526e+01 -2.500000e+00
      vertex   3.134492e+01 2.363409e+01 -2.000000e+00
    endloop
  endfacet
  facet normal 6.396123e-01 -3.020825e-01 7.068538e-01
    outer loop
      vertex   3.134492e+01 2.363409e+01 -2.000000e+00
      vertex   3.173274e+01 2.328526e+01 -2.500000e+00
      vertex   3.180811e+01 2.344484e+01 -2.500000e+00
    endloop
  endfacet
  facet normal 6.486361e-01 -2.811195e-01 7.072786e-01
    outer loop
      vertex   3.134492e+01 2.363409e+01 -2.000000e+00
      vertex   3.180811e+01 2.344484e+01 -2.500000e+00
      vertex   3.141145e+01 2.378759e+01 -2.000000e+00
    endloop
  endfacet
  facet normal 6.497944e-01 -2.792869e-01 7.069413e-01
    outer loop
      vertex   3.141145e+01 2.378759e+01 -2.000000e+00
      vertex   3.180811e+01 2.344484e+01 -2.500000e+00
      vertex   3.187780e+01 2.360698e+01 -2.500000e+00
    endloop
  endfacet
  facet normal 6.587334e-01 -2.568529e-01 7.071752e-01
    outer loop
      vertex   3.141145e+01 2.378759e+01 -2.000000e+00
      vertex   3.187780e+01 2.360698e+01 -2.500000e+00
      vertex   3.147222e+01 2.394345e+01 -2.000000e+00
    endloop
  endfacet
  facet normal 6.591541e-01 -2.561450e-01 7.070400e-01
    outer loop
      vertex   3.147222e+01 2.394345e+01 -2.000000e+00
      vertex   3.187780e+01 2.360698e+01 -2.500000e+00
      vertex   3.194172e+01 2.377148e+01 -2.500000e+00
    endloop
  endfacet
  facet normal 6.677611e-01 -2.327152e-01 7.070635e-01
    outer loop
      vertex   3.147222e+01 2.394345e+01 -2.000000e+00
      vertex   3.194172e+01 2.377148e+01 -2.500000e+00
      vertex   3.199980e+01 2.393814e+01 -2.500000e+00
    endloop
  endfacet
  facet normal 6.678488e-01 -2.321984e-01 7.071506e-01
    outer loop
      vertex   3.147222e+01 2.394345e+01 -2.000000e+00
      vertex   3.199980e+01 2.393814e+01 -2.500000e+00
      vertex   3.152716e+01 2.410147e+01 -2.000000e+00
    endloop
  endfacet
  facet normal 6.756546e-01 -2.090339e-01 7.069623e-01
    outer loop
      vertex   3.152716e+01 2.410147e+01 -2.000000e+00
      vertex   3.199980e+01 2.393814e+01 -2.500000e+00
      vertex   3.205196e+01 2.410674e+01 -2.500000e+00
    endloop
  endfacet
  facet normal 6.759166e-01 -2.071829e-01 7.072567e-01
    outer loop
      vertex   3.152716e+01 2.410147e+01 -2.000000e+00
      vertex   3.205196e+01 2.410674e+01 -2.500000e+00
      vertex   3.157619e+01 2.426142e+01 -2.000000e+00
    endloop
  endfacet
  facet normal 6.826977e-01 -1.850824e-01 7.068723e-01
    outer loop
      vertex   3.157619e+01 2.426142e+01 -2.000000e+00
      vertex   3.205196e+01 2.410674e+01 -2.500000e+00
      vertex   3.209814e+01 2.427708e+01 -2.500000e+00
    endloop
  endfacet
  facet normal 6.830600e-01 -1.818917e-01 7.073503e-01
    outer loop
      vertex   3.157619e+01 2.426142e+01 -2.000000e+00
      vertex   3.209814e+01 2.427708e+01 -2.500000e+00
      vertex   3.161924e+01 2.442308e+01 -2.000000e+00
    endloop
  endfacet
  facet normal 6.888809e-01 -1.608916e-01 7.067935e-01
    outer loop
      vertex   3.161924e+01 2.442308e+01 -2.000000e+00
      vertex   3.209814e+01 2.427708e+01 -2.500000e+00
      vertex   3.213828e+01 2.444894e+01 -2.500000e+00
    endloop
  endfacet
  facet normal 6.892697e-01 -1.563587e-01 7.074314e-01
    outer loop
      vertex   3.161924e+01 2.442308e+01 -2.000000e+00
      vertex   3.213828e+01 2.444894e+01 -2.500000e+00
      vertex   3.165625e+01 2.458623e+01 -2.000000e+00
    endloop
  endfacet
  facet normal 6.941961e-01 -1.364928e-01 7.067259e-01
    outer loop
      vertex   3.165625e+01 2.458623e+01 -2.000000e+00
      vertex   3.213828e+01 2.444894e+01 -2.500000e+00
      vertex   3.217233e+01 2.462210e+01 -2.500000e+00
    endloop
  endfacet
  facet normal 6.945377e-01 -1.306178e-01 7.075001e-01
    outer loop
      vertex   3.165625e+01 2.458623e+01 -2.000000e+00
      vertex   3.217233e+01 2.462210e+01 -2.500000e+00
      vertex   3.168717e+01 2.475064e+01 -2.000000e+00
    endloop
  endfacet
  facet normal 6.986362e-01 -1.119174e-01 7.066696e-01
    outer loop
      vertex   3.168717e+01 2.475064e+01 -2.000000e+00
      vertex   3.217233e+01 2.462210e+01 -2.500000e+00
      vertex   3.220024e+01 2.479637e+01 -2.500000e+00
    endloop
  endfacet
  facet normal 6.988573e-01 -1.047032e-01 7.075562e-01
    outer loop
      vertex   3.168717e+01 2.475064e+01 -2.000000e+00
      vertex   3.220024e+01 2.479637e+01 -2.500000e+00
      vertex   3.171196e+01 2.491609e+01 -2.000000e+00
    endloop
  endfacet
  facet normal 7.021954e-01 -8.719738e-02 7.066245e-01
    outer loop
      vertex   3.171196e+01 2.491609e+01 -2.000000e+00
      vertex   3.220024e+01 2.479637e+01 -2.500000e+00
      vertex   3.222199e+01 2.497151e+01 -2.500000e+00
    endloop
  endfacet
  facet normal 7.022227e-01 -7.864941e-02 7.075998e-01
    outer loop
      vertex   3.171196e+01 2.491609e+01 -2.000000e+00
      vertex   3.222199e+01 2.497151e+01 -2.500000e+00
      vertex   3.173058e+01 2.508234e+01 -2.000000e+00
    endloop
  endfacet
  facet normal 7.048690e-01 -6.236453e-02 7.065907e-01
    outer loop
      vertex   3.173058e+01 2.508234e+01 -2.000000e+00
      vertex   3.222199e+01 2.497151e+01 -2.500000e+00
      vertex   3.223755e+01 2.514731e+01 -2.500000e+00
    endloop
  endfacet
  facet normal 7.046297e-01 -5.249109e-02 7.076310e-01
    outer loop
      vertex   3.173058e+01 2.508234e+01 -2.000000e+00
      vertex   3.223755e+01 2.514731e+01 -2.500000e+00
      vertex   3.174300e+01 2.524917e+01 -2.000000e+00
    endloop
  endfacet
  facet normal 7.066533e-01 -3.745102e-02 7.065682e-01
    outer loop
      vertex   3.174300e+01 2.524917e+01 -2.000000e+00
      vertex   3.223755e+01 2.514731e+01 -2.500000e+00
      vertex   3.224689e+01 2.532354e+01 -2.500000e+00
    endloop
  endfacet
  facet normal 7.060752e-01 -2.626300e-02 7.076497e-01
    outer loop
      vertex   3.174300e+01 2.524917e+01 -2.000000e+00
      vertex   3.224689e+01 2.532354e+01 -2.500000e+00
      vertex   3.174922e+01 2.541635e+01 -2.000000e+00
    endloop
  endfacet
  facet normal 7.075460e-01 -1.248906e-02 7.065569e-01
    outer loop
      vertex   3.174922e+01 2.541635e+01 -2.000000e+00
      vertex   3.224689e+01 2.532354e+01 -2.500000e+00
      vertex   3.225000e+01 2.550000e+01 -2.500000e+00
    endloop
  endfacet
  facet normal 7.065572e-01 -0.000000e+00 7.076559e-01
    outer loop
      vertex   3.174922e+01 2.541635e+01 -2.000000e+00
      vertex   3.225000e+01 2.550000e+01 -2.500000e+00
      vertex   3.174922e+01 2.558365e+01 -2.000000e+00
    endloop
  endfacet
  facet normal 7.075460e-01 1.248906e-02 7.065569e-01
    outer loop
      vertex   3.174922e+01 2.558365e+01 -2.000000e+00
      vertex   3.225000e+01 2.550000e+01 -2.500000e+00
      vertex   3.224689e+01 2.567646e+01 -2.500000e+00
    endloop
  endfacet
  facet normal 7.060752e-01 2.626300e-02 7.076497e-01
    outer loop
      vertex   3.174922e+01 2.558365e+01 -2.000000e+00
      vertex   3.224689e+01 2.567646e+01 -2.500000e+00
      vertex   3.174300e+01 2.575083e+01 -2.000000e+00
    endloop
  endfacet
  facet normal 7.066533e-01 3.745102e-02 7.065682e-01
    outer loop
      vertex   3.174300e+01 2.575083e+01 -2.000000e+00
      vertex   3.224689e+01 2.567646e+01 -2.500000e+00
      vertex   3.223755e+01 2.585269e+01 -2.500000e+00
    endloop
  endfacet
  facet normal 7.046297e-01 5.249109e-02 7.076310e-01
    outer loop
      vertex   3.174300e+01 2.575083e+01 -2.000000e+00
      vertex   3.223755e+01 2.585269e+01 -2.500000e+00
      vertex   3.173058e+01 2.591766e+01 -2.000000e+00
    endloop
  endfacet
  facet normal 7.048690e-01 6.236453e-02 7.065907e-01
    outer loop
      vertex   3.173058e+01 2.591766e+01 -2.000000e+00
      vertex   3.223755e+01 2.585269e+01 -2.500000e+00
      vertex   3.222199e+01 2.602849e+01 -2.500000e+00
    endloop
  endfacet
  facet normal 7.022227e-01 7.864941e-02 7.075998e-01
    outer loop
      vertex   3.173058e+01 2.591766e+01 -2.000000e+00
      vertex   3.222199e+01 2.602849e+01 -2.500000e+00
      vertex   3.171196e+01 2.608391e+01 -2.000000e+00
    endloop
  endfacet
  facet normal 7.021954e-01 8.719738e-02 7.066245e-01
    outer loop
      vertex   3.171196e+01 2.608391e+01 -2.000000e+00
      vertex   3.222199e+01 2.602849e+01 -2.500000e+00
      vertex   3.220024e+01 2.620363e+01 -2.500000e+00
    endloop
  endfacet
  facet normal 6.988573e-01 1.047032e-01 7.075562e-01
    outer loop
      vertex   3.171196e+01 2.608391e+01 -2.000000e+00
      vertex   3.220024e+01 2.620363e+01 -2.500000e+00
      vertex   3.168717e+01 2.624936e+01 -2.000000e+00
    endloop
  endfacet
  facet normal 6.986362e-01 1.119174e-01 7.066696e-01
    outer loop
      vertex   3.168717e+01 2.624936e+01 -2.000000e+00
      vertex   3.220024e+01 2.620363e+01 -2.500000e+00
      vertex   3.217233e+01 2.637790e+01 -2.500000e+00
    endloop
  endfacet
  facet normal 6.945377e-01 1.306178e-01 7.075001e-01
    outer loop
      vertex   3.168717e+01 2.624936e+01 -2.000000e+00
      vertex   3.217233e+01 2.637790e+01 -2.500000e+00
      vertex   3.165625e+01 2.641377e+01 -2.000000e+00
    endloop
  endfacet
  facet normal 6.941961e-01 1.364928e-01 7.067259e-01
    outer loop
      vertex   3.165625e+01 2.641377e+01 -2.000000e+00
      vertex   3.217233e+01 2.637790e+01 -2.500000e+00
      vertex   3.213828e+01 2.655106e+01 -2.500000e+00
    endloop
  endfacet
  facet normal 6.892697e-01 1.563587e-01 7.074314e-01
    outer loop
      vertex   3.165625e+01 2.641377e+01 -2.000000e+00
      vertex   3.213828e+01 2.655106e+01 -2.500000e+00
      vertex   3.161924e+01 2.657692e+01 -2.000000e+00
    endloop
  endfacet
  facet normal 6.888809e-01 1.608916e-01 7.067935e-01
    outer loop
      vertex   3.161924e+01 2.657692e+01 -2.000000e+00
      vertex   3.213828e+01 2.655106e+01 -2.500000e+00
      vertex   3.209814e+01 2.672292e+01 -2.500000e+00
    endloop
  endfacet
  facet normal 6.830600e-01 1.818917e-01 7.073503e-01
    outer loop
      vertex   3.161924e+01 2.657692e+01 -2.000000e+00
      vertex   3.209814e+01 2.672292e+01 -2.500000e+00
      vertex   3.157619e+01 2.673858e+01 -2.000000e+00
    endloop
  endfacet
  facet normal 6.826977e-01 1.850824e-01 7.068723e-01
    outer loop
      vertex   3.157619e+01 2.673858e+01 -2.000000e+00
      vertex   3.209814e+01 2.672292e+01 -2.500000e+00
      vertex   3.205196e+01 2.689326e+01 -2.500000e+00
    endloop
  endfacet
  facet normal 6.759166e-01 2.071829e-01 7.072567e-01
    outer loop
      vertex   3.157619e+01 2.673858e+01 -2.000000e+00
      vertex   3.205196e+01 2.689326e+01 -2.500000e+00
      vertex   3.152716e+01 2.689853e+01 -2.000000e+00
    endloop
  endfacet
  facet normal 6.756546e-01 2.090339e-01 7.069623e-01
    outer loop
      vertex   3.152716e+01 2.689853e+01 -2.000000e+00
      vertex   3.205196e+01 2.689326e+01 -2.500000e+00
      vertex   3.199980e+01 2.706186e+01 -2.500000e+00
    endloop
  endfacet
  facet normal 6.678488e-01 2.321984e-01 7.071506e-01
    outer loop
      vertex   3.152716e+01 2.689853e+01 -2.000000e+00
      vertex   3.199980e+01 2.706186e+01 -2.500000e+00
      vertex   3.147222e+01 2.705655e+01 -2.000000e+00
    endloop
  endfacet
  facet normal 6.677611e-01 2.327152e-01 7.070635e-01
    outer loop
      vertex   3.147222e+01 2.705655e+01 -2.000000e+00
      vertex   3.199980e+01 2.706186e+01 -2.500000e+00
      vertex   3.194172e+01 2.722852e+01 -2.500000e+00
    endloop
  endfacet
  facet normal 6.591541e-01 2.561450e-01 7.070400e-01
    outer loop
      vertex   3.147222e+01 2.705655e+01 -2.000000e+00
      vertex   3.194172e+01 2.722852e+01 -2.500000e+00
      vertex   3.187780e+01 2.739302e+01 -2.500000e+00
    endloop
  endfacet
  facet normal 6.587334e-01 2.568529e-01 7.071752e-01
    outer loop
      vertex   3.147222e+01 2.705655e+01 -2.000000e+00
      vertex   3.187780e+01 2.739302e+01 -2.500000e+00
      vertex   3.141145e+01 2.721241e+01 -2.000000e+00
    endloop
  endfacet
  facet normal 6.497944e-01 2.792869e-01 7.069413e-01
    outer loop
      vertex   3.141145e+01 2.721241e+01 -2.000000e+00
      vertex   3.187780e+01 2.739302e+01 -2.500000e+00
      vertex   3.180811e+01 2.755516e+01 -2.500000e+00
    endloop
  endfacet
  facet normal 6.486361e-01 2.811195e-01 7.072786e-01
    outer loop
      vertex   3.141145e+01 2.721241e+01 -2.000000e+00
      vertex   3.180811e+01 2.755516e+01 -2.500000e+00
      vertex   3.134492e+01 2.736591e+01 -2.000000e+00
    endloop
  endfacet
  facet normal 6.396123e-01 3.020825e-01 7.068538e-01
    outer loop
      vertex   3.134492e+01 2.736591e+01 -2.000000e+00
      vertex   3.180811e+01 2.755516e+01 -2.500000e+00
      vertex   3.173274e+01 2.771474e+01 -2.500000e+00
    endloop
  endfacet
  facet normal 6.376567e-01 3.049958e-01 7.073694e-01
    outer loop
      vertex   3.134492e+01 2.736591e+01 -2.000000e+00
      vertex   3.173274e+01 2.771474e+01 -2.500000e+00
      vertex   3.127274e+01 2.751683e+01 -2.000000e+00
    endloop
  endfacet
  facet normal 6.286207e-01 3.245022e-01 7.067775e-01
    outer loop
      vertex   3.127274e+01 2.751683e+01 -2.000000e+00
      vertex   3.173274e+01 2.771474e+01 -2.500000e+00
      vertex   3.165178e+01 2.787156e+01 -2.500000e+00
    endloop
  endfacet
  facet normal 6.258099e-01 3.284504e-01 7.074478e-01
    outer loop
      vertex   3.127274e+01 2.751683e+01 -2.000000e+00
      vertex   3.165178e+01 2.787156e+01 -2.500000e+00
      vertex   3.119499e+01 2.766496e+01 -2.000000e+00
    endloop
  endfacet
  facet normal 6.168336e-01 3.465168e-01 7.067124e-01
    outer loop
      vertex   3.119499e+01 2.766496e+01 -2.000000e+00
      vertex   3.165178e+01 2.787156e+01 -2.500000e+00
      vertex   3.156534e+01 2.802543e+01 -2.500000e+00
    endloop
  endfacet
  facet normal 6.131117e-01 3.514520e-01 7.075136e-01
    outer loop
      vertex   3.119499e+01 2.766496e+01 -2.000000e+00
      vertex   3.156534e+01 2.802543e+01 -2.500000e+00
      vertex   3.111179e+01 2.781010e+01 -2.000000e+00
    endloop
  endfacet
  facet normal 6.042662e-01 3.680979e-01 7.066586e-01
    outer loop
      vertex   3.111179e+01 2.781010e+01 -2.000000e+00
      vertex   3.156534e+01 2.802543e+01 -2.500000e+00
      vertex   3.147353e+01 2.817615e+01 -2.500000e+00
    endloop
  endfacet
  facet normal 5.995792e-01 3.739703e-01 7.075670e-01
    outer loop
      vertex   3.111179e+01 2.781010e+01 -2.000000e+00
      vertex   3.147353e+01 2.817615e+01 -2.500000e+00
      vertex   3.102326e+01 2.795204e+01 -2.000000e+00
    endloop
  endfacet
  facet normal 5.909345e-01 3.892174e-01 7.066160e-01
    outer loop
      vertex   3.102326e+01 2.795204e+01 -2.000000e+00
      vertex   3.147353e+01 2.817615e+01 -2.500000e+00
      vertex   3.137645e+01 2.832354e+01 -2.500000e+00
    endloop
  endfacet
  facet normal 5.852305e-01 3.959753e-01 7.076078e-01
    outer loop
      vertex   3.102326e+01 2.795204e+01 -2.000000e+00
      vertex   3.137645e+01 2.832354e+01 -2.500000e+00
      vertex   3.092951e+01 2.809060e+01 -2.000000e+00
    endloop
  endfacet
  facet normal 5.768558e-01 4.098480e-01 7.065847e-01
    outer loop
      vertex   3.092951e+01 2.809060e+01 -2.000000e+00
      vertex   3.137645e+01 2.832354e+01 -2.500000e+00
      vertex   3.127424e+01 2.846741e+01 -2.500000e+00
    endloop
  endfacet
  facet normal 5.700847e-01 4.174379e-01 7.076362e-01
    outer loop
      vertex   3.092951e+01 2.809060e+01 -2.000000e+00
      vertex   3.127424e+01 2.846741e+01 -2.500000e+00
      vertex   3.083067e+01 2.822558e+01 -2.000000e+00
    endloop
  endfacet
  facet normal 5.620483e-01 4.299629e-01 7.065647e-01
    outer loop
      vertex   3.083067e+01 2.822558e+01 -2.000000e+00
      vertex   3.127424e+01 2.846741e+01 -2.500000e+00
      vertex   3.116701e+01 2.860758e+01 -2.500000e+00
    endloop
  endfacet
  facet normal 5.541621e-01 4.383296e-01 7.076521e-01
    outer loop
      vertex   3.083067e+01 2.822558e+01 -2.000000e+00
      vertex   3.116701e+01 2.860758e+01 -2.500000e+00
      vertex   3.072689e+01 2.835679e+01 -2.000000e+00
    endloop
  endfacet
  facet normal 5.465309e-01 4.495361e-01 7.065559e-01
    outer loop
      vertex   3.072689e+01 2.835679e+01 -2.000000e+00
      vertex   3.116701e+01 2.860758e+01 -2.500000e+00
      vertex   3.105489e+01 2.874388e+01 -2.500000e+00
    endloop
  endfacet
  facet normal 5.374838e-01 4.586227e-01 7.076556e-01
    outer loop
      vertex   3.072689e+01 2.835679e+01 -2.000000e+00
      vertex   3.105489e+01 2.874388e+01 -2.500000e+00
      vertex   3.061830e+01 2.848405e+01 -2.000000e+00
    endloop
  endfacet
  facet normal 5.303238e-01 4.685423e-01 7.065584e-01
    outer loop
      vertex   3.061830e+01 2.848405e+01 -2.000000e+00
      vertex   3.105489e+01 2.874388e+01 -2.500000e+00
      vertex   3.093804e+01 2.887614e+01 -2.500000e+00
    endloop
  endfacet
  facet normal 5.200719e-01 4.782901e-01 7.076466e-01
    outer loop
      vertex   3.061830e+01 2.848405e+01 -2.000000e+00
      vertex   3.093804e+01 2.887614e+01 -2.500000e+00
      vertex   3.050505e+01 2.860719e+01 -2.000000e+00
    endloop
  endfacet
  facet normal 5.134479e-01 4.869569e-01 7.065722e-01
    outer loop
      vertex   3.050505e+01 2.860719e+01 -2.000000e+00
      vertex   3.093804e+01 2.887614e+01 -2.500000e+00
      vertex   3.081660e+01 2.900420e+01 -2.500000e+00
    endloop
  endfacet
  facet normal 5.019498e-01 4.973059e-01 7.076251e-01
    outer loop
      vertex   3.050505e+01 2.860719e+01 -2.000000e+00
      vertex   3.081660e+01 2.900420e+01 -2.500000e+00
      vertex   3.038731e+01 2.872603e+01 -2.000000e+00
    endloop
  endfacet
  facet normal 4.959251e-01 5.047560e-01 7.065972e-01
    outer loop
      vertex   3.038731e+01 2.872603e+01 -2.000000e+00
      vertex   3.081660e+01 2.900420e+01 -2.500000e+00
      vertex   3.069071e+01 2.912788e+01 -2.500000e+00
    endloop
  endfacet
  facet normal 4.831412e-01 5.156445e-01 7.075912e-01
    outer loop
      vertex   3.038731e+01 2.872603e+01 -2.000000e+00
      vertex   3.069071e+01 2.912788e+01 -2.500000e+00
      vertex   3.026523e+01 2.884042e+01 -2.000000e+00
    endloop
  endfacet
  facet normal 4.777781e-01 5.219168e-01 7.066336e-01
    outer loop
      vertex   3.026523e+01 2.884042e+01 -2.000000e+00
      vertex   3.069071e+01 2.912788e+01 -2.500000e+00
      vertex   3.056053e+01 2.924705e+01 -2.500000e+00
    endloop
  endfacet
  facet normal 4.636713e-01 5.332816e-01 7.075448e-01
    outer loop
      vertex   3.026523e+01 2.884042e+01 -2.000000e+00
      vertex   3.056053e+01 2.924705e+01 -2.500000e+00
      vertex   3.013898e+01 2.895019e+01 -2.000000e+00
    endloop
  endfacet
  facet normal 4.590304e-01 5.384170e-01 7.066811e-01
    outer loop
      vertex   3.013898e+01 2.895019e+01 -2.000000e+00
      vertex   3.056053e+01 2.924705e+01 -2.500000e+00
      vertex   3.042623e+01 2.936155e+01 -2.500000e+00
    endloop
  endfacet
  facet normal 4.435658e-01 5.501937e-01 7.074859e-01
    outer loop
      vertex   3.013898e+01 2.895019e+01 -2.000000e+00
      vertex   3.042623e+01 2.936155e+01 -2.500000e+00
      vertex   3.000874e+01 2.905518e+01 -2.000000e+00
    endloop
  endfacet
  facet normal 4.397065e-01 5.542354e-01 7.067399e-01
    outer loop
      vertex   3.000874e+01 2.905518e+01 -2.000000e+00
      vertex   3.042623e+01 2.936155e+01 -2.500000e+00
      vertex   3.028797e+01 2.947124e+01 -2.500000e+00
    endloop
  endfacet
  facet normal 4.228513e-01 5.663581e-01 7.074145e-01
    outer loop
      vertex   3.000874e+01 2.905518e+01 -2.000000e+00
      vertex   3.028797e+01 2.947124e+01 -2.500000e+00
      vertex   2.987469e+01 2.915527e+01 -2.000000e+00
    endloop
  endfacet
  facet normal 4.198312e-01 5.693517e-01 7.068100e-01
    outer loop
      vertex   2.987469e+01 2.915527e+01 -2.000000e+00
      vertex   3.028797e+01 2.947124e+01 -2.500000e+00
      vertex   3.014593e+01 2.957598e+01 -2.500000e+00
    endloop
  endfacet
  facet normal 4.015552e-01 5.817532e-01 7.073306e-01
    outer loop
      vertex   2.987469e+01 2.915527e+01 -2.000000e+00
      vertex   3.014593e+01 2.957598e+01 -2.500000e+00
      vertex   2.973701e+01 2.925030e+01 -2.000000e+00
    endloop
  endfacet
  facet normal 3.994306e-01 5.837465e-01 7.068913e-01
    outer loop
      vertex   2.973701e+01 2.925030e+01 -2.000000e+00
      vertex   3.014593e+01 2.957598e+01 -2.500000e+00
      vertex   3.000028e+01 2.967564e+01 -2.500000e+00
    endloop
  endfacet
  facet normal 3.797058e-01 5.963584e-01 7.072342e-01
    outer loop
      vertex   2.973701e+01 2.925030e+01 -2.000000e+00
      vertex   3.000028e+01 2.967564e+01 -2.500000e+00
      vertex   2.959589e+01 2.934016e+01 -2.000000e+00
    endloop
  endfacet
  facet normal 3.785310e-01 5.974012e-01 7.069838e-01
    outer loop
      vertex   2.959589e+01 2.934016e+01 -2.000000e+00
      vertex   3.000028e+01 2.967564e+01 -2.500000e+00
      vertex   2.985120e+01 2.977010e+01 -2.500000e+00
    endloop
  endfacet
  facet normal 3.573318e-01 6.101540e-01 7.071253e-01
    outer loop
      vertex   2.959589e+01 2.934016e+01 -2.000000e+00
      vertex   2.985120e+01 2.977010e+01 -2.500000e+00
      vertex   2.945153e+01 2.942470e+01 -2.000000e+00
    endloop
  endfacet
  facet normal 3.571596e-01 6.102985e-01 7.070875e-01
    outer loop
      vertex   2.945153e+01 2.942470e+01 -2.000000e+00
      vertex   2.985120e+01 2.977010e+01 -2.500000e+00
      vertex   2.969888e+01 2.985924e+01 -2.500000e+00
    endloop
  endfacet
  facet normal 3.354322e-01 6.225849e-01 7.070171e-01
    outer loop
      vertex   2.945153e+01 2.942470e+01 -2.000000e+00
      vertex   2.969888e+01 2.985924e+01 -2.500000e+00
      vertex   2.954351e+01 2.994295e+01 -2.500000e+00
    endloop
  endfacet
  facet normal 3.343704e-01 6.229491e-01 7.071993e-01
    outer loop
      vertex   2.945153e+01 2.942470e+01 -2.000000e+00
      vertex   2.954351e+01 2.994295e+01 -2.500000e+00
      vertex   2.930413e+01 2.950382e+01 -2.000000e+00
    endloop
  endfacet
  facet normal 3.132939e-01 6.341213e-01 7.069209e-01
    outer loop
      vertex   2.930413e+01 2.950382e+01 -2.000000e+00
      vertex   2.954351e+01 2.994295e+01 -2.500000e+00
      vertex   2.938528e+01 3.002112e+01 -2.500000e+00
    endloop
  endfacet
  facet normal 3.109400e-01 6.348568e-01 7.072999e-01
    outer loop
      vertex   2.930413e+01 2.950382e+01 -2.000000e+00
      vertex   2.938528e+01 3.002112e+01 -2.500000e+00
      vertex   2.915389e+01 2.957740e+01 -2.000000e+00
    endloop
  endfacet
  facet normal 2.907546e-01 6.448603e-01 7.068358e-01
    outer loop
      vertex   2.915389e+01 2.957740e+01 -2.000000e+00
      vertex   2.938528e+01 3.002112e+01 -2.500000e+00
      vertex   2.922439e+01 3.009367e+01 -2.500000e+00
    endloop
  endfacet
  facet normal 2.870917e-01 6.458953e-01 7.073879e-01
    outer loop
      vertex   2.915389e+01 2.957740e+01 -2.000000e+00
      vertex   2.922439e+01 3.009367e+01 -2.500000e+00
      vertex   2.900101e+01 2.964535e+01 -2.000000e+00
    endloop
  endfacet
  facet normal 2.678434e-01 6.547880e-01 7.067620e-01
    outer loop
      vertex   2.900101e+01 2.964535e+01 -2.000000e+00
      vertex   2.922439e+01 3.009367e+01 -2.500000e+00
      vertex   2.906105e+01 3.016048e+01 -2.500000e+00
    endloop
  endfacet
  facet normal 2.628572e-01 6.560499e-01 7.074635e-01
    outer loop
      vertex   2.900101e+01 2.964535e+01 -2.000000e+00
      vertex   2.906105e+01 3.016048e+01 -2.500000e+00
      vertex   2.884572e+01 2.970757e+01 -2.000000e+00
    endloop
  endfacet
  facet normal 2.445897e-01 6.638914e-01 7.066995e-01
    outer loop
      vertex   2.884572e+01 2.970757e+01 -2.000000e+00
      vertex   2.906105e+01 3.016048e+01 -2.500000e+00
      vertex   2.889544e+01 3.022149e+01 -2.500000e+00
    endloop
  endfacet
  facet normal 2.382689e-01 6.653076e-01 7.075265e-01
    outer loop
      vertex   2.884572e+01 2.970757e+01 -2.000000e+00
      vertex   2.889544e+01 3.022149e+01 -2.500000e+00
      vertex   2.868822e+01 2.976398e+01 -2.000000e+00
    endloop
  endfacet
  facet normal 2.210237e-01 6.721584e-01 7.066482e-01
    outer loop
      vertex   2.868822e+01 2.976398e+01 -2.000000e+00
      vertex   2.889544e+01 3.022149e+01 -2.500000e+00
      vertex   2.872779e+01 3.027662e+01 -2.500000e+00
    endloop
  endfacet
  facet normal 2.133594e-01 6.736560e-01 7.075771e-01
    outer loop
      vertex   2.868822e+01 2.976398e+01 -2.000000e+00
      vertex   2.872779e+01 3.027662e+01 -2.500000e+00
      vertex   2.852874e+01 2.981449e+01 -2.000000e+00
    endloop
  endfacet
  facet normal 1.971757e-01 6.795784e-01 7.066081e-01
    outer loop
      vertex   2.852874e+01 2.981449e+01 -2.000000e+00
      vertex   2.872779e+01 3.027662e+01 -2.500000e+00
      vertex   2.855830e+01 3.032580e+01 -2.500000e+00
    endloop
  endfacet
  facet normal 1.881620e-01 6.810843e-01 7.076152e-01
    outer loop
      vertex   2.852874e+01 2.981449e+01 -2.000000e+00
      vertex   2.855830e+01 3.032580e+01 -2.500000e+00
      vertex   2.836748e+01 2.985904e+01 -2.000000e+00
    endloop
  endfacet
  facet normal 1.730766e-01 6.861415e-01 7.065793e-01
    outer loop
      vertex   2.836748e+01 2.985904e+01 -2.000000e+00
      vertex   2.855830e+01 3.032580e+01 -2.500000e+00
      vertex   2.838717e+01 3.036897e+01 -2.500000e+00
    endloop
  endfacet
  facet normal 1.627101e-01 6.875826e-01 7.076408e-01
    outer loop
      vertex   2.836748e+01 2.985904e+01 -2.000000e+00
      vertex   2.838717e+01 3.036897e+01 -2.500000e+00
      vertex   2.820469e+01 2.989756e+01 -2.000000e+00
    endloop
  endfacet
  facet normal 1.487575e-01 6.918393e-01 7.065618e-01
    outer loop
      vertex   2.820469e+01 2.989756e+01 -2.000000e+00
      vertex   2.838717e+01 3.036897e+01 -2.500000e+00
      vertex   2.821463e+01 3.040607e+01 -2.500000e+00
    endloop
  endfacet
  facet normal 1.370376e-01 6.931425e-01 7.076540e-01
    outer loop
      vertex   2.820469e+01 2.989756e+01 -2.000000e+00
      vertex   2.821463e+01 3.040607e+01 -2.500000e+00
      vertex   2.804057e+01 2.993001e+01 -2.000000e+00
    endloop
  endfacet
  facet normal 1.242499e-01 6.966644e-01 7.065555e-01
    outer loop
      vertex   2.804057e+01 2.993001e+01 -2.000000e+00
      vertex   2.821463e+01 3.040607e+01 -2.500000e+00
      vertex   2.804089e+01 3.043705e+01 -2.500000e+00
    endloop
  endfacet
  facet normal 1.111787e-01 6.977565e-01 7.076547e-01
    outer loop
      vertex   2.804057e+01 2.993001e+01 -2.000000e+00
      vertex   2.804089e+01 3.043705e+01 -2.500000e+00
      vertex   2.787536e+01 2.995634e+01 -2.000000e+00
    endloop
  endfacet
  facet normal 9.958547e-02 7.006104e-01 7.065605e-01
    outer loop
      vertex   2.787536e+01 2.995634e+01 -2.000000e+00
      vertex   2.804089e+01 3.043705e+01 -2.500000e+00
      vertex   2.786616e+01 3.046189e+01 -2.500000e+00
    endloop
  endfacet
  facet normal 8.516763e-02 7.014186e-01 7.076429e-01
    outer loop
      vertex   2.787536e+01 2.995634e+01 -2.000000e+00
      vertex   2.786616e+01 3.046189e+01 -2.500000e+00
      vertex   2.770928e+01 2.997650e+01 -2.000000e+00
    endloop
  endfacet
  facet normal 7.479615e-02 7.036723e-01 7.065768e-01
    outer loop
      vertex   2.770928e+01 2.997650e+01 -2.000000e+00
      vertex   2.786616e+01 3.046189e+01 -2.500000e+00
      vertex   2.769066e+01 3.048054e+01 -2.500000e+00
    endloop
  endfacet
  facet normal 5.903905e-02 7.041237e-01 7.076187e-01
    outer loop
      vertex   2.770928e+01 2.997650e+01 -2.000000e+00
      vertex   2.769066e+01 3.048054e+01 -2.500000e+00
      vertex   2.754258e+01 2.999048e+01 -2.000000e+00
    endloop
  endfacet
  facet normal 4.991399e-02 7.058462e-01 7.066043e-01
    outer loop
      vertex   2.754258e+01 2.999048e+01 -2.000000e+00
      vertex   2.769066e+01 3.048054e+01 -2.500000e+00
      vertex   2.751462e+01 3.049299e+01 -2.500000e+00
    endloop
  endfacet
  facet normal 3.282764e-02 7.058683e-01 7.075820e-01
    outer loop
      vertex   2.754258e+01 2.999048e+01 -2.000000e+00
      vertex   2.751462e+01 3.049299e+01 -2.500000e+00
      vertex   2.737546e+01 2.999825e+01 -2.000000e+00
    endloop
  endfacet
  facet normal 2.497118e-02 7.071293e-01 7.066432e-01
    outer loop
      vertex   2.737546e+01 2.999825e+01 -2.000000e+00
      vertex   2.751462e+01 3.049299e+01 -2.500000e+00
      vertex   2.733824e+01 3.049922e+01 -2.500000e+00
    endloop
  endfacet
  facet normal 6.568256e-03 7.066500e-01 7.075328e-01
    outer loop
      vertex   2.737546e+01 2.999825e+01 -2.000000e+00
      vertex   2.733824e+01 3.049922e+01 -2.500000e+00
      vertex   2.720817e+01 2.999981e+01 -2.000000e+00
    endloop
  endfacet
  facet normal 0.000000e+00 7.075201e-01 7.066932e-01
    outer loop
      vertex   2.720817e+01 2.999981e+01 -2.000000e+00
      vertex   2.733824e+01 3.049922e+01 -2.500000e+00
      vertex   2.716176e+01 3.049922e+01 -2.500000e+00
    endloop
  endfacet
  facet normal -1.970422e-02 7.064675e-01 7.074711e-01
    outer loop
      vertex   2.720817e+01 2.999981e+01 -2.000000e+00
      vertex   2.716176e+01 3.049922e+01 -2.500000e+00
      vertex   2.704095e+01 2.999514e+01 -2.000000e+00
    endloop
  endfacet
  facet normal -2.496726e-02 7.070182e-01 7.067545e-01
    outer loop
      vertex   2.704095e+01 2.999514e+01 -2.000000e+00
      vertex   2.716176e+01 3.049922e+01 -2.500000e+00
      vertex   2.698538e+01 3.049299e+01 -2.500000e+00
    endloop
  endfacet
  facet normal -4.595486e-02 7.053210e-01 7.073969e-01
    outer loop
      vertex   2.704095e+01 2.999514e+01 -2.000000e+00
      vertex   2.698538e+01 3.049299e+01 -2.500000e+00
      vertex   2.687401e+01 2.998426e+01 -2.000000e+00
    endloop
  endfacet
  facet normal -4.989830e-02 7.056243e-01 7.068271e-01
    outer loop
      vertex   2.687401e+01 2.998426e+01 -2.000000e+00
      vertex   2.698538e+01 3.049299e+01 -2.500000e+00
      vertex   2.680934e+01 3.048054e+01 -2.500000e+00
    endloop
  endfacet
  facet normal -7.214877e-02 7.032117e-01 7.073103e-01
    outer loop
      vertex   2.687401e+01 2.998426e+01 -2.000000e+00
      vertex   2.680934e+01 3.048054e+01 -2.500000e+00
      vertex   2.670758e+01 2.996719e+01 -2.000000e+00
    endloop
  endfacet
  facet normal -7.476088e-02 7.033405e-01 7.069109e-01
    outer loop
      vertex   2.670758e+01 2.996719e+01 -2.000000e+00
      vertex   2.680934e+01 3.048054e+01 -2.500000e+00
      vertex   2.663384e+01 3.046189e+01 -2.500000e+00
    endloop
  endfacet
  facet normal -9.825111e-02 7.001423e-01 7.072111e-01
    outer loop
      vertex   2.670758e+01 2.996719e+01 -2.000000e+00
      vertex   2.663384e+01 3.046189e+01 -2.500000e+00
      vertex   2.654191e+01 2.994394e+01 -2.000000e+00
    endloop
  endfacet
  facet normal -9.952286e-02 7.001699e-01 7.070059e-01
    outer loop
      vertex   2.654191e+01 2.994394e+01 -2.000000e+00
      vertex   2.663384e+01 3.046189e+01 -2.500000e+00
      vertex   2.645911e+01 3.043705e+01 -2.500000e+00
    endloop
  endfacet
  facet normal -1.241544e-01 6.961290e-01 7.070997e-01
    outer loop
      vertex   2.654191e+01 2.994394e+01 -2.000000e+00
      vertex   2.645911e+01 3.043705e+01 -2.500000e+00
      vertex   2.628537e+01 3.040607e+01 -2.500000e+00
    endloop
  endfacet
  facet normal -1.242249e-01 6.961036e-01 7.071124e-01
    outer loop
      vertex   2.654191e+01 2.994394e+01 -2.000000e+00
      vertex   2.628537e+01 3.040607e+01 -2.500000e+00
      vertex   2.637722e+01 2.991455e+01 -2.000000e+00
    endloop
  endfacet
  facet normal -1.486665e-01 6.914164e-01 7.069948e-01
    outer loop
      vertex   2.637722e+01 2.991455e+01 -2.000000e+00
      vertex   2.628537e+01 3.040607e+01 -2.500000e+00
      vertex   2.611283e+01 3.036897e+01 -2.500000e+00
    endloop
  endfacet
  facet normal -1.499898e-01 6.908973e-01 7.072227e-01
    outer loop
      vertex   2.637722e+01 2.991455e+01 -2.000000e+00
      vertex   2.611283e+01 3.036897e+01 -2.500000e+00
      vertex   2.621374e+01 2.987906e+01 -2.000000e+00
    endloop
  endfacet
  facet normal -1.729979e-01 6.858299e-01 7.069010e-01
    outer loop
      vertex   2.621374e+01 2.987906e+01 -2.000000e+00
      vertex   2.611283e+01 3.036897e+01 -2.500000e+00
      vertex   2.594170e+01 3.032580e+01 -2.500000e+00
    endloop
  endfacet
  facet normal -1.755426e-01 6.847499e-01 7.073205e-01
    outer loop
      vertex   2.621374e+01 2.987906e+01 -2.000000e+00
      vertex   2.594170e+01 3.032580e+01 -2.500000e+00
      vertex   2.605168e+01 2.983751e+01 -2.000000e+00
    endloop
  endfacet
  facet normal -1.971171e-01 6.793765e-01 7.068185e-01
    outer loop
      vertex   2.605168e+01 2.983751e+01 -2.000000e+00
      vertex   2.594170e+01 3.032580e+01 -2.500000e+00
      vertex   2.577221e+01 3.027662e+01 -2.500000e+00
    endloop
  endfacet
  facet normal -2.008492e-01 6.776700e-01 7.074058e-01
    outer loop
      vertex   2.605168e+01 2.983751e+01 -2.000000e+00
      vertex   2.577221e+01 3.027662e+01 -2.500000e+00
      vertex   2.589128e+01 2.978998e+01 -2.000000e+00
    endloop
  endfacet
  facet normal -2.209928e-01 6.720645e-01 7.067472e-01
    outer loop
      vertex   2.589128e+01 2.978998e+01 -2.000000e+00
      vertex   2.577221e+01 3.027662e+01 -2.500000e+00
      vertex   2.560456e+01 3.022149e+01 -2.500000e+00
    endloop
  endfacet
  facet normal -2.258761e-01 6.696671e-01 7.074786e-01
    outer loop
      vertex   2.589128e+01 2.978998e+01 -2.000000e+00
      vertex   2.560456e+01 3.022149e+01 -2.500000e+00
      vertex   2.573277e+01 2.973651e+01 -2.000000e+00
    endloop
  endfacet
  facet normal -2.445940e-01 6.639030e-01 7.066871e-01
    outer loop
      vertex   2.573277e+01 2.973651e+01 -2.000000e+00
      vertex   2.560456e+01 3.022149e+01 -2.500000e+00
      vertex   2.543895e+01 3.016048e+01 -2.500000e+00
    endloop
  endfacet
  facet normal -2.505902e-01 6.607521e-01 7.075389e-01
    outer loop
      vertex   2.573277e+01 2.973651e+01 -2.000000e+00
      vertex   2.543895e+01 3.016048e+01 -2.500000e+00
      vertex   2.557634e+01 2.967718e+01 -2.000000e+00
    endloop
  endfacet
  facet normal -2.678902e-01 6.549024e-01 7.066383e-01
    outer loop
      vertex   2.557634e+01 2.967718e+01 -2.000000e+00
      vertex   2.543895e+01 3.016048e+01 -2.500000e+00
      vertex   2.527561e+01 3.009367e+01 -2.500000e+00
    endloop
  endfacet
  facet normal -2.749586e-01 6.509369e-01 7.075867e-01
    outer loop
      vertex   2.557634e+01 2.967718e+01 -2.000000e+00
      vertex   2.527561e+01 3.009367e+01 -2.500000e+00
      vertex   2.542223e+01 2.961209e+01 -2.000000e+00
    endloop
  endfacet
  facet normal -2.908512e-01 6.450744e-01 7.066007e-01
    outer loop
      vertex   2.542223e+01 2.961209e+01 -2.000000e+00
      vertex   2.527561e+01 3.009367e+01 -2.500000e+00
      vertex   2.511472e+01 3.002112e+01 -2.500000e+00
    endloop
  endfacet
  facet normal -2.989490e-01 6.402348e-01 7.076220e-01
    outer loop
      vertex   2.542223e+01 2.961209e+01 -2.000000e+00
      vertex   2.511472e+01 3.002112e+01 -2.500000e+00
      vertex   2.527065e+01 2.954131e+01 -2.000000e+00
    endloop
  endfacet
  facet normal -3.134472e-01 6.344316e-01 7.065744e-01
    outer loop
      vertex   2.527065e+01 2.954131e+01 -2.000000e+00
      vertex   2.511472e+01 3.002112e+01 -2.500000e+00
      vertex   2.495649e+01 2.994295e+01 -2.500000e+00
    endloop
  endfacet
  facet normal -3.225295e-01 6.286601e-01 7.076448e-01
    outer loop
      vertex   2.527065e+01 2.954131e+01 -2.000000e+00
      vertex   2.495649e+01 2.994295e+01 -2.500000e+00
      vertex   2.512180e+01 2.946494e+01 -2.000000e+00
    endloop
  endfacet
  facet normal -3.356491e-01 6.229875e-01 7.065594e-01
    outer loop
      vertex   2.512180e+01 2.946494e+01 -2.000000e+00
      vertex   2.495649e+01 2.994295e+01 -2.500000e+00
      vertex   2.480112e+01 2.985924e+01 -2.500000e+00
    endloop
  endfacet
  facet normal -3.456689e-01 6.162281e-01 7.076552e-01
    outer loop
      vertex   2.512180e+01 2.946494e+01 -2.000000e+00
      vertex   2.480112e+01 2.985924e+01 -2.500000e+00
      vertex   2.497590e+01 2.938310e+01 -2.000000e+00
    endloop
  endfacet
  facet normal -3.574281e-01 6.107571e-01 7.065556e-01
    outer loop
      vertex   2.497590e+01 2.938310e+01 -2.000000e+00
      vertex   2.480112e+01 2.985924e+01 -2.500000e+00
      vertex   2.464880e+01 2.977010e+01 -2.500000e+00
    endloop
  endfacet
  facet normal -3.683363e-01 6.029556e-01 7.076531e-01
    outer loop
      vertex   2.497590e+01 2.938310e+01 -2.000000e+00
      vertex   2.464880e+01 2.977010e+01 -2.500000e+00
      vertex   2.483313e+01 2.929589e+01 -2.000000e+00
    endloop
  endfacet
  facet normal -3.787559e-01 5.977562e-01 7.065632e-01
    outer loop
      vertex   2.483313e+01 2.929589e+01 -2.000000e+00
      vertex   2.464880e+01 2.977010e+01 -2.500000e+00
      vertex   2.449972e+01 2.967564e+01 -2.500000e+00
    endloop
  endfacet
  facet normal -3.905017e-01 5.888599e-01 7.076386e-01
    outer loop
      vertex   2.483313e+01 2.929589e+01 -2.000000e+00
      vertex   2.449972e+01 2.967564e+01 -2.500000e+00
      vertex   2.469371e+01 2.920343e+01 -2.000000e+00
    endloop
  endfacet
  facet normal -3.996051e-01 5.840015e-01 7.065819e-01
    outer loop
      vertex   2.469371e+01 2.920343e+01 -2.000000e+00
      vertex   2.449972e+01 2.967564e+01 -2.500000e+00
      vertex   2.435407e+01 2.957598e+01 -2.500000e+00
    endloop
  endfacet
  facet normal -4.121356e-01 5.739600e-01 7.076116e-01
    outer loop
      vertex   2.469371e+01 2.920343e+01 -2.000000e+00
      vertex   2.435407e+01 2.957598e+01 -2.500000e+00
      vertex   2.455782e+01 2.910585e+01 -2.000000e+00
    endloop
  endfacet
  facet normal -4.199486e-01 5.695109e-01 7.066120e-01
    outer loop
      vertex   2.455782e+01 2.910585e+01 -2.000000e+00
      vertex   2.435407e+01 2.957598e+01 -2.500000e+00
      vertex   2.421203e+01 2.947124e+01 -2.500000e+00
    endloop
  endfacet
  facet normal -4.332091e-01 5.582755e-01 7.075721e-01
    outer loop
      vertex   2.455782e+01 2.910585e+01 -2.000000e+00
      vertex   2.421203e+01 2.947124e+01 -2.500000e+00
      vertex   2.442565e+01 2.900329e+01 -2.000000e+00
    endloop
  endfacet
  facet normal -4.397602e-01 5.543032e-01 7.066533e-01
    outer loop
      vertex   2.442565e+01 2.900329e+01 -2.000000e+00
      vertex   2.421203e+01 2.947124e+01 -2.500000e+00
      vertex   2.407377e+01 2.936155e+01 -2.500000e+00
    endloop
  endfacet
  facet normal -4.536943e-01 5.418272e-01 7.075201e-01
    outer loop
      vertex   2.442565e+01 2.900329e+01 -2.000000e+00
      vertex   2.407377e+01 2.936155e+01 -2.500000e+00
      vertex   2.429738e+01 2.889589e+01 -2.000000e+00
    endloop
  endfacet
  facet normal -4.590144e-01 5.383982e-01 7.067059e-01
    outer loop
      vertex   2.429738e+01 2.889589e+01 -2.000000e+00
      vertex   2.407377e+01 2.936155e+01 -2.500000e+00
      vertex   2.393947e+01 2.924705e+01 -2.500000e+00
    endloop
  endfacet
  facet normal -4.735637e-01 5.246368e-01 7.074557e-01
    outer loop
      vertex   2.429738e+01 2.889589e+01 -2.000000e+00
      vertex   2.393947e+01 2.924705e+01 -2.500000e+00
      vertex   2.417320e+01 2.878379e+01 -2.000000e+00
    endloop
  endfacet
  facet normal -4.776863e-01 5.218165e-01 7.067697e-01
    outer loop
      vertex   2.417320e+01 2.878379e+01 -2.000000e+00
      vertex   2.393947e+01 2.924705e+01 -2.500000e+00
      vertex   2.380929e+01 2.912788e+01 -2.500000e+00
    endloop
  endfacet
  facet normal -4.927909e-01 5.067271e-01 7.073788e-01
    outer loop
      vertex   2.417320e+01 2.878379e+01 -2.000000e+00
      vertex   2.380929e+01 2.912788e+01 -2.500000e+00
      vertex   2.405327e+01 2.866716e+01 -2.000000e+00
    endloop
  endfacet
  facet normal -4.957518e-01 5.045797e-01 7.068447e-01
    outer loop
      vertex   2.405327e+01 2.866716e+01 -2.000000e+00
      vertex   2.380929e+01 2.912788e+01 -2.500000e+00
      vertex   2.368340e+01 2.900420e+01 -2.500000e+00
    endloop
  endfacet
  facet normal -5.113502e-01 4.881217e-01 7.072893e-01
    outer loop
      vertex   2.405327e+01 2.866716e+01 -2.000000e+00
      vertex   2.368340e+01 2.900420e+01 -2.500000e+00
      vertex   2.393775e+01 2.854615e+01 -2.000000e+00
    endloop
  endfacet
  facet normal -5.131878e-01 4.867102e-01 7.069310e-01
    outer loop
      vertex   2.393775e+01 2.854615e+01 -2.000000e+00
      vertex   2.368340e+01 2.900420e+01 -2.500000e+00
      vertex   2.356196e+01 2.887614e+01 -2.500000e+00
    endloop
  endfacet
  facet normal -5.292167e-01 4.688451e-01 7.071873e-01
    outer loop
      vertex   2.393775e+01 2.854615e+01 -2.000000e+00
      vertex   2.356196e+01 2.887614e+01 -2.500000e+00
      vertex   2.382682e+01 2.842093e+01 -2.000000e+00
    endloop
  endfacet
  facet normal -5.299718e-01 4.682313e-01 7.070285e-01
    outer loop
      vertex   2.382682e+01 2.842093e+01 -2.000000e+00
      vertex   2.356196e+01 2.887614e+01 -2.500000e+00
      vertex   2.344511e+01 2.874388e+01 -2.500000e+00
    endloop
  endfacet
  facet normal -5.461300e-01 4.492064e-01 7.070755e-01
    outer loop
      vertex   2.382682e+01 2.842093e+01 -2.000000e+00
      vertex   2.344511e+01 2.874388e+01 -2.500000e+00
      vertex   2.333299e+01 2.860758e+01 -2.500000e+00
    endloop
  endfacet
  facet normal -5.463161e-01 4.488814e-01 7.071380e-01
    outer loop
      vertex   2.382682e+01 2.842093e+01 -2.000000e+00
      vertex   2.333299e+01 2.860758e+01 -2.500000e+00
      vertex   2.372061e+01 2.829167e+01 -2.000000e+00
    endloop
  endfacet
  facet normal -5.617243e-01 4.297151e-01 7.069730e-01
    outer loop
      vertex   2.372061e+01 2.829167e+01 -2.000000e+00
      vertex   2.333299e+01 2.860758e+01 -2.500000e+00
      vertex   2.322576e+01 2.846741e+01 -2.500000e+00
    endloop
  endfacet
  facet normal -5.625380e-01 4.281995e-01 7.072455e-01
    outer loop
      vertex   2.372061e+01 2.829167e+01 -2.000000e+00
      vertex   2.322576e+01 2.846741e+01 -2.500000e+00
      vertex   2.361928e+01 2.815855e+01 -2.000000e+00
    endloop
  endfacet
  facet normal -5.766140e-01 4.096761e-01 7.068817e-01
    outer loop
      vertex   2.361928e+01 2.815855e+01 -2.000000e+00
      vertex   2.322576e+01 2.846741e+01 -2.500000e+00
      vertex   2.312355e+01 2.832354e+01 -2.500000e+00
    endloop
  endfacet
  facet normal -5.779877e-01 4.069393e-01 7.073406e-01
    outer loop
      vertex   2.361928e+01 2.815855e+01 -2.000000e+00
      vertex   2.312355e+01 2.832354e+01 -2.500000e+00
      vertex   2.352297e+01 2.802176e+01 -2.000000e+00
    endloop
  endfacet
  facet normal -5.907797e-01 3.891154e-01 7.068017e-01
    outer loop
      vertex   2.352297e+01 2.802176e+01 -2.000000e+00
      vertex   2.312355e+01 2.832354e+01 -2.500000e+00
      vertex   2.302647e+01 2.817615e+01 -2.500000e+00
    endloop
  endfacet
  facet normal -5.926450e-01 3.851293e-01 7.074231e-01
    outer loop
      vertex   2.352297e+01 2.802176e+01 -2.000000e+00
      vertex   2.302647e+01 2.817615e+01 -2.500000e+00
      vertex   2.343181e+01 2.788148e+01 -2.000000e+00
    endloop
  endfacet
  facet normal -6.042028e-01 3.680593e-01 7.067328e-01
    outer loop
      vertex   2.343181e+01 2.788148e+01 -2.000000e+00
      vertex   2.302647e+01 2.817615e+01 -2.500000e+00
      vertex   2.293466e+01 2.802543e+01 -2.500000e+00
    endloop
  endfacet
  facet normal -6.064906e-01 3.627985e-01 7.074930e-01
    outer loop
      vertex   2.343181e+01 2.788148e+01 -2.000000e+00
      vertex   2.293466e+01 2.802543e+01 -2.500000e+00
      vertex   2.334593e+01 2.773792e+01 -2.000000e+00
    endloop
  endfacet
  facet normal -6.168659e-01 3.465350e-01 7.066753e-01
    outer loop
      vertex   2.334593e+01 2.773792e+01 -2.000000e+00
      vertex   2.293466e+01 2.802543e+01 -2.500000e+00
      vertex   2.284822e+01 2.787156e+01 -2.500000e+00
    endloop
  endfacet
  facet normal -6.195062e-01 3.399768e-01 7.075506e-01
    outer loop
      vertex   2.334593e+01 2.773792e+01 -2.000000e+00
      vertex   2.284822e+01 2.787156e+01 -2.500000e+00
      vertex   2.326545e+01 2.759125e+01 -2.000000e+00
    endloop
  endfacet
  facet normal -6.287525e-01 3.245702e-01 7.066290e-01
    outer loop
      vertex   2.326545e+01 2.759125e+01 -2.000000e+00
      vertex   2.284822e+01 2.787156e+01 -2.500000e+00
      vertex   2.276726e+01 2.771474e+01 -2.500000e+00
    endloop
  endfacet
  facet normal -6.316748e-01 3.166946e-01 7.075956e-01
    outer loop
      vertex   2.326545e+01 2.759125e+01 -2.000000e+00
      vertex   2.276726e+01 2.771474e+01 -2.500000e+00
      vertex   2.319047e+01 2.744170e+01 -2.000000e+00
    endloop
  endfacet
  facet normal -6.398470e-01 3.021934e-01 7.065939e-01
    outer loop
      vertex   2.319047e+01 2.744170e+01 -2.000000e+00
      vertex   2.276726e+01 2.771474e+01 -2.500000e+00
      vertex   2.269189e+01 2.755516e+01 -2.500000e+00
    endloop
  endfacet
  facet normal -6.429802e-01 2.929828e-01 7.076281e-01
    outer loop
      vertex   2.319047e+01 2.744170e+01 -2.000000e+00
      vertex   2.269189e+01 2.755516e+01 -2.500000e+00
      vertex   2.312110e+01 2.728947e+01 -2.000000e+00
    endloop
  endfacet
  facet normal -6.501351e-01 2.794334e-01 7.065701e-01
    outer loop
      vertex   2.312110e+01 2.728947e+01 -2.000000e+00
      vertex   2.269189e+01 2.755516e+01 -2.500000e+00
      vertex   2.262220e+01 2.739302e+01 -2.500000e+00
    endloop
  endfacet
  facet normal -6.534074e-01 2.688731e-01 7.076482e-01
    outer loop
      vertex   2.312110e+01 2.728947e+01 -2.000000e+00
      vertex   2.262220e+01 2.739302e+01 -2.500000e+00
      vertex   2.305744e+01 2.713476e+01 -2.000000e+00
    endloop
  endfacet
  facet normal -6.596034e-01 2.563196e-01 7.065576e-01
    outer loop
      vertex   2.305744e+01 2.713476e+01 -2.000000e+00
      vertex   2.262220e+01 2.739302e+01 -2.500000e+00
      vertex   2.255828e+01 2.722852e+01 -2.500000e+00
    endloop
  endfacet
  facet normal -6.629427e-01 2.443975e-01 7.076558e-01
    outer loop
      vertex   2.305744e+01 2.713476e+01 -2.000000e+00
      vertex   2.255828e+01 2.722852e+01 -2.500000e+00
      vertex   2.299957e+01 2.697779e+01 -2.000000e+00
    endloop
  endfacet
  facet normal -6.682396e-01 2.328820e-01 7.065563e-01
    outer loop
      vertex   2.299957e+01 2.697779e+01 -2.000000e+00
      vertex   2.255828e+01 2.722852e+01 -2.500000e+00
      vertex   2.250020e+01 2.706186e+01 -2.500000e+00
    endloop
  endfacet
  facet normal -6.715735e-01 2.195885e-01 7.076510e-01
    outer loop
      vertex   2.299957e+01 2.697779e+01 -2.000000e+00
      vertex   2.250020e+01 2.706186e+01 -2.500000e+00
      vertex   2.294758e+01 2.681878e+01 -2.000000e+00
    endloop
  endfacet
  facet normal -6.760325e-01 2.091508e-01 7.065664e-01
    outer loop
      vertex   2.294758e+01 2.681878e+01 -2.000000e+00
      vertex   2.250020e+01 2.706186e+01 -2.500000e+00
      vertex   2.244804e+01 2.689326e+01 -2.500000e+00
    endloop
  endfacet
  facet normal -6.792882e-01 1.944791e-01 7.076337e-01
    outer loop
      vertex   2.294758e+01 2.681878e+01 -2.000000e+00
      vertex   2.244804e+01 2.689326e+01 -2.500000e+00
      vertex   2.290153e+01 2.665795e+01 -2.000000e+00
    endloop
  endfacet
  facet normal -6.829721e-01 1.851568e-01 7.065876e-01
    outer loop
      vertex   2.290153e+01 2.665795e+01 -2.000000e+00
      vertex   2.244804e+01 2.689326e+01 -2.500000e+00
      vertex   2.240186e+01 2.672292e+01 -2.500000e+00
    endloop
  endfacet
  facet normal -6.860765e-01 1.691027e-01 7.076039e-01
    outer loop
      vertex   2.290153e+01 2.665795e+01 -2.000000e+00
      vertex   2.240186e+01 2.672292e+01 -2.500000e+00
      vertex   2.286150e+01 2.649552e+01 -2.000000e+00
    endloop
  endfacet
  facet normal -6.890494e-01 1.609310e-01 7.066202e-01
    outer loop
      vertex   2.286150e+01 2.649552e+01 -2.000000e+00
      vertex   2.240186e+01 2.672292e+01 -2.500000e+00
      vertex   2.236172e+01 2.655106e+01 -2.500000e+00
    endloop
  endfacet
  facet normal -6.919294e-01 1.434929e-01 7.075616e-01
    outer loop
      vertex   2.286150e+01 2.649552e+01 -2.000000e+00
      vertex   2.236172e+01 2.655106e+01 -2.500000e+00
      vertex   2.282753e+01 2.633171e+01 -2.000000e+00
    endloop
  endfacet
  facet normal -6.942568e-01 1.365047e-01 7.066640e-01
    outer loop
      vertex   2.282753e+01 2.633171e+01 -2.000000e+00
      vertex   2.236172e+01 2.655106e+01 -2.500000e+00
      vertex   2.232767e+01 2.637790e+01 -2.500000e+00
    endloop
  endfacet
  facet normal -6.968389e-01 1.176838e-01 7.075069e-01
    outer loop
      vertex   2.282753e+01 2.633171e+01 -2.000000e+00
      vertex   2.232767e+01 2.637790e+01 -2.500000e+00
      vertex   2.279967e+01 2.616675e+01 -2.000000e+00
    endloop
  endfacet
  facet normal -6.985874e-01 1.119096e-01 7.067191e-01
    outer loop
      vertex   2.279967e+01 2.616675e+01 -2.000000e+00
      vertex   2.232767e+01 2.637790e+01 -2.500000e+00
      vertex   2.229976e+01 2.620363e+01 -2.500000e+00
    endloop
  endfacet
  facet normal -7.007984e-01 9.170970e-02 7.074397e-01
    outer loop
      vertex   2.279967e+01 2.616675e+01 -2.000000e+00
      vertex   2.229976e+01 2.620363e+01 -2.500000e+00
      vertex   2.277796e+01 2.600087e+01 -2.000000e+00
    endloop
  endfacet
  facet normal -7.020360e-01 8.717758e-02 7.067854e-01
    outer loop
      vertex   2.277796e+01 2.600087e+01 -2.000000e+00
      vertex   2.229976e+01 2.620363e+01 -2.500000e+00
      vertex   2.227801e+01 2.602849e+01 -2.500000e+00
    endloop
  endfacet
  facet normal -7.038024e-01 6.560502e-02 7.073600e-01
    outer loop
      vertex   2.277796e+01 2.600087e+01 -2.000000e+00
      vertex   2.227801e+01 2.602849e+01 -2.500000e+00
      vertex   2.276243e+01 2.583430e+01 -2.000000e+00
    endloop
  endfacet
  facet normal -7.045981e-01 6.234056e-02 7.068629e-01
    outer loop
      vertex   2.276243e+01 2.583430e+01 -2.000000e+00
      vertex   2.227801e+01 2.602849e+01 -2.500000e+00
      vertex   2.226245e+01 2.585269e+01 -2.500000e+00
    endloop
  endfacet
  facet normal -7.058468e-01 3.940446e-02 7.072677e-01
    outer loop
      vertex   2.276243e+01 2.583430e+01 -2.000000e+00
      vertex   2.226245e+01 2.585269e+01 -2.500000e+00
      vertex   2.275311e+01 2.566727e+01 -2.000000e+00
    endloop
  endfacet
  facet normal -7.062706e-01 3.743074e-02 7.069517e-01
    outer loop
      vertex   2.275311e+01 2.566727e+01 -2.000000e+00
      vertex   2.226245e+01 2.585269e+01 -2.500000e+00
      vertex   2.225311e+01 2.567646e+01 -2.500000e+00
    endloop
  endfacet
  facet normal -7.069284e-01 1.314282e-02 7.071630e-01
    outer loop
      vertex   2.275311e+01 2.566727e+01 -2.000000e+00
      vertex   2.225311e+01 2.567646e+01 -2.500000e+00
      vertex   2.275000e+01 2.550000e+01 -2.000000e+00
    endloop
  endfacet
  facet normal 0.000000e+00 0.000000e+00 1.000000e+00
    outer loop
      vertex   2.295312e+01 2.566370e+01 -2.000000e+00
      vertex   2.275311e+01 2.566727e+01 -2.000000e+00
      vertex   2.295000e+01 2.550000e+01 -2.000000e+00
    endloop
  endfacet
  facet normal 0.000000e+00 0.000000e+00 1.000000e+00
    outer loop
      vertex   2.295000e+01 2.550000e+01 -2.000000e+00
      vertex   2.275311e+01 2.566727e+01 -2.000000e+00
      vertex   2.275000e+01 2.550000e+01 -2.000000e+00
    endloop
  endfacet
  facet normal 0.000000e+00 0.000000e+00 1.000000e+00
    outer loop
      vertex   2.295000e+01 2.550000e+01 -2.000000e+00
      vertex   2.275000e+01 2.550000e+01 -2.000000e+00
      vertex   2.275311e+01 2.533273e+01 -2.000000e+00
    endloop
  endfacet
  facet normal -0.000000e+00 0.000000e+00 1.000000e+00
    outer loop
      vertex   2.275311e+01 2.566727e+01 -2.000000e+00
      vertex   2.295312e+01 2.566370e+01 -2.000000e+00
      vertex   2.276243e+01 2.583430e+01 -2.000000e+00
    endloop
  endfacet
  facet normal 0.000000e+00 0.000000e+00 1.000000e+00
    outer loop
      vertex   2.276243e+01 2.583430e+01 -2.000000e+00
      vertex   2.295312e+01 2.566370e+01 -2.000000e+00
      vertex   2.296246e+01 2.582717e+01 -2.000000e+00
    endloop
  endfacet
  facet normal -0.000000e+00 0.000000e+00 1.000000e+00
    outer loop
      vertex   2.276243e+01 2.583430e+01 -2.000000e+00
      vertex   2.296246e+01 2.582717e+01 -2.000000e+00
      vertex   2.277796e+01 2.600087e+01 -2.000000e+00
    endloop
  endfacet
  facet normal 0.000000e+00 0.000000e+00 1.000000e+00
    outer loop
      vertex   2.277796e+01 2.600087e+01 -2.000000e+00
      vertex   2.296246e+01 2.582717e+01 -2.000000e+00
      vertex   2.297803e+01 2.599016e+01 -2.000000e+00
    endloop
  endfacet
  facet normal -0.000000e+00 0.000000e+00 1.000000e+00
    outer loop
      vertex   2.277796e+01 2.600087e+01 -2.000000e+00
      vertex   2.297803e+01 2.599016e+01 -2.000000e+00
      vertex   2.279967e+01 2.616675e+01 -2.000000e+00
    endloop
  endfacet
  facet normal 0.000000e+00 0.000000e+00 1.000000e+00
    outer loop
      vertex   2.279967e+01 2.616675e+01 -2.000000e+00
      vertex   2.297803e+01 2.599016e+01 -2.000000e+00
      vertex   2.299979e+01 2.615244e+01 -2.000000e+00
    endloop
  endfacet
  facet normal -0.000000e+00 0.000000e+00 1.000000e+00
    outer loop
      vertex   2.279967e+01 2.616675e+01 -2.000000e+00
      vertex   2.299979e+01 2.615244e+01 -2.000000e+00
      vertex   2.282753e+01 2.633171e+01 -2.000000e+00
    endloop
  endfacet
  facet normal 0.000000e+00 0.000000e+00 1.000000e+00
    outer loop
      vertex   2.282753e+01 2.633171e+01 -2.000000e+00
      vertex   2.299979e+01 2.615244e+01 -2.000000e+00
      vertex   2.302771e+01 2.631378e+01 -2.000000e+00
    endloop
  endfacet
  facet normal -0.000000e+00 0.000000e+00 1.000000e+00
    outer loop
      vertex   2.282753e+01 2.633171e+01 -2.000000e+00
      vertex   2.302771e+01 2.631378e+01 -2.000000e+00
      vertex   2.286150e+01 2.649552e+01 -2.000000e+00
    endloop
  endfacet
  facet normal 0.000000e+00 0.000000e+00 1.000000e+00
    outer loop
      vertex   2.286150e+01 2.649552e+01 -2.000000e+00
      vertex   2.302771e+01 2.631378e+01 -2.000000e+00
      vertex   2.306175e+01 2.647394e+01 -2.000000e+00
    endloop
  endfacet
  facet normal -0.000000e+00 0.000000e+00 1.000000e+00
    outer loop
      vertex   2.286150e+01 2.649552e+01 -2.000000e+00
      vertex   2.306175e+01 2.647394e+01 -2.000000e+00
      vertex   2.290153e+01 2.665795e+01 -2.000000e+00
    endloop
  endfacet
  facet normal 0.000000e+00 0.000000e+00 1.000000e+00
    outer loop
      vertex   2.290153e+01 2.665795e+01 -2.000000e+00
      vertex   2.306175e+01 2.647394e+01 -2.000000e+00
      vertex   2.310186e+01 2.663268e+01 -2.000000e+00
    endloop
  endfacet
  facet normal -0.000000e+00 0.000000e+00 1.000000e+00
    outer loop
      vertex   2.290153e+01 2.665795e+01 -2.000000e+00
      vertex   2.310186e+01 2.663268e+01 -2.000000e+00
      vertex   2.294758e+01 2.681878e+01 -2.000000e+00
    endloop
  endfacet
  facet normal 0.000000e+00 0.000000e+00 1.000000e+00
    outer loop
      vertex   2.294758e+01 2.681878e+01 -2.000000e+00
      vertex   2.310186e+01 2.663268e+01 -2.000000e+00
      vertex   2.314799e+01 2.678978e+01 -2.000000e+00
    endloop
  endfacet
  facet normal -0.000000e+00 0.000000e+00 1.000000e+00
    outer loop
      vertex   2.294758e+01 2.681878e+01 -2.000000e+00
      vertex   2.314799e+01 2.678978e+01 -2.000000e+00
      vertex   2.299957e+01 2.697779e+01 -2.000000e+00
    endloop
  endfacet
  facet normal 0.000000e+00 0.000000e+00 1.000000e+00
    outer loop
      vertex   2.299957e+01 2.697779e+01 -2.000000e+00
      vertex   2.314799e+01 2.678978e+01 -2.000000e+00
      vertex   2.320007e+01 2.694501e+01 -2.000000e+00
    endloop
  endfacet
  facet normal -0.000000e+00 0.000000e+00 1.000000e+00
    outer loop
      vertex   2.299957e+01 2.697779e+01 -2.000000e+00
      vertex   2.320007e+01 2.694501e+01 -2.000000e+00
      vertex   2.305744e+01 2.713476e+01 -2.000000e+00
    endloop
  endfacet
  facet normal 0.000000e+00 0.000000e+00 1.000000e+00
    outer loop
      vertex   2.305744e+01 2.713476e+01 -2.000000e+00
      vertex   2.320007e+01 2.694501e+01 -2.000000e+00
      vertex   2.325802e+01 2.709815e+01 -2.000000e+00
    endloop
  endfacet
  facet normal -0.000000e+00 0.000000e+00 1.000000e+00
    outer loop
      vertex   2.305744e+01 2.713476e+01 -2.000000e+00
      vertex   2.325802e+01 2.709815e+01 -2.000000e+00
      vertex   2.312110e+01 2.728947e+01 -2.000000e+00
    endloop
  endfacet
  facet normal 0.000000e+00 0.000000e+00 1.000000e+00
    outer loop
      vertex   2.312110e+01 2.728947e+01 -2.000000e+00
      vertex   2.325802e+01 2.709815e+01 -2.000000e+00
      vertex   2.332175e+01 2.724897e+01 -2.000000e+00
    endloop
  endfacet
  facet normal -0.000000e+00 0.000000e+00 1.000000e+00
    outer loop
      vertex   2.312110e+01 2.728947e+01 -2.000000e+00
      vertex   2.332175e+01 2.724897e+01 -2.000000e+00
      vertex   2.319047e+01 2.744170e+01 -2.000000e+00
    endloop
  endfacet
  facet normal 0.000000e+00 0.000000e+00 1.000000e+00
    outer loop
      vertex   2.319047e+01 2.744170e+01 -2.000000e+00
      vertex   2.332175e+01 2.724897e+01 -2.000000e+00
      vertex   2.339119e+01 2.739725e+01 -2.000000e+00
    endloop
  endfacet
  facet normal -0.000000e+00 0.000000e+00 1.000000e+00
    outer loop
      vertex   2.319047e+01 2.744170e+01 -2.000000e+00
      vertex   2.339119e+01 2.739725e+01 -2.000000e+00
      vertex   2.326545e+01 2.759125e+01 -2.000000e+00
    endloop
  endfacet
  facet normal 0.000000e+00 0.000000e+00 1.000000e+00
    outer loop
      vertex   2.326545e+01 2.759125e+01 -2.000000e+00
      vertex   2.339119e+01 2.739725e+01 -2.000000e+00
      vertex   2.346621e+01 2.754278e+01 -2.000000e+00
    endloop
  endfacet
  facet normal -0.000000e+00 0.000000e+00 1.000000e+00
    outer loop
      vertex   2.326545e+01 2.759125e+01 -2.000000e+00
      vertex   2.346621e+01 2.754278e+01 -2.000000e+00
      vertex   2.334593e+01 2.773792e+01 -2.000000e+00
    endloop
  endfacet
  facet normal 0.000000e+00 0.000000e+00 1.000000e+00
    outer loop
      vertex   2.334593e+01 2.773792e+01 -2.000000e+00
      vertex   2.346621e+01 2.754278e+01 -2.000000e+00
      vertex   2.354673e+01 2.768535e+01 -2.000000e+00
    endloop
  endfacet
  facet normal -0.000000e+00 0.000000e+00 1.000000e+00
    outer loop
      vertex   2.334593e+01 2.773792e+01 -2.000000e+00
      vertex   2.354673e+01 2.768535e+01 -2.000000e+00
      vertex   2.343181e+01 2.788148e+01 -2.000000e+00
    endloop
  endfacet
  facet normal 0.000000e+00 0.000000e+00 1.000000e+00
    outer loop
      vertex   2.343181e+01 2.788148e+01 -2.000000e+00
      vertex   2.354673e+01 2.768535e+01 -2.000000e+00
      vertex   2.363261e+01 2.782476e+01 -2.000000e+00
    endloop
  endfacet
  facet normal -0.000000e+00 0.000000e+00 1.000000e+00
    outer loop
      vertex   2.343181e+01 2.788148e+01 -2.000000e+00
      vertex   2.363261e+01 2.782476e+01 -2.000000e+00
      vertex   2.352297e+01 2.802176e+01 -2.000000e+00
    endloop
  endfacet
  facet normal 0.000000e+00 0.000000e+00 1.000000e+00
    outer loop
      vertex   2.352297e+01 2.802176e+01 -2.000000e+00
      vertex   2.363261e+01 2.782476e+01 -2.000000e+00
      vertex   2.372374e+01 2.796079e+01 -2.000000e+00
    endloop
  endfacet
  facet normal -0.000000e+00 0.000000e+00 1.000000e+00
    outer loop
      vertex   2.352297e+01 2.802176e+01 -2.000000e+00
      vertex   2.372374e+01 2.796079e+01 -2.000000e+00
      vertex   2.361928e+01 2.815855e+01 -2.000000e+00
    endloop
  endfacet
  facet normal 0.000000e+00 0.000000e+00 1.000000e+00
    outer loop
      vertex   2.361928e+01 2.815855e+01 -2.000000e+00
      vertex   2.372374e+01 2.796079e+01 -2.000000e+00
      vertex   2.381998e+01 2.809325e+01 -2.000000e+00
    endloop
  endfacet
  facet normal -0.000000e+00 0.000000e+00 1.000000e+00
    outer loop
      vertex   2.361928e+01 2.815855e+01 -2.000000e+00
      vertex   2.381998e+01 2.809325e+01 -2.000000e+00
      vertex   2.372061e+01 2.829167e+01 -2.000000e+00
    endloop
  endfacet
  facet normal 0.000000e+00 0.000000e+00 1.000000e+00
    outer loop
      vertex   2.372061e+01 2.829167e+01 -2.000000e+00
      vertex   2.381998e+01 2.809325e+01 -2.000000e+00
      vertex   2.392119e+01 2.822195e+01 -2.000000e+00
    endloop
  endfacet
  facet normal -0.000000e+00 0.000000e+00 1.000000e+00
    outer loop
      vertex   2.372061e+01 2.829167e+01 -2.000000e+00
      vertex   2.392119e+01 2.822195e+01 -2.000000e+00
      vertex   2.382682e+01 2.842093e+01 -2.000000e+00
    endloop
  endfacet
  facet normal 0.000000e+00 0.000000e+00 1.000000e+00
    outer loop
      vertex   2.382682e+01 2.842093e+01 -2.000000e+00
      vertex   2.392119e+01 2.822195e+01 -2.000000e+00
      vertex   2.402723e+01 2.834671e+01 -2.000000e+00
    endloop
  endfacet
  facet normal -0.000000e+00 0.000000e+00 1.000000e+00
    outer loop
      vertex   2.382682e+01 2.842093e+01 -2.000000e+00
      vertex   2.402723e+01 2.834671e+01 -2.000000e+00
      vertex   2.393775e+01 2.854615e+01 -2.000000e+00
    endloop
  endfacet
  facet normal 0.000000e+00 0.000000e+00 1.000000e+00
    outer loop
      vertex   2.393775e+01 2.854615e+01 -2.000000e+00
      vertex   2.402723e+01 2.834671e+01 -2.000000e+00
      vertex   2.413794e+01 2.846734e+01 -2.000000e+00
    endloop
  endfacet
  facet normal -0.000000e+00 0.000000e+00 1.000000e+00
    outer loop
      vertex   2.393775e+01 2.854615e+01 -2.000000e+00
      vertex   2.413794e+01 2.846734e+01 -2.000000e+00
      vertex   2.405327e+01 2.866716e+01 -2.000000e+00
    endloop
  endfacet
  facet normal 0.000000e+00 0.000000e+00 1.000000e+00
    outer loop
      vertex   2.405327e+01 2.866716e+01 -2.000000e+00
      vertex   2.413794e+01 2.846734e+01 -2.000000e+00
      vertex   2.425317e+01 2.858367e+01 -2.000000e+00
    endloop
  endfacet
  facet normal -0.000000e+00 0.000000e+00 1.000000e+00
    outer loop
      vertex   2.405327e+01 2.866716e+01 -2.000000e+00
      vertex   2.425317e+01 2.858367e+01 -2.000000e+00
      vertex   2.417320e+01 2.878379e+01 -2.000000e+00
    endloop
  endfacet
  facet normal 0.000000e+00 0.000000e+00 1.000000e+00
    outer loop
      vertex   2.417320e+01 2.878379e+01 -2.000000e+00
      vertex   2.425317e+01 2.858367e+01 -2.000000e+00
      vertex   2.437274e+01 2.869552e+01 -2.000000e+00
    endloop
  endfacet
  facet normal -0.000000e+00 0.000000e+00 1.000000e+00
    outer loop
      vertex   2.417320e+01 2.878379e+01 -2.000000e+00
      vertex   2.437274e+01 2.869552e+01 -2.000000e+00
      vertex   2.429738e+01 2.889589e+01 -2.000000e+00
    endloop
  endfacet
  facet normal 0.000000e+00 0.000000e+00 1.000000e+00
    outer loop
      vertex   2.429738e+01 2.889589e+01 -2.000000e+00
      vertex   2.437274e+01 2.869552e+01 -2.000000e+00
      vertex   2.449648e+01 2.880275e+01 -2.000000e+00
    endloop
  endfacet
  facet normal -0.000000e+00 0.000000e+00 1.000000e+00
    outer loop
      vertex   2.429738e+01 2.889589e+01 -2.000000e+00
      vertex   2.449648e+01 2.880275e+01 -2.000000e+00
      vertex   2.442565e+01 2.900329e+01 -2.000000e+00
    endloop
  endfacet
  facet normal 0.000000e+00 0.000000e+00 1.000000e+00
    outer loop
      vertex   2.442565e+01 2.900329e+01 -2.000000e+00
      vertex   2.449648e+01 2.880275e+01 -2.000000e+00
      vertex   2.462421e+01 2.890518e+01 -2.000000e+00
    endloop
  endfacet
  facet normal -0.000000e+00 0.000000e+00 1.000000e+00
    outer loop
      vertex   2.442565e+01 2.900329e+01 -2.000000e+00
      vertex   2.462421e+01 2.890518e+01 -2.000000e+00
      vertex   2.455782e+01 2.910585e+01 -2.000000e+00
    endloop
  endfacet
  facet normal 0.000000e+00 0.000000e+00 1.000000e+00
    outer loop
      vertex   2.455782e+01 2.910585e+01 -2.000000e+00
      vertex   2.462421e+01 2.890518e+01 -2.000000e+00
      vertex   2.475576e+01 2.900268e+01 -2.000000e+00
    endloop
  endfacet
  facet normal -0.000000e+00 0.000000e+00 1.000000e+00
    outer loop
      vertex   2.455782e+01 2.910585e+01 -2.000000e+00
      vertex   2.475576e+01 2.900268e+01 -2.000000e+00
      vertex   2.469371e+01 2.920343e+01 -2.000000e+00
    endloop
  endfacet
  facet normal 0.000000e+00 0.000000e+00 1.000000e+00
    outer loop
      vertex   2.469371e+01 2.920343e+01 -2.000000e+00
      vertex   2.475576e+01 2.900268e+01 -2.000000e+00
      vertex   2.489091e+01 2.909509e+01 -2.000000e+00
    endloop
  endfacet
  facet normal -0.000000e+00 0.000000e+00 1.000000e+00
    outer loop
      vertex   2.469371e+01 2.920343e+01 -2.000000e+00
      vertex   2.489091e+01 2.909509e+01 -2.000000e+00
      vertex   2.483313e+01 2.929589e+01 -2.000000e+00
    endloop
  endfacet
  facet normal 0.000000e+00 0.000000e+00 1.000000e+00
    outer loop
      vertex   2.483313e+01 2.929589e+01 -2.000000e+00
      vertex   2.489091e+01 2.909509e+01 -2.000000e+00
      vertex   2.502949e+01 2.918230e+01 -2.000000e+00
    endloop
  endfacet
  facet normal -0.000000e+00 0.000000e+00 1.000000e+00
    outer loop
      vertex   2.483313e+01 2.929589e+01 -2.000000e+00
      vertex   2.502949e+01 2.918230e+01 -2.000000e+00
      vertex   2.497590e+01 2.938310e+01 -2.000000e+00
    endloop
  endfacet
  facet normal 0.000000e+00 0.000000e+00 1.000000e+00
    outer loop
      vertex   2.497590e+01 2.938310e+01 -2.000000e+00
      vertex   2.502949e+01 2.918230e+01 -2.000000e+00
      vertex   2.517129e+01 2.926417e+01 -2.000000e+00
    endloop
  endfacet
  facet normal -0.000000e+00 0.000000e+00 1.000000e+00
    outer loop
      vertex   2.497590e+01 2.938310e+01 -2.000000e+00
      vertex   2.517129e+01 2.926417e+01 -2.000000e+00
      vertex   2.512180e+01 2.946494e+01 -2.000000e+00
    endloop
  endfacet
  facet normal 0.000000e+00 0.000000e+00 1.000000e+00
    outer loop
      vertex   2.512180e+01 2.946494e+01 -2.000000e+00
      vertex   2.517129e+01 2.926417e+01 -2.000000e+00
      vertex   2.531610e+01 2.934058e+01 -2.000000e+00
    endloop
  endfacet
  facet normal -0.000000e+00 0.000000e+00 1.000000e+00
    outer loop
      vertex   2.512180e+01 2.946494e+01 -2.000000e+00
      vertex   2.531610e+01 2.934058e+01 -2.000000e+00
      vertex   2.527065e+01 2.954131e+01 -2.000000e+00
    endloop
  endfacet
  facet normal 0.000000e+00 0.000000e+00 1.000000e+00
    outer loop
      vertex   2.527065e+01 2.954131e+01 -2.000000e+00
      vertex   2.531610e+01 2.934058e+01 -2.000000e+00
      vertex   2.546372e+01 2.941142e+01 -2.000000e+00
    endloop
  endfacet
  facet normal -0.000000e+00 0.000000e+00 1.000000e+00
    outer loop
      vertex   2.527065e+01 2.954131e+01 -2.000000e+00
      vertex   2.546372e+01 2.941142e+01 -2.000000e+00
      vertex   2.542223e+01 2.961209e+01 -2.000000e+00
    endloop
  endfacet
  facet normal 0.000000e+00 0.000000e+00 1.000000e+00
    outer loop
      vertex   2.542223e+01 2.961209e+01 -2.000000e+00
      vertex   2.546372e+01 2.941142e+01 -2.000000e+00
      vertex   2.561392e+01 2.947659e+01 -2.000000e+00
    endloop
  endfacet
  facet normal -0.000000e+00 0.000000e+00 1.000000e+00
    outer loop
      vertex   2.542223e+01 2.961209e+01 -2.000000e+00
      vertex   2.561392e+01 2.947659e+01 -2.000000e+00
      vertex   2.557634e+01 2.967718e+01 -2.000000e+00
    endloop
  endfacet
  facet normal 0.000000e+00 0.000000e+00 1.000000e+00
    outer loop
      vertex   2.557634e+01 2.967718e+01 -2.000000e+00
      vertex   2.561392e+01 2.947659e+01 -2.000000e+00
      vertex   2.576650e+01 2.953599e+01 -2.000000e+00
    endloop
  endfacet
  facet normal -0.000000e+00 0.000000e+00 1.000000e+00
    outer loop
      vertex   2.557634e+01 2.967718e+01 -2.000000e+00
      vertex   2.576650e+01 2.953599e+01 -2.000000e+00
      vertex   2.573277e+01 2.973651e+01 -2.000000e+00
    endloop
  endfacet
  facet normal 0.000000e+00 0.000000e+00 1.000000e+00
    outer loop
      vertex   2.573277e+01 2.973651e+01 -2.000000e+00
      vertex   2.576650e+01 2.953599e+01 -2.000000e+00
      vertex   2.592123e+01 2.958954e+01 -2.000000e+00
    endloop
  endfacet
  facet normal -0.000000e+00 0.000000e+00 1.000000e+00
    outer loop
      vertex   2.573277e+01 2.973651e+01 -2.000000e+00
      vertex   2.592123e+01 2.958954e+01 -2.000000e+00
      vertex   2.589128e+01 2.978998e+01 -2.000000e+00
    endloop
  endfacet
  facet normal 0.000000e+00 0.000000e+00 1.000000e+00
    outer loop
      vertex   2.589128e+01 2.978998e+01 -2.000000e+00
      vertex   2.592123e+01 2.958954e+01 -2.000000e+00
      vertex   2.607788e+01 2.963717e+01 -2.000000e+00
    endloop
  endfacet
  facet normal -0.000000e+00 0.000000e+00 1.000000e+00
    outer loop
      vertex   2.589128e+01 2.978998e+01 -2.000000e+00
      vertex   2.607788e+01 2.963717e+01 -2.000000e+00
      vertex   2.605168e+01 2.983751e+01 -2.000000e+00
    endloop
  endfacet
  facet normal 0.000000e+00 0.000000e+00 1.000000e+00
    outer loop
      vertex   2.605168e+01 2.983751e+01 -2.000000e+00
      vertex   2.607788e+01 2.963717e+01 -2.000000e+00
      vertex   2.623624e+01 2.967879e+01 -2.000000e+00
    endloop
  endfacet
  facet normal -0.000000e+00 0.000000e+00 1.000000e+00
    outer loop
      vertex   2.605168e+01 2.983751e+01 -2.000000e+00
      vertex   2.623624e+01 2.967879e+01 -2.000000e+00
      vertex   2.621374e+01 2.987906e+01 -2.000000e+00
    endloop
  endfacet
  facet normal 0.000000e+00 0.000000e+00 1.000000e+00
    outer loop
      vertex   2.621374e+01 2.987906e+01 -2.000000e+00
      vertex   2.623624e+01 2.967879e+01 -2.000000e+00
      vertex   2.639606e+01 2.971436e+01 -2.000000e+00
    endloop
  endfacet
  facet normal -0.000000e+00 0.000000e+00 1.000000e+00
    outer loop
      vertex   2.621374e+01 2.987906e+01 -2.000000e+00
      vertex   2.639606e+01 2.971436e+01 -2.000000e+00
      vertex   2.637722e+01 2.991455e+01 -2.000000e+00
    endloop
  endfacet
  facet normal 0.000000e+00 0.000000e+00 1.000000e+00
    outer loop
      vertex   2.637722e+01 2.991455e+01 -2.000000e+00
      vertex   2.639606e+01 2.971436e+01 -2.000000e+00
      vertex   2.655712e+01 2.974381e+01 -2.000000e+00
    endloop
  endfacet
  facet normal -0.000000e+00 0.000000e+00 1.000000e+00
    outer loop
      vertex   2.637722e+01 2.991455e+01 -2.000000e+00
      vertex   2.655712e+01 2.974381e+01 -2.000000e+00
      vertex   2.654191e+01 2.994394e+01 -2.000000e+00
    endloop
  endfacet
  facet normal 0.000000e+00 0.000000e+00 1.000000e+00
    outer loop
      vertex   2.654191e+01 2.994394e+01 -2.000000e+00
      vertex   2.655712e+01 2.974381e+01 -2.000000e+00
      vertex   2.671919e+01 2.976711e+01 -2.000000e+00
    endloop
  endfacet
  facet normal -0.000000e+00 0.000000e+00 1.000000e+00
    outer loop
      vertex   2.654191e+01 2.994394e+01 -2.000000e+00
      vertex   2.671919e+01 2.976711e+01 -2.000000e+00
      vertex   2.670758e+01 2.996719e+01 -2.000000e+00
    endloop
  endfacet
  facet normal 0.000000e+00 0.000000e+00 1.000000e+00
    outer loop
      vertex   2.670758e+01 2.996719e+01 -2.000000e+00
      vertex   2.671919e+01 2.976711e+01 -2.000000e+00
      vertex   2.688203e+01 2.978423e+01 -2.000000e+00
    endloop
  endfacet
  facet normal -0.000000e+00 0.000000e+00 1.000000e+00
    outer loop
      vertex   2.670758e+01 2.996719e+01 -2.000000e+00
      vertex   2.688203e+01 2.978423e+01 -2.000000e+00
      vertex   2.687401e+01 2.998426e+01 -2.000000e+00
    endloop
  endfacet
  facet normal 0.000000e+00 0.000000e+00 1.000000e+00
    outer loop
      vertex   2.687401e+01 2.998426e+01 -2.000000e+00
      vertex   2.688203e+01 2.978423e+01 -2.000000e+00
      vertex   2.704540e+01 2.979513e+01 -2.000000e+00
    endloop
  endfacet
  facet normal -0.000000e+00 0.000000e+00 1.000000e+00
    outer loop
      vertex   2.687401e+01 2.998426e+01 -2.000000e+00
      vertex   2.704540e+01 2.979513e+01 -2.000000e+00
      vertex   2.704095e+01 2.999514e+01 -2.000000e+00
    endloop
  endfacet
  facet normal 0.000000e+00 0.000000e+00 1.000000e+00
    outer loop
      vertex   2.704095e+01 2.999514e+01 -2.000000e+00
      vertex   2.704540e+01 2.979513e+01 -2.000000e+00
      vertex   2.720906e+01 2.979981e+01 -2.000000e+00
    endloop
  endfacet
  facet normal -0.000000e+00 0.000000e+00 1.000000e+00
    outer loop
      vertex   2.704095e+01 2.999514e+01 -2.000000e+00
      vertex   2.720906e+01 2.979981e+01 -2.000000e+00
      vertex   2.720817e+01 2.999981e+01 -2.000000e+00
    endloop
  endfacet
  facet normal 0.000000e+00 0.000000e+00 1.000000e+00
    outer loop
      vertex   2.720817e+01 2.999981e+01 -2.000000e+00
      vertex   2.720906e+01 2.979981e+01 -2.000000e+00
      vertex   2.737546e+01 2.999825e+01 -2.000000e+00
    endloop
  endfacet
  facet normal 0.000000e+00 0.000000e+00 1.000000e+00
    outer loop
      vertex   2.737546e+01 2.999825e+01 -2.000000e+00
      vertex   2.720906e+01 2.979981e+01 -2.000000e+00
      vertex   2.737279e+01 2.979825e+01 -2.000000e+00
    endloop
  endfacet
  facet normal 0.000000e+00 0.000000e+00 1.000000e+00
    outer loop
      vertex   2.737546e+01 2.999825e+01 -2.000000e+00
      vertex   2.737279e+01 2.979825e+01 -2.000000e+00
      vertex   2.754258e+01 2.999048e+01 -2.000000e+00
    endloop
  endfacet
  facet normal 0.000000e+00 0.000000e+00 1.000000e+00
    outer loop
      vertex   2.754258e+01 2.999048e+01 -2.000000e+00
      vertex   2.737279e+01 2.979825e+01 -2.000000e+00
      vertex   2.753634e+01 2.979046e+01 -2.000000e+00
    endloop
  endfacet
  facet normal 0.000000e+00 0.000000e+00 1.000000e+00
    outer loop
      vertex   2.754258e+01 2.999048e+01 -2.000000e+00
      vertex   2.753634e+01 2.979046e+01 -2.000000e+00
      vertex   2.770928e+01 2.997650e+01 -2.000000e+00
    endloop
  endfacet
  facet normal 0.000000e+00 0.000000e+00 1.000000e+00
    outer loop
      vertex   2.770928e+01 2.997650e+01 -2.000000e+00
      vertex   2.753634e+01 2.979046e+01 -2.000000e+00
      vertex   2.769947e+01 2.977644e+01 -2.000000e+00
    endloop
  endfacet
  facet normal 0.000000e+00 0.000000e+00 1.000000e+00
    outer loop
      vertex   2.770928e+01 2.997650e+01 -2.000000e+00
      vertex   2.769947e+01 2.977644e+01 -2.000000e+00
      vertex   2.787536e+01 2.995634e+01 -2.000000e+00
    endloop
  endfacet
  facet normal 0.000000e+00 0.000000e+00 1.000000e+00
    outer loop
      vertex   2.787536e+01 2.995634e+01 -2.000000e+00
      vertex   2.769947e+01 2.977644e+01 -2.000000e+00
      vertex   2.786195e+01 2.975623e+01 -2.000000e+00
    endloop
  endfacet
  facet normal 0.000000e+00 0.000000e+00 1.000000e+00
    outer loop
      vertex   2.787536e+01 2.995634e+01 -2.000000e+00
      vertex   2.786195e+01 2.975623e+01 -2.000000e+00
      vertex   2.804057e+01 2.993001e+01 -2.000000e+00
    endloop
  endfacet
  facet normal 0.000000e+00 0.000000e+00 1.000000e+00
    outer loop
      vertex   2.804057e+01 2.993001e+01 -2.000000e+00
      vertex   2.786195e+01 2.975623e+01 -2.000000e+00
      vertex   2.802355e+01 2.972985e+01 -2.000000e+00
    endloop
  endfacet
  facet normal 0.000000e+00 0.000000e+00 1.000000e+00
    outer loop
      vertex   2.804057e+01 2.993001e+01 -2.000000e+00
      vertex   2.802355e+01 2.972985e+01 -2.000000e+00
      vertex   2.820469e+01 2.989756e+01 -2.000000e+00
    endloop
  endfacet
  facet normal 0.000000e+00 0.000000e+00 1.000000e+00
    outer loop
      vertex   2.820469e+01 2.989756e+01 -2.000000e+00
      vertex   2.802355e+01 2.972985e+01 -2.000000e+00
      vertex   2.818402e+01 2.969733e+01 -2.000000e+00
    endloop
  endfacet
  facet normal 0.000000e+00 0.000000e+00 1.000000e+00
    outer loop
      vertex   2.820469e+01 2.989756e+01 -2.000000e+00
      vertex   2.818402e+01 2.969733e+01 -2.000000e+00
      vertex   2.836748e+01 2.985904e+01 -2.000000e+00
    endloop
  endfacet
  facet normal 0.000000e+00 0.000000e+00 1.000000e+00
    outer loop
      vertex   2.836748e+01 2.985904e+01 -2.000000e+00
      vertex   2.818402e+01 2.969733e+01 -2.000000e+00
      vertex   2.834314e+01 2.965873e+01 -2.000000e+00
    endloop
  endfacet
  facet normal 0.000000e+00 0.000000e+00 1.000000e+00
    outer loop
      vertex   2.836748e+01 2.985904e+01 -2.000000e+00
      vertex   2.834314e+01 2.965873e+01 -2.000000e+00
      vertex   2.852874e+01 2.981449e+01 -2.000000e+00
    endloop
  endfacet
  facet normal 0.000000e+00 0.000000e+00 1.000000e+00
    outer loop
      vertex   2.852874e+01 2.981449e+01 -2.000000e+00
      vertex   2.834314e+01 2.965873e+01 -2.000000e+00
      vertex   2.850067e+01 2.961410e+01 -2.000000e+00
    endloop
  endfacet
  facet normal 0.000000e+00 0.000000e+00 1.000000e+00
    outer loop
      vertex   2.852874e+01 2.981449e+01 -2.000000e+00
      vertex   2.850067e+01 2.961410e+01 -2.000000e+00
      vertex   2.868822e+01 2.976398e+01 -2.000000e+00
    endloop
  endfacet
  facet normal 0.000000e+00 0.000000e+00 1.000000e+00
    outer loop
      vertex   2.868822e+01 2.976398e+01 -2.000000e+00
      vertex   2.850067e+01 2.961410e+01 -2.000000e+00
      vertex   2.865639e+01 2.956350e+01 -2.000000e+00
    endloop
  endfacet
  facet normal 0.000000e+00 0.000000e+00 1.000000e+00
    outer loop
      vertex   2.868822e+01 2.976398e+01 -2.000000e+00
      vertex   2.865639e+01 2.956350e+01 -2.000000e+00
      vertex   2.884572e+01 2.970757e+01 -2.000000e+00
    endloop
  endfacet
  facet normal 0.000000e+00 0.000000e+00 1.000000e+00
    outer loop
      vertex   2.884572e+01 2.970757e+01 -2.000000e+00
      vertex   2.865639e+01 2.956350e+01 -2.000000e+00
      vertex   2.881007e+01 2.950702e+01 -2.000000e+00
    endloop
  endfacet
  facet normal 0.000000e+00 0.000000e+00 1.000000e+00
    outer loop
      vertex   2.884572e+01 2.970757e+01 -2.000000e+00
      vertex   2.881007e+01 2.950702e+01 -2.000000e+00
      vertex   2.900101e+01 2.964535e+01 -2.000000e+00
    endloop
  endfacet
  facet normal 0.000000e+00 0.000000e+00 1.000000e+00
    outer loop
      vertex   2.900101e+01 2.964535e+01 -2.000000e+00
      vertex   2.881007e+01 2.950702e+01 -2.000000e+00
      vertex   2.896149e+01 2.944472e+01 -2.000000e+00
    endloop
  endfacet
  facet normal 0.000000e+00 0.000000e+00 1.000000e+00
    outer loop
      vertex   2.900101e+01 2.964535e+01 -2.000000e+00
      vertex   2.896149e+01 2.944472e+01 -2.000000e+00
      vertex   2.915389e+01 2.957740e+01 -2.000000e+00
    endloop
  endfacet
  facet normal 0.000000e+00 0.000000e+00 1.000000e+00
    outer loop
      vertex   2.915389e+01 2.957740e+01 -2.000000e+00
      vertex   2.896149e+01 2.944472e+01 -2.000000e+00
      vertex   2.911043e+01 2.937670e+01 -2.000000e+00
    endloop
  endfacet
  facet normal 0.000000e+00 0.000000e+00 1.000000e+00
    outer loop
      vertex   2.915389e+01 2.957740e+01 -2.000000e+00
      vertex   2.911043e+01 2.937670e+01 -2.000000e+00
      vertex   2.930413e+01 2.950382e+01 -2.000000e+00
    endloop
  endfacet
  facet normal 0.000000e+00 0.000000e+00 1.000000e+00
    outer loop
      vertex   2.930413e+01 2.950382e+01 -2.000000e+00
      vertex   2.911043e+01 2.937670e+01 -2.000000e+00
      vertex   2.925667e+01 2.930306e+01 -2.000000e+00
    endloop
  endfacet
  facet normal 0.000000e+00 0.000000e+00 1.000000e+00
    outer loop
      vertex   2.930413e+01 2.950382e+01 -2.000000e+00
      vertex   2.925667e+01 2.930306e+01 -2.000000e+00
      vertex   2.945153e+01 2.942470e+01 -2.000000e+00
    endloop
  endfacet
  facet normal 0.000000e+00 0.000000e+00 1.000000e+00
    outer loop
      vertex   2.945153e+01 2.942470e+01 -2.000000e+00
      vertex   2.925667e+01 2.930306e+01 -2.000000e+00
      vertex   2.940000e+01 2.922391e+01 -2.000000e+00
    endloop
  endfacet
  facet normal 0.000000e+00 0.000000e+00 1.000000e+00
    outer loop
      vertex   2.945153e+01 2.942470e+01 -2.000000e+00
      vertex   2.940000e+01 2.922391e+01 -2.000000e+00
      vertex   2.959589e+01 2.934016e+01 -2.000000e+00
    endloop
  endfacet
  facet normal 0.000000e+00 0.000000e+00 1.000000e+00
    outer loop
      vertex   2.959589e+01 2.934016e+01 -2.000000e+00
      vertex   2.940000e+01 2.922391e+01 -2.000000e+00
      vertex   2.954021e+01 2.913936e+01 -2.000000e+00
    endloop
  endfacet
  facet normal 0.000000e+00 0.000000e+00 1.000000e+00
    outer loop
      vertex   2.959589e+01 2.934016e+01 -2.000000e+00
      vertex   2.954021e+01 2.913936e+01 -2.000000e+00
      vertex   2.973701e+01 2.925030e+01 -2.000000e+00
    endloop
  endfacet
  facet normal 0.000000e+00 0.000000e+00 1.000000e+00
    outer loop
      vertex   2.973701e+01 2.925030e+01 -2.000000e+00
      vertex   2.954021e+01 2.913936e+01 -2.000000e+00
      vertex   2.967711e+01 2.904953e+01 -2.000000e+00
    endloop
  endfacet
  facet normal 0.000000e+00 0.000000e+00 1.000000e+00
    outer loop
      vertex   2.973701e+01 2.925030e+01 -2.000000e+00
      vertex   2.967711e+01 2.904953e+01 -2.000000e+00
      vertex   2.987469e+01 2.915527e+01 -2.000000e+00
    endloop
  endfacet
  facet normal 0.000000e+00 0.000000e+00 1.000000e+00
    outer loop
      vertex   2.987469e+01 2.915527e+01 -2.000000e+00
      vertex   2.967711e+01 2.904953e+01 -2.000000e+00
      vertex   2.981048e+01 2.895455e+01 -2.000000e+00
    endloop
  endfacet
  facet normal 0.000000e+00 0.000000e+00 1.000000e+00
    outer loop
      vertex   2.987469e+01 2.915527e+01 -2.000000e+00
      vertex   2.981048e+01 2.895455e+01 -2.000000e+00
      vertex   3.000874e+01 2.905518e+01 -2.000000e+00
    endloop
  endfacet
  facet normal 0.000000e+00 0.000000e+00 1.000000e+00
    outer loop
      vertex   3.000874e+01 2.905518e+01 -2.000000e+00
      vertex   2.981048e+01 2.895455e+01 -2.000000e+00
      vertex   2.994014e+01 2.885457e+01 -2.000000e+00
    endloop
  endfacet
  facet normal 0.000000e+00 0.000000e+00 1.000000e+00
    outer loop
      vertex   3.000874e+01 2.905518e+01 -2.000000e+00
      vertex   2.994014e+01 2.885457e+01 -2.000000e+00
      vertex   3.013898e+01 2.895019e+01 -2.000000e+00
    endloop
  endfacet
  facet normal 0.000000e+00 0.000000e+00 1.000000e+00
    outer loop
      vertex   3.013898e+01 2.895019e+01 -2.000000e+00
      vertex   2.994014e+01 2.885457e+01 -2.000000e+00
      vertex   3.006590e+01 2.874972e+01 -2.000000e+00
    endloop
  endfacet
  facet normal 0.000000e+00 0.000000e+00 1.000000e+00
    outer loop
      vertex   3.013898e+01 2.895019e+01 -2.000000e+00
      vertex   3.006590e+01 2.874972e+01 -2.000000e+00
      vertex   3.026523e+01 2.884042e+01 -2.000000e+00
    endloop
  endfacet
  facet normal 0.000000e+00 0.000000e+00 1.000000e+00
    outer loop
      vertex   3.026523e+01 2.884042e+01 -2.000000e+00
      vertex   3.006590e+01 2.874972e+01 -2.000000e+00
      vertex   3.018758e+01 2.864016e+01 -2.000000e+00
    endloop
  endfacet
  facet normal 0.000000e+00 0.000000e+00 1.000000e+00
    outer loop
      vertex   3.026523e+01 2.884042e+01 -2.000000e+00
      vertex   3.018758e+01 2.864016e+01 -2.000000e+00
      vertex   3.038731e+01 2.872603e+01 -2.000000e+00
    endloop
  endfacet
  facet normal 0.000000e+00 0.000000e+00 1.000000e+00
    outer loop
      vertex   3.038731e+01 2.872603e+01 -2.000000e+00
      vertex   3.018758e+01 2.864016e+01 -2.000000e+00
      vertex   3.030500e+01 2.852605e+01 -2.000000e+00
    endloop
  endfacet
  facet normal 0.000000e+00 0.000000e+00 1.000000e+00
    outer loop
      vertex   3.038731e+01 2.872603e+01 -2.000000e+00
      vertex   3.030500e+01 2.852605e+01 -2.000000e+00
      vertex   3.050505e+01 2.860719e+01 -2.000000e+00
    endloop
  endfacet
  facet normal 0.000000e+00 0.000000e+00 1.000000e+00
    outer loop
      vertex   3.050505e+01 2.860719e+01 -2.000000e+00
      vertex   3.030500e+01 2.852605e+01 -2.000000e+00
      vertex   3.041799e+01 2.840755e+01 -2.000000e+00
    endloop
  endfacet
  facet normal 0.000000e+00 0.000000e+00 1.000000e+00
    outer loop
      vertex   3.050505e+01 2.860719e+01 -2.000000e+00
      vertex   3.041799e+01 2.840755e+01 -2.000000e+00
      vertex   3.061830e+01 2.848405e+01 -2.000000e+00
    endloop
  endfacet
  facet normal 0.000000e+00 0.000000e+00 1.000000e+00
    outer loop
      vertex   3.061830e+01 2.848405e+01 -2.000000e+00
      vertex   3.041799e+01 2.840755e+01 -2.000000e+00
      vertex   3.052638e+01 2.828484e+01 -2.000000e+00
    endloop
  endfacet
  facet normal 0.000000e+00 0.000000e+00 1.000000e+00
    outer loop
      vertex   3.061830e+01 2.848405e+01 -2.000000e+00
      vertex   3.052638e+01 2.828484e+01 -2.000000e+00
      vertex   3.072689e+01 2.835679e+01 -2.000000e+00
    endloop
  endfacet
  facet normal 0.000000e+00 0.000000e+00 1.000000e+00
    outer loop
      vertex   3.072689e+01 2.835679e+01 -2.000000e+00
      vertex   3.052638e+01 2.828484e+01 -2.000000e+00
      vertex   3.063003e+01 2.815808e+01 -2.000000e+00
    endloop
  endfacet
  facet normal 0.000000e+00 0.000000e+00 1.000000e+00
    outer loop
      vertex   3.072689e+01 2.835679e+01 -2.000000e+00
      vertex   3.063003e+01 2.815808e+01 -2.000000e+00
      vertex   3.083067e+01 2.822558e+01 -2.000000e+00
    endloop
  endfacet
  facet normal 0.000000e+00 0.000000e+00 1.000000e+00
    outer loop
      vertex   3.083067e+01 2.822558e+01 -2.000000e+00
      vertex   3.063003e+01 2.815808e+01 -2.000000e+00
      vertex   3.072877e+01 2.802748e+01 -2.000000e+00
    endloop
  endfacet
  facet normal 0.000000e+00 0.000000e+00 1.000000e+00
    outer loop
      vertex   3.083067e+01 2.822558e+01 -2.000000e+00
      vertex   3.072877e+01 2.802748e+01 -2.000000e+00
      vertex   3.092951e+01 2.809060e+01 -2.000000e+00
    endloop
  endfacet
  facet normal 0.000000e+00 0.000000e+00 1.000000e+00
    outer loop
      vertex   3.092951e+01 2.809060e+01 -2.000000e+00
      vertex   3.072877e+01 2.802748e+01 -2.000000e+00
      vertex   3.082247e+01 2.789320e+01 -2.000000e+00
    endloop
  endfacet
  facet normal 0.000000e+00 0.000000e+00 1.000000e+00
    outer loop
      vertex   3.092951e+01 2.809060e+01 -2.000000e+00
      vertex   3.082247e+01 2.789320e+01 -2.000000e+00
      vertex   3.102326e+01 2.795204e+01 -2.000000e+00
    endloop
  endfacet
  facet normal 0.000000e+00 0.000000e+00 1.000000e+00
    outer loop
      vertex   3.102326e+01 2.795204e+01 -2.000000e+00
      vertex   3.082247e+01 2.789320e+01 -2.000000e+00
      vertex   3.091100e+01 2.775546e+01 -2.000000e+00
    endloop
  endfacet
  facet normal 0.000000e+00 0.000000e+00 1.000000e+00
    outer loop
      vertex   3.102326e+01 2.795204e+01 -2.000000e+00
      vertex   3.091100e+01 2.775546e+01 -2.000000e+00
      vertex   3.111179e+01 2.781010e+01 -2.000000e+00
    endloop
  endfacet
  facet normal 0.000000e+00 0.000000e+00 1.000000e+00
    outer loop
      vertex   3.111179e+01 2.781010e+01 -2.000000e+00
      vertex   3.091100e+01 2.775546e+01 -2.000000e+00
      vertex   3.099421e+01 2.761445e+01 -2.000000e+00
    endloop
  endfacet
  facet normal 0.000000e+00 0.000000e+00 1.000000e+00
    outer loop
      vertex   3.111179e+01 2.781010e+01 -2.000000e+00
      vertex   3.099421e+01 2.761445e+01 -2.000000e+00
      vertex   3.119499e+01 2.766496e+01 -2.000000e+00
    endloop
  endfacet
  facet normal 0.000000e+00 0.000000e+00 1.000000e+00
    outer loop
      vertex   3.119499e+01 2.766496e+01 -2.000000e+00
      vertex   3.099421e+01 2.761445e+01 -2.000000e+00
      vertex   3.107199e+01 2.747037e+01 -2.000000e+00
    endloop
  endfacet
  facet normal 0.000000e+00 0.000000e+00 1.000000e+00
    outer loop
      vertex   3.119499e+01 2.766496e+01 -2.000000e+00
      vertex   3.107199e+01 2.747037e+01 -2.000000e+00
      vertex   3.127274e+01 2.751683e+01 -2.000000e+00
    endloop
  endfacet
  facet normal 0.000000e+00 0.000000e+00 1.000000e+00
    outer loop
      vertex   3.127274e+01 2.751683e+01 -2.000000e+00
      vertex   3.107199e+01 2.747037e+01 -2.000000e+00
      vertex   3.114424e+01 2.732344e+01 -2.000000e+00
    endloop
  endfacet
  facet normal 0.000000e+00 0.000000e+00 1.000000e+00
    outer loop
      vertex   3.127274e+01 2.751683e+01 -2.000000e+00
      vertex   3.114424e+01 2.732344e+01 -2.000000e+00
      vertex   3.134492e+01 2.736591e+01 -2.000000e+00
    endloop
  endfacet
  facet normal 0.000000e+00 0.000000e+00 1.000000e+00
    outer loop
      vertex   3.134492e+01 2.736591e+01 -2.000000e+00
      vertex   3.114424e+01 2.732344e+01 -2.000000e+00
      vertex   3.121083e+01 2.717386e+01 -2.000000e+00
    endloop
  endfacet
  facet normal 0.000000e+00 0.000000e+00 1.000000e+00
    outer loop
      vertex   3.134492e+01 2.736591e+01 -2.000000e+00
      vertex   3.121083e+01 2.717386e+01 -2.000000e+00
      vertex   3.141145e+01 2.721241e+01 -2.000000e+00
    endloop
  endfacet
  facet normal 0.000000e+00 0.000000e+00 1.000000e+00
    outer loop
      vertex   3.141145e+01 2.721241e+01 -2.000000e+00
      vertex   3.121083e+01 2.717386e+01 -2.000000e+00
      vertex   3.127169e+01 2.702186e+01 -2.000000e+00
    endloop
  endfacet
  facet normal 0.000000e+00 0.000000e+00 1.000000e+00
    outer loop
      vertex   3.141145e+01 2.721241e+01 -2.000000e+00
      vertex   3.127169e+01 2.702186e+01 -2.000000e+00
      vertex   3.147222e+01 2.705655e+01 -2.000000e+00
    endloop
  endfacet
  facet normal 0.000000e+00 0.000000e+00 1.000000e+00
    outer loop
      vertex   3.147222e+01 2.705655e+01 -2.000000e+00
      vertex   3.127169e+01 2.702186e+01 -2.000000e+00
      vertex   3.132671e+01 2.686764e+01 -2.000000e+00
    endloop
  endfacet
  facet normal 0.000000e+00 0.000000e+00 1.000000e+00
    outer loop
      vertex   3.147222e+01 2.705655e+01 -2.000000e+00
      vertex   3.132671e+01 2.686764e+01 -2.000000e+00
      vertex   3.152716e+01 2.689853e+01 -2.000000e+00
    endloop
  endfacet
  facet normal 0.000000e+00 0.000000e+00 1.000000e+00
    outer loop
      vertex   3.152716e+01 2.689853e+01 -2.000000e+00
      vertex   3.132671e+01 2.686764e+01 -2.000000e+00
      vertex   3.137582e+01 2.671145e+01 -2.000000e+00
    endloop
  endfacet
  facet normal 0.000000e+00 0.000000e+00 1.000000e+00
    outer loop
      vertex   3.152716e+01 2.689853e+01 -2.000000e+00
      vertex   3.137582e+01 2.671145e+01 -2.000000e+00
      vertex   3.157619e+01 2.673858e+01 -2.000000e+00
    endloop
  endfacet
  facet normal 0.000000e+00 0.000000e+00 1.000000e+00
    outer loop
      vertex   3.157619e+01 2.673858e+01 -2.000000e+00
      vertex   3.137582e+01 2.671145e+01 -2.000000e+00
      vertex   3.141895e+01 2.655350e+01 -2.000000e+00
    endloop
  endfacet
  facet normal 0.000000e+00 0.000000e+00 1.000000e+00
    outer loop
      vertex   3.157619e+01 2.673858e+01 -2.000000e+00
      vertex   3.141895e+01 2.655350e+01 -2.000000e+00
      vertex   3.161924e+01 2.657692e+01 -2.000000e+00
    endloop
  endfacet
  facet normal 0.000000e+00 0.000000e+00 1.000000e+00
    outer loop
      vertex   3.161924e+01 2.657692e+01 -2.000000e+00
      vertex   3.141895e+01 2.655350e+01 -2.000000e+00
      vertex   3.145603e+01 2.639402e+01 -2.000000e+00
    endloop
  endfacet
  facet normal 0.000000e+00 0.000000e+00 1.000000e+00
    outer loop
      vertex   3.161924e+01 2.657692e+01 -2.000000e+00
      vertex   3.145603e+01 2.639402e+01 -2.000000e+00
      vertex   3.165625e+01 2.641377e+01 -2.000000e+00
    endloop
  endfacet
  facet normal 0.000000e+00 0.000000e+00 1.000000e+00
    outer loop
      vertex   3.165625e+01 2.641377e+01 -2.000000e+00
      vertex   3.145603e+01 2.639402e+01 -2.000000e+00
      vertex   3.148702e+01 2.623325e+01 -2.000000e+00
    endloop
  endfacet
  facet normal 0.000000e+00 0.000000e+00 1.000000e+00
    outer loop
      vertex   3.165625e+01 2.641377e+01 -2.000000e+00
      vertex   3.148702e+01 2.623325e+01 -2.000000e+00
      vertex   3.168717e+01 2.624936e+01 -2.000000e+00
    endloop
  endfacet
  facet normal 0.000000e+00 0.000000e+00 1.000000e+00
    outer loop
      vertex   3.168717e+01 2.624936e+01 -2.000000e+00
      vertex   3.148702e+01 2.623325e+01 -2.000000e+00
      vertex   3.151187e+01 2.607141e+01 -2.000000e+00
    endloop
  endfacet
  facet normal 0.000000e+00 0.000000e+00 1.000000e+00
    outer loop
      vertex   3.168717e+01 2.624936e+01 -2.000000e+00
      vertex   3.151187e+01 2.607141e+01 -2.000000e+00
      vertex   3.171196e+01 2.608391e+01 -2.000000e+00
    endloop
  endfacet
  facet normal 0.000000e+00 0.000000e+00 1.000000e+00
    outer loop
      vertex   3.171196e+01 2.608391e+01 -2.000000e+00
      vertex   3.151187e+01 2.607141e+01 -2.000000e+00
      vertex   3.153053e+01 2.590874e+01 -2.000000e+00
    endloop
  endfacet
  facet normal 0.000000e+00 0.000000e+00 1.000000e+00
    outer loop
      vertex   3.171196e+01 2.608391e+01 -2.000000e+00
      vertex   3.153053e+01 2.590874e+01 -2.000000e+00
      vertex   3.173058e+01 2.591766e+01 -2.000000e+00
    endloop
  endfacet
  facet normal 0.000000e+00 0.000000e+00 1.000000e+00
    outer loop
      vertex   3.173058e+01 2.591766e+01 -2.000000e+00
      vertex   3.153053e+01 2.590874e+01 -2.000000e+00
      vertex   3.154299e+01 2.574548e+01 -2.000000e+00
    endloop
  endfacet
  facet normal 0.000000e+00 0.000000e+00 1.000000e+00
    outer loop
      vertex   3.173058e+01 2.591766e+01 -2.000000e+00
      vertex   3.154299e+01 2.574548e+01 -2.000000e+00
      vertex   3.174300e+01 2.575083e+01 -2.000000e+00
    endloop
  endfacet
  facet normal 0.000000e+00 0.000000e+00 1.000000e+00
    outer loop
      vertex   3.174300e+01 2.575083e+01 -2.000000e+00
      vertex   3.154299e+01 2.574548e+01 -2.000000e+00
      vertex   3.154922e+01 2.558187e+01 -2.000000e+00
    endloop
  endfacet
  facet normal 0.000000e+00 0.000000e+00 1.000000e+00
    outer loop
      vertex   3.174300e+01 2.575083e+01 -2.000000e+00
      vertex   3.154922e+01 2.558187e+01 -2.000000e+00
      vertex   3.174922e+01 2.558365e+01 -2.000000e+00
    endloop
  endfacet
  facet normal 0.000000e+00 0.000000e+00 1.000000e+00
    outer loop
      vertex   3.174922e+01 2.558365e+01 -2.000000e+00
      vertex   3.154922e+01 2.558187e+01 -2.000000e+00
      vertex   3.154922e+01 2.541813e+01 -2.000000e+00
    endloop
  endfacet
  facet normal 0.000000e+00 0.000000e+00 1.000000e+00
    outer loop
      vertex   3.174922e+01 2.558365e+01 -2.000000e+00
      vertex   3.154922e+01 2.541813e+01 -2.000000e+00
      vertex   3.174922e+01 2.541635e+01 -2.000000e+00
    endloop
  endfacet
  facet normal 0.000000e+00 0.000000e+00 1.000000e+00
    outer loop
      vertex   3.174922e+01 2.541635e+01 -2.000000e+00
      vertex   3.154922e+01 2.541813e+01 -2.000000e+00
      vertex   3.174300e+01 2.524917e+01 -2.000000e+00
    endloop
  endfacet
  facet normal 0.000000e+00 0.000000e+00 1.000000e+00
    outer loop
      vertex   3.174300e+01 2.524917e+01 -2.000000e+00
      vertex   3.154922e+01 2.541813e+01 -2.000000e+00
      vertex   3.154299e+01 2.525452e+01 -2.000000e+00
    endloop
  endfacet
  facet normal 0.000000e+00 0.000000e+00 1.000000e+00
    outer loop
      vertex   3.174300e+01 2.524917e+01 -2.000000e+00
      vertex   3.154299e+01 2.525452e+01 -2.000000e+00
      vertex   3.173058e+01 2.508234e+01 -2.000000e+00
    endloop
  endfacet
  facet normal 0.000000e+00 0.000000e+00 1.000000e+00
    outer loop
      vertex   3.173058e+01 2.508234e+01 -2.000000e+00
      vertex   3.154299e+01 2.525452e+01 -2.000000e+00
      vertex   3.153053e+01 2.509126e+01 -2.000000e+00
    endloop
  endfacet
  facet normal 0.000000e+00 0.000000e+00 1.000000e+00
    outer loop
      vertex   3.173058e+01 2.508234e+01 -2.000000e+00
      vertex   3.153053e+01 2.509126e+01 -2.000000e+00
      vertex   3.171196e+01 2.491609e+01 -2.000000e+00
    endloop
  endfacet
  facet normal 0.000000e+00 0.000000e+00 1.000000e+00
    outer loop
      vertex   3.171196e+01 2.491609e+01 -2.000000e+00
      vertex   3.153053e+01 2.509126e+01 -2.000000e+00
      vertex   3.151187e+01 2.492859e+01 -2.000000e+00
    endloop
  endfacet
  facet normal 0.000000e+00 0.000000e+00 1.000000e+00
    outer loop
      vertex   3.171196e+01 2.491609e+01 -2.000000e+00
      vertex   3.151187e+01 2.492859e+01 -2.000000e+00
      vertex   3.168717e+01 2.475064e+01 -2.000000e+00
    endloop
  endfacet
  facet normal 0.000000e+00 0.000000e+00 1.000000e+00
    outer loop
      vertex   3.168717e+01 2.475064e+01 -2.000000e+00
      vertex   3.151187e+01 2.492859e+01 -2.000000e+00
      vertex   3.148702e+01 2.476675e+01 -2.000000e+00
    endloop
  endfacet
  facet normal 0.000000e+00 0.000000e+00 1.000000e+00
    outer loop
      vertex   3.168717e+01 2.475064e+01 -2.000000e+00
      vertex   3.148702e+01 2.476675e+01 -2.000000e+00
      vertex   3.165625e+01 2.458623e+01 -2.000000e+00
    endloop
  endfacet
  facet normal 0.000000e+00 0.000000e+00 1.000000e+00
    outer loop
      vertex   3.165625e+01 2.458623e+01 -2.000000e+00
      vertex   3.148702e+01 2.476675e+01 -2.000000e+00
      vertex   3.145603e+01 2.460598e+01 -2.000000e+00
    endloop
  endfacet
  facet normal 0.000000e+00 0.000000e+00 1.000000e+00
    outer loop
      vertex   3.165625e+01 2.458623e+01 -2.000000e+00
      vertex   3.145603e+01 2.460598e+01 -2.000000e+00
      vertex   3.161924e+01 2.442308e+01 -2.000000e+00
    endloop
  endfacet
  facet normal 0.000000e+00 0.000000e+00 1.000000e+00
    outer loop
      vertex   3.161924e+01 2.442308e+01 -2.000000e+00
      vertex   3.145603e+01 2.460598e+01 -2.000000e+00
      vertex   3.141895e+01 2.444650e+01 -2.000000e+00
    endloop
  endfacet
  facet normal 0.000000e+00 0.000000e+00 1.000000e+00
    outer loop
      vertex   3.161924e+01 2.442308e+01 -2.000000e+00
      vertex   3.141895e+01 2.444650e+01 -2.000000e+00
      vertex   3.157619e+01 2.426142e+01 -2.000000e+00
    endloop
  endfacet
  facet normal 0.000000e+00 0.000000e+00 1.000000e+00
    outer loop
      vertex   3.157619e+01 2.426142e+01 -2.000000e+00
      vertex   3.141895e+01 2.444650e+01 -2.000000e+00
      vertex   3.137582e+01 2.428855e+01 -2.000000e+00
    endloop
  endfacet
  facet normal 0.000000e+00 0.000000e+00 1.000000e+00
    outer loop
      vertex   3.157619e+01 2.426142e+01 -2.000000e+00
      vertex   3.137582e+01 2.428855e+01 -2.000000e+00
      vertex   3.152716e+01 2.410147e+01 -2.000000e+00
    endloop
  endfacet
  facet normal 0.000000e+00 0.000000e+00 1.000000e+00
    outer loop
      vertex   3.152716e+01 2.410147e+01 -2.000000e+00
      vertex   3.137582e+01 2.428855e+01 -2.000000e+00
      vertex   3.132671e+01 2.413236e+01 -2.000000e+00
    endloop
  endfacet
  facet normal 0.000000e+00 0.000000e+00 1.000000e+00
    outer loop
      vertex   3.152716e+01 2.410147e+01 -2.000000e+00
      vertex   3.132671e+01 2.413236e+01 -2.000000e+00
      vertex   3.147222e+01 2.394345e+01 -2.000000e+00
    endloop
  endfacet
  facet normal 0.000000e+00 0.000000e+00 1.000000e+00
    outer loop
      vertex   3.147222e+01 2.394345e+01 -2.000000e+00
      vertex   3.132671e+01 2.413236e+01 -2.000000e+00
      vertex   3.127169e+01 2.397814e+01 -2.000000e+00
    endloop
  endfacet
  facet normal 0.000000e+00 0.000000e+00 1.000000e+00
    outer loop
      vertex   3.147222e+01 2.394345e+01 -2.000000e+00
      vertex   3.127169e+01 2.397814e+01 -2.000000e+00
      vertex   3.141145e+01 2.378759e+01 -2.000000e+00
    endloop
  endfacet
  facet normal 0.000000e+00 0.000000e+00 1.000000e+00
    outer loop
      vertex   3.141145e+01 2.378759e+01 -2.000000e+00
      vertex   3.127169e+01 2.397814e+01 -2.000000e+00
      vertex   3.121083e+01 2.382614e+01 -2.000000e+00
    endloop
  endfacet
  facet normal 0.000000e+00 0.000000e+00 1.000000e+00
    outer loop
      vertex   3.141145e+01 2.378759e+01 -2.000000e+00
      vertex   3.121083e+01 2.382614e+01 -2.000000e+00
      vertex   3.134492e+01 2.363409e+01 -2.000000e+00
    endloop
  endfacet
  facet normal 0.000000e+00 0.000000e+00 1.000000e+00
    outer loop
      vertex   3.134492e+01 2.363409e+01 -2.000000e+00
      vertex   3.121083e+01 2.382614e+01 -2.000000e+00
      vertex   3.114424e+01 2.367656e+01 -2.000000e+00
    endloop
  endfacet
  facet normal 0.000000e+00 0.000000e+00 1.000000e+00
    outer loop
      vertex   3.134492e+01 2.363409e+01 -2.000000e+00
      vertex   3.114424e+01 2.367656e+01 -2.000000e+00
      vertex   3.127274e+01 2.348317e+01 -2.000000e+00
    endloop
  endfacet
  facet normal 0.000000e+00 0.000000e+00 1.000000e+00
    outer loop
      vertex   3.127274e+01 2.348317e+01 -2.000000e+00
      vertex   3.114424e+01 2.367656e+01 -2.000000e+00
      vertex   3.107199e+01 2.352963e+01 -2.000000e+00
    endloop
  endfacet
  facet normal 0.000000e+00 0.000000e+00 1.000000e+00
    outer loop
      vertex   3.127274e+01 2.348317e+01 -2.000000e+00
      vertex   3.107199e+01 2.352963e+01 -2.000000e+00
      vertex   3.119499e+01 2.333504e+01 -2.000000e+00
    endloop
  endfacet
  facet normal 0.000000e+00 0.000000e+00 1.000000e+00
    outer loop
      vertex   3.119499e+01 2.333504e+01 -2.000000e+00
      vertex   3.107199e+01 2.352963e+01 -2.000000e+00
      vertex   3.099421e+01 2.338555e+01 -2.000000e+00
    endloop
  endfacet
  facet normal 0.000000e+00 0.000000e+00 1.000000e+00
    outer loop
      vertex   3.119499e+01 2.333504e+01 -2.000000e+00
      vertex   3.099421e+01 2.338555e+01 -2.000000e+00
      vertex   3.111179e+01 2.318990e+01 -2.000000e+00
    endloop
  endfacet
  facet normal 0.000000e+00 0.000000e+00 1.000000e+00
    outer loop
      vertex   3.111179e+01 2.318990e+01 -2.000000e+00
      vertex   3.099421e+01 2.338555e+01 -2.000000e+00
      vertex   3.091100e+01 2.324454e+01 -2.000000e+00
    endloop
  endfacet
  facet normal 0.000000e+00 0.000000e+00 1.000000e+00
    outer loop
      vertex   3.111179e+01 2.318990e+01 -2.000000e+00
      vertex   3.091100e+01 2.324454e+01 -2.000000e+00
      vertex   3.102326e+01 2.304796e+01 -2.000000e+00
    endloop
  endfacet
  facet normal 0.000000e+00 0.000000e+00 1.000000e+00
    outer loop
      vertex   3.102326e+01 2.304796e+01 -2.000000e+00
      vertex   3.091100e+01 2.324454e+01 -2.000000e+00
      vertex   3.082247e+01 2.310680e+01 -2.000000e+00
    endloop
  endfacet
  facet normal 0.000000e+00 0.000000e+00 1.000000e+00
    outer loop
      vertex   3.102326e+01 2.304796e+01 -2.000000e+00
      vertex   3.082247e+01 2.310680e+01 -2.000000e+00
      vertex   3.092951e+01 2.290940e+01 -2.000000e+00
    endloop
  endfacet
  facet normal 0.000000e+00 0.000000e+00 1.000000e+00
    outer loop
      vertex   3.092951e+01 2.290940e+01 -2.000000e+00
      vertex   3.082247e+01 2.310680e+01 -2.000000e+00
      vertex   3.072877e+01 2.297252e+01 -2.000000e+00
    endloop
  endfacet
  facet normal 0.000000e+00 0.000000e+00 1.000000e+00
    outer loop
      vertex   3.092951e+01 2.290940e+01 -2.000000e+00
      vertex   3.072877e+01 2.297252e+01 -2.000000e+00
      vertex   3.083067e+01 2.277442e+01 -2.000000e+00
    endloop
  endfacet
  facet normal 0.000000e+00 0.000000e+00 1.000000e+00
    outer loop
      vertex   3.083067e+01 2.277442e+01 -2.000000e+00
      vertex   3.072877e+01 2.297252e+01 -2.000000e+00
      vertex   3.063003e+01 2.284192e+01 -2.000000e+00
    endloop
  endfacet
  facet normal 0.000000e+00 0.000000e+00 1.000000e+00
    outer loop
      vertex   3.083067e+01 2.277442e+01 -2.000000e+00
      vertex   3.063003e+01 2.284192e+01 -2.000000e+00
      vertex   3.072689e+01 2.264321e+01 -2.000000e+00
    endloop
  endfacet
  facet normal 0.000000e+00 0.000000e+00 1.000000e+00
    outer loop
      vertex   3.072689e+01 2.264321e+01 -2.000000e+00
      vertex   3.063003e+01 2.284192e+01 -2.000000e+00
      vertex   3.052638e+01 2.271516e+01 -2.000000e+00
    endloop
  endfacet
  facet normal 0.000000e+00 0.000000e+00 1.000000e+00
    outer loop
      vertex   3.072689e+01 2.264321e+01 -2.000000e+00
      vertex   3.052638e+01 2.271516e+01 -2.000000e+00
      vertex   3.061830e+01 2.251595e+01 -2.000000e+00
    endloop
  endfacet
  facet normal 0.000000e+00 0.000000e+00 1.000000e+00
    outer loop
      vertex   3.061830e+01 2.251595e+01 -2.000000e+00
      vertex   3.052638e+01 2.271516e+01 -2.000000e+00
      vertex   3.041799e+01 2.259245e+01 -2.000000e+00
    endloop
  endfacet
  facet normal 0.000000e+00 0.000000e+00 1.000000e+00
    outer loop
      vertex   3.061830e+01 2.251595e+01 -2.000000e+00
      vertex   3.041799e+01 2.259245e+01 -2.000000e+00
      vertex   3.050505e+01 2.239281e+01 -2.000000e+00
    endloop
  endfacet
  facet normal 0.000000e+00 0.000000e+00 1.000000e+00
    outer loop
      vertex   3.050505e+01 2.239281e+01 -2.000000e+00
      vertex   3.041799e+01 2.259245e+01 -2.000000e+00
      vertex   3.030500e+01 2.247395e+01 -2.000000e+00
    endloop
  endfacet
  facet normal 0.000000e+00 0.000000e+00 1.000000e+00
    outer loop
      vertex   3.050505e+01 2.239281e+01 -2.000000e+00
      vertex   3.030500e+01 2.247395e+01 -2.000000e+00
      vertex   3.038731e+01 2.227397e+01 -2.000000e+00
    endloop
  endfacet
  facet normal 0.000000e+00 0.000000e+00 1.000000e+00
    outer loop
      vertex   3.038731e+01 2.227397e+01 -2.000000e+00
      vertex   3.030500e+01 2.247395e+01 -2.000000e+00
      vertex   3.018758e+01 2.235984e+01 -2.000000e+00
    endloop
  endfacet
  facet normal 0.000000e+00 0.000000e+00 1.000000e+00
    outer loop
      vertex   3.038731e+01 2.227397e+01 -2.000000e+00
      vertex   3.018758e+01 2.235984e+01 -2.000000e+00
      vertex   3.026523e+01 2.215958e+01 -2.000000e+00
    endloop
  endfacet
  facet normal 0.000000e+00 0.000000e+00 1.000000e+00
    outer loop
      vertex   3.026523e+01 2.215958e+01 -2.000000e+00
      vertex   3.018758e+01 2.235984e+01 -2.000000e+00
      vertex   3.006590e+01 2.225028e+01 -2.000000e+00
    endloop
  endfacet
  facet normal 0.000000e+00 0.000000e+00 1.000000e+00
    outer loop
      vertex   3.026523e+01 2.215958e+01 -2.000000e+00
      vertex   3.006590e+01 2.225028e+01 -2.000000e+00
      vertex   3.013898e+01 2.204981e+01 -2.000000e+00
    endloop
  endfacet
  facet normal 0.000000e+00 0.000000e+00 1.000000e+00
    outer loop
      vertex   3.013898e+01 2.204981e+01 -2.000000e+00
      vertex   3.006590e+01 2.225028e+01 -2.000000e+00
      vertex   2.994014e+01 2.214543e+01 -2.000000e+00
    endloop
  endfacet
  facet normal 0.000000e+00 0.000000e+00 1.000000e+00
    outer loop
      vertex   3.013898e+01 2.204981e+01 -2.000000e+00
      vertex   2.994014e+01 2.214543e+01 -2.000000e+00
      vertex   3.000874e+01 2.194482e+01 -2.000000e+00
    endloop
  endfacet
  facet normal 0.000000e+00 0.000000e+00 1.000000e+00
    outer loop
      vertex   3.000874e+01 2.194482e+01 -2.000000e+00
      vertex   2.994014e+01 2.214543e+01 -2.000000e+00
      vertex   2.981048e+01 2.204545e+01 -2.000000e+00
    endloop
  endfacet
  facet normal 0.000000e+00 0.000000e+00 1.000000e+00
    outer loop
      vertex   3.000874e+01 2.194482e+01 -2.000000e+00
      vertex   2.981048e+01 2.204545e+01 -2.000000e+00
      vertex   2.987469e+01 2.184473e+01 -2.000000e+00
    endloop
  endfacet
  facet normal 0.000000e+00 0.000000e+00 1.000000e+00
    outer loop
      vertex   2.987469e+01 2.184473e+01 -2.000000e+00
      vertex   2.981048e+01 2.204545e+01 -2.000000e+00
      vertex   2.967711e+01 2.195047e+01 -2.000000e+00
    endloop
  endfacet
  facet normal 0.000000e+00 0.000000e+00 1.000000e+00
    outer loop
      vertex   2.987469e+01 2.184473e+01 -2.000000e+00
      vertex   2.967711e+01 2.195047e+01 -2.000000e+00
      vertex   2.973701e+01 2.174970e+01 -2.000000e+00
    endloop
  endfacet
  facet normal 0.000000e+00 0.000000e+00 1.000000e+00
    outer loop
      vertex   2.973701e+01 2.174970e+01 -2.000000e+00
      vertex   2.967711e+01 2.195047e+01 -2.000000e+00
      vertex   2.954021e+01 2.186064e+01 -2.000000e+00
    endloop
  endfacet
  facet normal 0.000000e+00 0.000000e+00 1.000000e+00
    outer loop
      vertex   2.973701e+01 2.174970e+01 -2.000000e+00
      vertex   2.954021e+01 2.186064e+01 -2.000000e+00
      vertex   2.959589e+01 2.165984e+01 -2.000000e+00
    endloop
  endfacet
  facet normal 0.000000e+00 0.000000e+00 1.000000e+00
    outer loop
      vertex   2.959589e+01 2.165984e+01 -2.000000e+00
      vertex   2.954021e+01 2.186064e+01 -2.000000e+00
      vertex   2.940000e+01 2.177609e+01 -2.000000e+00
    endloop
  endfacet
  facet normal 0.000000e+00 0.000000e+00 1.000000e+00
    outer loop
      vertex   2.959589e+01 2.165984e+01 -2.000000e+00
      vertex   2.940000e+01 2.177609e+01 -2.000000e+00
      vertex   2.945153e+01 2.157530e+01 -2.000000e+00
    endloop
  endfacet
  facet normal 0.000000e+00 0.000000e+00 1.000000e+00
    outer loop
      vertex   2.945153e+01 2.157530e+01 -2.000000e+00
      vertex   2.940000e+01 2.177609e+01 -2.000000e+00
      vertex   2.925667e+01 2.169694e+01 -2.000000e+00
    endloop
  endfacet
  facet normal 0.000000e+00 0.000000e+00 1.000000e+00
    outer loop
      vertex   2.945153e+01 2.157530e+01 -2.000000e+00
      vertex   2.925667e+01 2.169694e+01 -2.000000e+00
      vertex   2.930413e+01 2.149618e+01 -2.000000e+00
    endloop
  endfacet
  facet normal 0.000000e+00 0.000000e+00 1.000000e+00
    outer loop
      vertex   2.930413e+01 2.149618e+01 -2.000000e+00
      vertex   2.925667e+01 2.169694e+01 -2.000000e+00
      vertex   2.911043e+01 2.162330e+01 -2.000000e+00
    endloop
  endfacet
  facet normal 0.000000e+00 0.000000e+00 1.000000e+00
    outer loop
      vertex   2.930413e+01 2.149618e+01 -2.000000e+00
      vertex   2.911043e+01 2.162330e+01 -2.000000e+00
      vertex   2.915389e+01 2.142260e+01 -2.000000e+00
    endloop
  endfacet
  facet normal 0.000000e+00 0.000000e+00 1.000000e+00
    outer loop
      vertex   2.915389e+01 2.142260e+01 -2.000000e+00
      vertex   2.911043e+01 2.162330e+01 -2.000000e+00
      vertex   2.896149e+01 2.155528e+01 -2.000000e+00
    endloop
  endfacet
  facet normal 0.000000e+00 0.000000e+00 1.000000e+00
    outer loop
      vertex   2.915389e+01 2.142260e+01 -2.000000e+00
      vertex   2.896149e+01 2.155528e+01 -2.000000e+00
      vertex   2.900101e+01 2.135465e+01 -2.000000e+00
    endloop
  endfacet
  facet normal 0.000000e+00 0.000000e+00 1.000000e+00
    outer loop
      vertex   2.900101e+01 2.135465e+01 -2.000000e+00
      vertex   2.896149e+01 2.155528e+01 -2.000000e+00
      vertex   2.881007e+01 2.149298e+01 -2.000000e+00
    endloop
  endfacet
  facet normal 0.000000e+00 0.000000e+00 1.000000e+00
    outer loop
      vertex   2.900101e+01 2.135465e+01 -2.000000e+00
      vertex   2.881007e+01 2.149298e+01 -2.000000e+00
      vertex   2.884572e+01 2.129243e+01 -2.000000e+00
    endloop
  endfacet
  facet normal 0.000000e+00 0.000000e+00 1.000000e+00
    outer loop
      vertex   2.884572e+01 2.129243e+01 -2.000000e+00
      vertex   2.881007e+01 2.149298e+01 -2.000000e+00
      vertex   2.865639e+01 2.143650e+01 -2.000000e+00
    endloop
  endfacet
  facet normal 0.000000e+00 0.000000e+00 1.000000e+00
    outer loop
      vertex   2.884572e+01 2.129243e+01 -2.000000e+00
      vertex   2.865639e+01 2.143650e+01 -2.000000e+00
      vertex   2.868822e+01 2.123602e+01 -2.000000e+00
    endloop
  endfacet
  facet normal 0.000000e+00 0.000000e+00 1.000000e+00
    outer loop
      vertex   2.868822e+01 2.123602e+01 -2.000000e+00
      vertex   2.865639e+01 2.143650e+01 -2.000000e+00
      vertex   2.850067e+01 2.138590e+01 -2.000000e+00
    endloop
  endfacet
  facet normal 0.000000e+00 0.000000e+00 1.000000e+00
    outer loop
      vertex   2.868822e+01 2.123602e+01 -2.000000e+00
      vertex   2.850067e+01 2.138590e+01 -2.000000e+00
      vertex   2.852874e+01 2.118551e+01 -2.000000e+00
    endloop
  endfacet
  facet normal 0.000000e+00 0.000000e+00 1.000000e+00
    outer loop
      vertex   2.852874e+01 2.118551e+01 -2.000000e+00
      vertex   2.850067e+01 2.138590e+01 -2.000000e+00
      vertex   2.834314e+01 2.134127e+01 -2.000000e+00
    endloop
  endfacet
  facet normal 0.000000e+00 0.000000e+00 1.000000e+00
    outer loop
      vertex   2.852874e+01 2.118551e+01 -2.000000e+00
      vertex   2.834314e+01 2.134127e+01 -2.000000e+00
      vertex   2.836748e+01 2.114096e+01 -2.000000e+00
    endloop
  endfacet
  facet normal 0.000000e+00 0.000000e+00 1.000000e+00
    outer loop
      vertex   2.836748e+01 2.114096e+01 -2.000000e+00
      vertex   2.834314e+01 2.134127e+01 -2.000000e+00
      vertex   2.818402e+01 2.130267e+01 -2.000000e+00
    endloop
  endfacet
  facet normal 0.000000e+00 0.000000e+00 1.000000e+00
    outer loop
      vertex   2.836748e+01 2.114096e+01 -2.000000e+00
      vertex   2.818402e+01 2.130267e+01 -2.000000e+00
      vertex   2.820469e+01 2.110244e+01 -2.000000e+00
    endloop
  endfacet
  facet normal 0.000000e+00 0.000000e+00 1.000000e+00
    outer loop
      vertex   2.820469e+01 2.110244e+01 -2.000000e+00
      vertex   2.818402e+01 2.130267e+01 -2.000000e+00
      vertex   2.802355e+01 2.127015e+01 -2.000000e+00
    endloop
  endfacet
  facet normal 0.000000e+00 0.000000e+00 1.000000e+00
    outer loop
      vertex   2.820469e+01 2.110244e+01 -2.000000e+00
      vertex   2.802355e+01 2.127015e+01 -2.000000e+00
      vertex   2.804057e+01 2.106999e+01 -2.000000e+00
    endloop
  endfacet
  facet normal 0.000000e+00 0.000000e+00 1.000000e+00
    outer loop
      vertex   2.804057e+01 2.106999e+01 -2.000000e+00
      vertex   2.802355e+01 2.127015e+01 -2.000000e+00
      vertex   2.786195e+01 2.124377e+01 -2.000000e+00
    endloop
  endfacet
  facet normal 0.000000e+00 0.000000e+00 1.000000e+00
    outer loop
      vertex   2.804057e+01 2.106999e+01 -2.000000e+00
      vertex   2.786195e+01 2.124377e+01 -2.000000e+00
      vertex   2.787536e+01 2.104366e+01 -2.000000e+00
    endloop
  endfacet
  facet normal 0.000000e+00 0.000000e+00 1.000000e+00
    outer loop
      vertex   2.787536e+01 2.104366e+01 -2.000000e+00
      vertex   2.786195e+01 2.124377e+01 -2.000000e+00
      vertex   2.769947e+01 2.122356e+01 -2.000000e+00
    endloop
  endfacet
  facet normal 0.000000e+00 0.000000e+00 1.000000e+00
    outer loop
      vertex   2.787536e+01 2.104366e+01 -2.000000e+00
      vertex   2.769947e+01 2.122356e+01 -2.000000e+00
      vertex   2.770928e+01 2.102350e+01 -2.000000e+00
    endloop
  endfacet
  facet normal 0.000000e+00 0.000000e+00 1.000000e+00
    outer loop
      vertex   2.770928e+01 2.102350e+01 -2.000000e+00
      vertex   2.769947e+01 2.122356e+01 -2.000000e+00
      vertex   2.753634e+01 2.120954e+01 -2.000000e+00
    endloop
  endfacet
  facet normal 0.000000e+00 0.000000e+00 1.000000e+00
    outer loop
      vertex   2.770928e+01 2.102350e+01 -2.000000e+00
      vertex   2.753634e+01 2.120954e+01 -2.000000e+00
      vertex   2.754258e+01 2.100952e+01 -2.000000e+00
    endloop
  endfacet
  facet normal 0.000000e+00 0.000000e+00 1.000000e+00
    outer loop
      vertex   2.754258e+01 2.100952e+01 -2.000000e+00
      vertex   2.753634e+01 2.120954e+01 -2.000000e+00
      vertex   2.737279e+01 2.120175e+01 -2.000000e+00
    endloop
  endfacet
  facet normal 0.000000e+00 0.000000e+00 1.000000e+00
    outer loop
      vertex   2.754258e+01 2.100952e+01 -2.000000e+00
      vertex   2.737279e+01 2.120175e+01 -2.000000e+00
      vertex   2.737546e+01 2.100175e+01 -2.000000e+00
    endloop
  endfacet
  facet normal 0.000000e+00 0.000000e+00 1.000000e+00
    outer loop
      vertex   2.737546e+01 2.100175e+01 -2.000000e+00
      vertex   2.737279e+01 2.120175e+01 -2.000000e+00
      vertex   2.720906e+01 2.120019e+01 -2.000000e+00
    endloop
  endfacet
  facet normal 0.000000e+00 0.000000e+00 1.000000e+00
    outer loop
      vertex   2.737546e+01 2.100175e+01 -2.000000e+00
      vertex   2.720906e+01 2.120019e+01 -2.000000e+00
      vertex   2.720817e+01 2.100019e+01 -2.000000e+00
    endloop
  endfacet
  facet normal 0.000000e+00 -0.000000e+00 1.000000e+00
    outer loop
      vertex   2.720817e+01 2.100019e+01 -2.000000e+00
      vertex   2.720906e+01 2.120019e+01 -2.000000e+00
      vertex   2.704095e+01 2.100486e+01 -2.000000e+00
    endloop
  endfacet
  facet normal 0.000000e+00 0.000000e+00 1.000000e+00
    outer loop
      vertex   2.704095e+01 2.100486e+01 -2.000000e+00
      vertex   2.720906e+01 2.120019e+01 -2.000000e+00
      vertex   2.704540e+01 2.120487e+01 -2.000000e+00
    endloop
  endfacet
  facet normal 0.000000e+00 -0.000000e+00 1.000000e+00
    outer loop
      vertex   2.704095e+01 2.100486e+01 -2.000000e+00
      vertex   2.704540e+01 2.120487e+01 -2.000000e+00
      vertex   2.687401e+01 2.101574e+01 -2.000000e+00
    endloop
  endfacet
  facet normal 0.000000e+00 0.000000e+00 1.000000e+00
    outer loop
      vertex   2.687401e+01 2.101574e+01 -2.000000e+00
      vertex   2.704540e+01 2.120487e+01 -2.000000e+00
      vertex   2.688203e+01 2.121577e+01 -2.000000e+00
    endloop
  endfacet
  facet normal 0.000000e+00 -0.000000e+00 1.000000e+00
    outer loop
      vertex   2.687401e+01 2.101574e+01 -2.000000e+00
      vertex   2.688203e+01 2.121577e+01 -2.000000e+00
      vertex   2.670758e+01 2.103281e+01 -2.000000e+00
    endloop
  endfacet
  facet normal 0.000000e+00 0.000000e+00 1.000000e+00
    outer loop
      vertex   2.670758e+01 2.103281e+01 -2.000000e+00
      vertex   2.688203e+01 2.121577e+01 -2.000000e+00
      vertex   2.671919e+01 2.123289e+01 -2.000000e+00
    endloop
  endfacet
  facet normal 0.000000e+00 -0.000000e+00 1.000000e+00
    outer loop
      vertex   2.670758e+01 2.103281e+01 -2.000000e+00
      vertex   2.671919e+01 2.123289e+01 -2.000000e+00
      vertex   2.654191e+01 2.105606e+01 -2.000000e+00
    endloop
  endfacet
  facet normal 0.000000e+00 0.000000e+00 1.000000e+00
    outer loop
      vertex   2.654191e+01 2.105606e+01 -2.000000e+00
      vertex   2.671919e+01 2.123289e+01 -2.000000e+00
      vertex   2.655712e+01 2.125619e+01 -2.000000e+00
    endloop
  endfacet
  facet normal 0.000000e+00 -0.000000e+00 1.000000e+00
    outer loop
      vertex   2.654191e+01 2.105606e+01 -2.000000e+00
      vertex   2.655712e+01 2.125619e+01 -2.000000e+00
      vertex   2.637722e+01 2.108545e+01 -2.000000e+00
    endloop
  endfacet
  facet normal 0.000000e+00 0.000000e+00 1.000000e+00
    outer loop
      vertex   2.637722e+01 2.108545e+01 -2.000000e+00
      vertex   2.655712e+01 2.125619e+01 -2.000000e+00
      vertex   2.639606e+01 2.128564e+01 -2.000000e+00
    endloop
  endfacet
  facet normal 0.000000e+00 -0.000000e+00 1.000000e+00
    outer loop
      vertex   2.637722e+01 2.108545e+01 -2.000000e+00
      vertex   2.639606e+01 2.128564e+01 -2.000000e+00
      vertex   2.621374e+01 2.112094e+01 -2.000000e+00
    endloop
  endfacet
  facet normal 0.000000e+00 0.000000e+00 1.000000e+00
    outer loop
      vertex   2.621374e+01 2.112094e+01 -2.000000e+00
      vertex   2.639606e+01 2.128564e+01 -2.000000e+00
      vertex   2.623624e+01 2.132121e+01 -2.000000e+00
    endloop
  endfacet
  facet normal 0.000000e+00 -0.000000e+00 1.000000e+00
    outer loop
      vertex   2.621374e+01 2.112094e+01 -2.000000e+00
      vertex   2.623624e+01 2.132121e+01 -2.000000e+00
      vertex   2.605168e+01 2.116249e+01 -2.000000e+00
    endloop
  endfacet
  facet normal 0.000000e+00 0.000000e+00 1.000000e+00
    outer loop
      vertex   2.605168e+01 2.116249e+01 -2.000000e+00
      vertex   2.623624e+01 2.132121e+01 -2.000000e+00
      vertex   2.607788e+01 2.136283e+01 -2.000000e+00
    endloop
  endfacet
  facet normal 0.000000e+00 -0.000000e+00 1.000000e+00
    outer loop
      vertex   2.605168e+01 2.116249e+01 -2.000000e+00
      vertex   2.607788e+01 2.136283e+01 -2.000000e+00
      vertex   2.589128e+01 2.121002e+01 -2.000000e+00
    endloop
  endfacet
  facet normal 0.000000e+00 0.000000e+00 1.000000e+00
    outer loop
      vertex   2.589128e+01 2.121002e+01 -2.000000e+00
      vertex   2.607788e+01 2.136283e+01 -2.000000e+00
      vertex   2.592123e+01 2.141046e+01 -2.000000e+00
    endloop
  endfacet
  facet normal 0.000000e+00 -0.000000e+00 1.000000e+00
    outer loop
      vertex   2.589128e+01 2.121002e+01 -2.000000e+00
      vertex   2.592123e+01 2.141046e+01 -2.000000e+00
      vertex   2.573277e+01 2.126349e+01 -2.000000e+00
    endloop
  endfacet
  facet normal 0.000000e+00 0.000000e+00 1.000000e+00
    outer loop
      vertex   2.573277e+01 2.126349e+01 -2.000000e+00
      vertex   2.592123e+01 2.141046e+01 -2.000000e+00
      vertex   2.576650e+01 2.146401e+01 -2.000000e+00
    endloop
  endfacet
  facet normal 0.000000e+00 -0.000000e+00 1.000000e+00
    outer loop
      vertex   2.573277e+01 2.126349e+01 -2.000000e+00
      vertex   2.576650e+01 2.146401e+01 -2.000000e+00
      vertex   2.557634e+01 2.132282e+01 -2.000000e+00
    endloop
  endfacet
  facet normal 0.000000e+00 0.000000e+00 1.000000e+00
    outer loop
      vertex   2.557634e+01 2.132282e+01 -2.000000e+00
      vertex   2.576650e+01 2.146401e+01 -2.000000e+00
      vertex   2.561392e+01 2.152341e+01 -2.000000e+00
    endloop
  endfacet
  facet normal 0.000000e+00 -0.000000e+00 1.000000e+00
    outer loop
      vertex   2.557634e+01 2.132282e+01 -2.000000e+00
      vertex   2.561392e+01 2.152341e+01 -2.000000e+00
      vertex   2.542223e+01 2.138791e+01 -2.000000e+00
    endloop
  endfacet
  facet normal 0.000000e+00 0.000000e+00 1.000000e+00
    outer loop
      vertex   2.542223e+01 2.138791e+01 -2.000000e+00
      vertex   2.561392e+01 2.152341e+01 -2.000000e+00
      vertex   2.546372e+01 2.158858e+01 -2.000000e+00
    endloop
  endfacet
  facet normal 0.000000e+00 -0.000000e+00 1.000000e+00
    outer loop
      vertex   2.542223e+01 2.138791e+01 -2.000000e+00
      vertex   2.546372e+01 2.158858e+01 -2.000000e+00
      vertex   2.527065e+01 2.145869e+01 -2.000000e+00
    endloop
  endfacet
  facet normal 0.000000e+00 0.000000e+00 1.000000e+00
    outer loop
      vertex   2.527065e+01 2.145869e+01 -2.000000e+00
      vertex   2.546372e+01 2.158858e+01 -2.000000e+00
      vertex   2.531610e+01 2.165942e+01 -2.000000e+00
    endloop
  endfacet
  facet normal 0.000000e+00 -0.000000e+00 1.000000e+00
    outer loop
      vertex   2.527065e+01 2.145869e+01 -2.000000e+00
      vertex   2.531610e+01 2.165942e+01 -2.000000e+00
      vertex   2.512180e+01 2.153506e+01 -2.000000e+00
    endloop
  endfacet
  facet normal 0.000000e+00 0.000000e+00 1.000000e+00
    outer loop
      vertex   2.512180e+01 2.153506e+01 -2.000000e+00
      vertex   2.531610e+01 2.165942e+01 -2.000000e+00
      vertex   2.517129e+01 2.173583e+01 -2.000000e+00
    endloop
  endfacet
  facet normal 0.000000e+00 -0.000000e+00 1.000000e+00
    outer loop
      vertex   2.512180e+01 2.153506e+01 -2.000000e+00
      vertex   2.517129e+01 2.173583e+01 -2.000000e+00
      vertex   2.497590e+01 2.161690e+01 -2.000000e+00
    endloop
  endfacet
  facet normal 0.000000e+00 0.000000e+00 1.000000e+00
    outer loop
      vertex   2.497590e+01 2.161690e+01 -2.000000e+00
      vertex   2.517129e+01 2.173583e+01 -2.000000e+00
      vertex   2.502949e+01 2.181770e+01 -2.000000e+00
    endloop
  endfacet
  facet normal 0.000000e+00 -0.000000e+00 1.000000e+00
    outer loop
      vertex   2.497590e+01 2.161690e+01 -2.000000e+00
      vertex   2.502949e+01 2.181770e+01 -2.000000e+00
      vertex   2.483313e+01 2.170411e+01 -2.000000e+00
    endloop
  endfacet
  facet normal 0.000000e+00 0.000000e+00 1.000000e+00
    outer loop
      vertex   2.483313e+01 2.170411e+01 -2.000000e+00
      vertex   2.502949e+01 2.181770e+01 -2.000000e+00
      vertex   2.489091e+01 2.190491e+01 -2.000000e+00
    endloop
  endfacet
  facet normal 0.000000e+00 -0.000000e+00 1.000000e+00
    outer loop
      vertex   2.483313e+01 2.170411e+01 -2.000000e+00
      vertex   2.489091e+01 2.190491e+01 -2.000000e+00
      vertex   2.469371e+01 2.179657e+01 -2.000000e+00
    endloop
  endfacet
  facet normal 0.000000e+00 0.000000e+00 1.000000e+00
    outer loop
      vertex   2.469371e+01 2.179657e+01 -2.000000e+00
      vertex   2.489091e+01 2.190491e+01 -2.000000e+00
      vertex   2.475576e+01 2.199732e+01 -2.000000e+00
    endloop
  endfacet
  facet normal 0.000000e+00 -0.000000e+00 1.000000e+00
    outer loop
      vertex   2.469371e+01 2.179657e+01 -2.000000e+00
      vertex   2.475576e+01 2.199732e+01 -2.000000e+00
      vertex   2.455782e+01 2.189415e+01 -2.000000e+00
    endloop
  endfacet
  facet normal 0.000000e+00 0.000000e+00 1.000000e+00
    outer loop
      vertex   2.455782e+01 2.189415e+01 -2.000000e+00
      vertex   2.475576e+01 2.199732e+01 -2.000000e+00
      vertex   2.462421e+01 2.209482e+01 -2.000000e+00
    endloop
  endfacet
  facet normal 0.000000e+00 -0.000000e+00 1.000000e+00
    outer loop
      vertex   2.455782e+01 2.189415e+01 -2.000000e+00
      vertex   2.462421e+01 2.209482e+01 -2.000000e+00
      vertex   2.442565e+01 2.199671e+01 -2.000000e+00
    endloop
  endfacet
  facet normal 0.000000e+00 0.000000e+00 1.000000e+00
    outer loop
      vertex   2.442565e+01 2.199671e+01 -2.000000e+00
      vertex   2.462421e+01 2.209482e+01 -2.000000e+00
      vertex   2.449648e+01 2.219725e+01 -2.000000e+00
    endloop
  endfacet
  facet normal 0.000000e+00 -0.000000e+00 1.000000e+00
    outer loop
      vertex   2.442565e+01 2.199671e+01 -2.000000e+00
      vertex   2.449648e+01 2.219725e+01 -2.000000e+00
      vertex   2.429738e+01 2.210411e+01 -2.000000e+00
    endloop
  endfacet
  facet normal 0.000000e+00 0.000000e+00 1.000000e+00
    outer loop
      vertex   2.429738e+01 2.210411e+01 -2.000000e+00
      vertex   2.449648e+01 2.219725e+01 -2.000000e+00
      vertex   2.437274e+01 2.230448e+01 -2.000000e+00
    endloop
  endfacet
  facet normal 0.000000e+00 -0.000000e+00 1.000000e+00
    outer loop
      vertex   2.429738e+01 2.210411e+01 -2.000000e+00
      vertex   2.437274e+01 2.230448e+01 -2.000000e+00
      vertex   2.417320e+01 2.221621e+01 -2.000000e+00
    endloop
  endfacet
  facet normal 0.000000e+00 0.000000e+00 1.000000e+00
    outer loop
      vertex   2.417320e+01 2.221621e+01 -2.000000e+00
      vertex   2.437274e+01 2.230448e+01 -2.000000e+00
      vertex   2.425317e+01 2.241633e+01 -2.000000e+00
    endloop
  endfacet
  facet normal 0.000000e+00 -0.000000e+00 1.000000e+00
    outer loop
      vertex   2.417320e+01 2.221621e+01 -2.000000e+00
      vertex   2.425317e+01 2.241633e+01 -2.000000e+00
      vertex   2.405327e+01 2.233284e+01 -2.000000e+00
    endloop
  endfacet
  facet normal 0.000000e+00 0.000000e+00 1.000000e+00
    outer loop
      vertex   2.405327e+01 2.233284e+01 -2.000000e+00
      vertex   2.425317e+01 2.241633e+01 -2.000000e+00
      vertex   2.413794e+01 2.253266e+01 -2.000000e+00
    endloop
  endfacet
  facet normal 0.000000e+00 -0.000000e+00 1.000000e+00
    outer loop
      vertex   2.405327e+01 2.233284e+01 -2.000000e+00
      vertex   2.413794e+01 2.253266e+01 -2.000000e+00
      vertex   2.393775e+01 2.245385e+01 -2.000000e+00
    endloop
  endfacet
  facet normal 0.000000e+00 0.000000e+00 1.000000e+00
    outer loop
      vertex   2.393775e+01 2.245385e+01 -2.000000e+00
      vertex   2.413794e+01 2.253266e+01 -2.000000e+00
      vertex   2.402723e+01 2.265329e+01 -2.000000e+00
    endloop
  endfacet
  facet normal 0.000000e+00 -0.000000e+00 1.000000e+00
    outer loop
      vertex   2.393775e+01 2.245385e+01 -2.000000e+00
      vertex   2.402723e+01 2.265329e+01 -2.000000e+00
      vertex   2.382682e+01 2.257907e+01 -2.000000e+00
    endloop
  endfacet
  facet normal 0.000000e+00 0.000000e+00 1.000000e+00
    outer loop
      vertex   2.382682e+01 2.257907e+01 -2.000000e+00
      vertex   2.402723e+01 2.265329e+01 -2.000000e+00
      vertex   2.392119e+01 2.277805e+01 -2.000000e+00
    endloop
  endfacet
  facet normal 0.000000e+00 -0.000000e+00 1.000000e+00
    outer loop
      vertex   2.382682e+01 2.257907e+01 -2.000000e+00
      vertex   2.392119e+01 2.277805e+01 -2.000000e+00
      vertex   2.372061e+01 2.270833e+01 -2.000000e+00
    endloop
  endfacet
  facet normal 0.000000e+00 0.000000e+00 1.000000e+00
    outer loop
      vertex   2.372061e+01 2.270833e+01 -2.000000e+00
      vertex   2.392119e+01 2.277805e+01 -2.000000e+00
      vertex   2.381998e+01 2.290675e+01 -2.000000e+00
    endloop
  endfacet
  facet normal 0.000000e+00 -0.000000e+00 1.000000e+00
    outer loop
      vertex   2.372061e+01 2.270833e+01 -2.000000e+00
      vertex   2.381998e+01 2.290675e+01 -2.000000e+00
      vertex   2.361928e+01 2.284145e+01 -2.000000e+00
    endloop
  endfacet
  facet normal 0.000000e+00 0.000000e+00 1.000000e+00
    outer loop
      vertex   2.361928e+01 2.284145e+01 -2.000000e+00
      vertex   2.381998e+01 2.290675e+01 -2.000000e+00
      vertex   2.372374e+01 2.303921e+01 -2.000000e+00
    endloop
  endfacet
  facet normal 0.000000e+00 -0.000000e+00 1.000000e+00
    outer loop
      vertex   2.361928e+01 2.284145e+01 -2.000000e+00
      vertex   2.372374e+01 2.303921e+01 -2.000000e+00
      vertex   2.352297e+01 2.297824e+01 -2.000000e+00
    endloop
  endfacet
  facet normal 0.000000e+00 0.000000e+00 1.000000e+00
    outer loop
      vertex   2.352297e+01 2.297824e+01 -2.000000e+00
      vertex   2.372374e+01 2.303921e+01 -2.000000e+00
      vertex   2.363261e+01 2.317524e+01 -2.000000e+00
    endloop
  endfacet
  facet normal 0.000000e+00 -0.000000e+00 1.000000e+00
    outer loop
      vertex   2.352297e+01 2.297824e+01 -2.000000e+00
      vertex   2.363261e+01 2.317524e+01 -2.000000e+00
      vertex   2.343181e+01 2.311852e+01 -2.000000e+00
    endloop
  endfacet
  facet normal 0.000000e+00 0.000000e+00 1.000000e+00
    outer loop
      vertex   2.343181e+01 2.311852e+01 -2.000000e+00
      vertex   2.363261e+01 2.317524e+01 -2.000000e+00
      vertex   2.354673e+01 2.331465e+01 -2.000000e+00
    endloop
  endfacet
  facet normal 0.000000e+00 -0.000000e+00 1.000000e+00
    outer loop
      vertex   2.343181e+01 2.311852e+01 -2.000000e+00
      vertex   2.354673e+01 2.331465e+01 -2.000000e+00
      vertex   2.334593e+01 2.326208e+01 -2.000000e+00
    endloop
  endfacet
  facet normal 0.000000e+00 0.000000e+00 1.000000e+00
    outer loop
      vertex   2.334593e+01 2.326208e+01 -2.000000e+00
      vertex   2.354673e+01 2.331465e+01 -2.000000e+00
      vertex   2.346621e+01 2.345722e+01 -2.000000e+00
    endloop
  endfacet
  facet normal 0.000000e+00 -0.000000e+00 1.000000e+00
    outer loop
      vertex   2.334593e+01 2.326208e+01 -2.000000e+00
      vertex   2.346621e+01 2.345722e+01 -2.000000e+00
      vertex   2.326545e+01 2.340875e+01 -2.000000e+00
    endloop
  endfacet
  facet normal 0.000000e+00 0.000000e+00 1.000000e+00
    outer loop
      vertex   2.326545e+01 2.340875e+01 -2.000000e+00
      vertex   2.346621e+01 2.345722e+01 -2.000000e+00
      vertex   2.339119e+01 2.360275e+01 -2.000000e+00
    endloop
  endfacet
  facet normal 0.000000e+00 -0.000000e+00 1.000000e+00
    outer loop
      vertex   2.326545e+01 2.340875e+01 -2.000000e+00
      vertex   2.339119e+01 2.360275e+01 -2.000000e+00
      vertex   2.319047e+01 2.355830e+01 -2.000000e+00
    endloop
  endfacet
  facet normal 0.000000e+00 0.000000e+00 1.000000e+00
    outer loop
      vertex   2.319047e+01 2.355830e+01 -2.000000e+00
      vertex   2.339119e+01 2.360275e+01 -2.000000e+00
      vertex   2.332175e+01 2.375103e+01 -2.000000e+00
    endloop
  endfacet
  facet normal 0.000000e+00 -0.000000e+00 1.000000e+00
    outer loop
      vertex   2.319047e+01 2.355830e+01 -2.000000e+00
      vertex   2.332175e+01 2.375103e+01 -2.000000e+00
      vertex   2.312110e+01 2.371053e+01 -2.000000e+00
    endloop
  endfacet
  facet normal 0.000000e+00 0.000000e+00 1.000000e+00
    outer loop
      vertex   2.312110e+01 2.371053e+01 -2.000000e+00
      vertex   2.332175e+01 2.375103e+01 -2.000000e+00
      vertex   2.325802e+01 2.390185e+01 -2.000000e+00
    endloop
  endfacet
  facet normal 0.000000e+00 -0.000000e+00 1.000000e+00
    outer loop
      vertex   2.312110e+01 2.371053e+01 -2.000000e+00
      vertex   2.325802e+01 2.390185e+01 -2.000000e+00
      vertex   2.305744e+01 2.386524e+01 -2.000000e+00
    endloop
  endfacet
  facet normal 0.000000e+00 0.000000e+00 1.000000e+00
    outer loop
      vertex   2.305744e+01 2.386524e+01 -2.000000e+00
      vertex   2.325802e+01 2.390185e+01 -2.000000e+00
      vertex   2.320007e+01 2.405499e+01 -2.000000e+00
    endloop
  endfacet
  facet normal 0.000000e+00 -0.000000e+00 1.000000e+00
    outer loop
      vertex   2.305744e+01 2.386524e+01 -2.000000e+00
      vertex   2.320007e+01 2.405499e+01 -2.000000e+00
      vertex   2.299957e+01 2.402221e+01 -2.000000e+00
    endloop
  endfacet
  facet normal 0.000000e+00 0.000000e+00 1.000000e+00
    outer loop
      vertex   2.299957e+01 2.402221e+01 -2.000000e+00
      vertex   2.320007e+01 2.405499e+01 -2.000000e+00
      vertex   2.314799e+01 2.421022e+01 -2.000000e+00
    endloop
  endfacet
  facet normal 0.000000e+00 -0.000000e+00 1.000000e+00
    outer loop
      vertex   2.299957e+01 2.402221e+01 -2.000000e+00
      vertex   2.314799e+01 2.421022e+01 -2.000000e+00
      vertex   2.294758e+01 2.418122e+01 -2.000000e+00
    endloop
  endfacet
  facet normal 0.000000e+00 0.000000e+00 1.000000e+00
    outer loop
      vertex   2.294758e+01 2.418122e+01 -2.000000e+00
      vertex   2.314799e+01 2.421022e+01 -2.000000e+00
      vertex   2.310186e+01 2.436732e+01 -2.000000e+00
    endloop
  endfacet
  facet normal 0.000000e+00 -0.000000e+00 1.000000e+00
    outer loop
      vertex   2.294758e+01 2.418122e+01 -2.000000e+00
      vertex   2.310186e+01 2.436732e+01 -2.000000e+00
      vertex   2.290153e+01 2.434205e+01 -2.000000e+00
    endloop
  endfacet
  facet normal 0.000000e+00 0.000000e+00 1.000000e+00
    outer loop
      vertex   2.290153e+01 2.434205e+01 -2.000000e+00
      vertex   2.310186e+01 2.436732e+01 -2.000000e+00
      vertex   2.306175e+01 2.452606e+01 -2.000000e+00
    endloop
  endfacet
  facet normal 0.000000e+00 -0.000000e+00 1.000000e+00
    outer loop
      vertex   2.290153e+01 2.434205e+01 -2.000000e+00
      vertex   2.306175e+01 2.452606e+01 -2.000000e+00
      vertex   2.286150e+01 2.450448e+01 -2.000000e+00
    endloop
  endfacet
  facet normal 0.000000e+00 0.000000e+00 1.000000e+00
    outer loop
      vertex   2.286150e+01 2.450448e+01 -2.000000e+00
      vertex   2.306175e+01 2.452606e+01 -2.000000e+00
      vertex   2.302771e+01 2.468622e+01 -2.000000e+00
    endloop
  endfacet
  facet normal 0.000000e+00 -0.000000e+00 1.000000e+00
    outer loop
      vertex   2.286150e+01 2.450448e+01 -2.000000e+00
      vertex   2.302771e+01 2.468622e+01 -2.000000e+00
      vertex   2.282753e+01 2.466829e+01 -2.000000e+00
    endloop
  endfacet
  facet normal 0.000000e+00 0.000000e+00 1.000000e+00
    outer loop
      vertex   2.282753e+01 2.466829e+01 -2.000000e+00
      vertex   2.302771e+01 2.468622e+01 -2.000000e+00
      vertex   2.299979e+01 2.484756e+01 -2.000000e+00
    endloop
  endfacet
  facet normal 0.000000e+00 -0.000000e+00 1.000000e+00
    outer loop
      vertex   2.282753e+01 2.466829e+01 -2.000000e+00
      vertex   2.299979e+01 2.484756e+01 -2.000000e+00
      vertex   2.279967e+01 2.483325e+01 -2.000000e+00
    endloop
  endfacet
  facet normal 0.000000e+00 0.000000e+00 1.000000e+00
    outer loop
      vertex   2.279967e+01 2.483325e+01 -2.000000e+00
      vertex   2.299979e+01 2.484756e+01 -2.000000e+00
      vertex   2.297803e+01 2.500984e+01 -2.000000e+00
    endloop
  endfacet
  facet normal 0.000000e+00 -0.000000e+00 1.000000e+00
    outer loop
      vertex   2.279967e+01 2.483325e+01 -2.000000e+00
      vertex   2.297803e+01 2.500984e+01 -2.000000e+00
      vertex   2.277796e+01 2.499913e+01 -2.000000e+00
    endloop
  endfacet
  facet normal 0.000000e+00 0.000000e+00 1.000000e+00
    outer loop
      vertex   2.277796e+01 2.499913e+01 -2.000000e+00
      vertex   2.297803e+01 2.500984e+01 -2.000000e+00
      vertex   2.296246e+01 2.517283e+01 -2.000000e+00
    endloop
  endfacet
  facet normal 0.000000e+00 -0.000000e+00 1.000000e+00
    outer loop
      vertex   2.277796e+01 2.499913e+01 -2.000000e+00
      vertex   2.296246e+01 2.517283e+01 -2.000000e+00
      vertex   2.276243e+01 2.516570e+01 -2.000000e+00
    endloop
  endfacet
  facet normal 0.000000e+00 0.000000e+00 1.000000e+00
    outer loop
      vertex   2.276243e+01 2.516570e+01 -2.000000e+00
      vertex   2.296246e+01 2.517283e+01 -2.000000e+00
      vertex   2.295312e+01 2.533630e+01 -2.000000e+00
    endloop
  endfacet
  facet normal 0.000000e+00 -0.000000e+00 1.000000e+00
    outer loop
      vertex   2.276243e+01 2.516570e+01 -2.000000e+00
      vertex   2.295312e+01 2.533630e+01 -2.000000e+00
      vertex   2.275311e+01 2.533273e+01 -2.000000e+00
    endloop
  endfacet
  facet normal 0.000000e+00 0.000000e+00 1.000000e+00
    outer loop
      vertex   2.275311e+01 2.533273e+01 -2.000000e+00
      vertex   2.295312e+01 2.533630e+01 -2.000000e+00
      vertex   2.295000e+01 2.550000e+01 -2.000000e+00
    endloop
  endfacet
  facet normal -9.998443e-01 -1.764848e-02 0.000000e+00
    outer loop
      vertex   2.225311e+01 2.532354e+01 -3.000000e+00
      vertex   2.225311e+01 2.532354e+01 -2.500000e+00
      vertex   2.225000e+01 2.550000e+01 -3.000000e+00
    endloop
  endfacet
  facet normal -9.998443e-01 -1.764848e-02 0.000000e+00
    outer loop
      vertex   2.225000e+01 2.550000e+01 -3.000000e+00
      vertex   2.225311e+01 2.532354e+01 -2.500000e+00
      vertex   2.225000e+01 2.550000e+01 -2.500000e+00
    endloop
  endfacet
  facet normal -9.998443e-01 1.764848e-02 0.000000e+00
    outer loop
      vertex   2.225000e+01 2.550000e+01 -3.000000e+00
      vertex   2.225000e+01 2.550000e+01 -2.500000e+00
      vertex   2.225311e+01 2.567646e+01 -3.000000e+00
    endloop
  endfacet
  facet normal -9.998443e-01 1.764848e-02 0.000000e+00
    outer loop
      vertex   2.225311e+01 2.567646e+01 -3.000000e+00
      vertex   2.225000e+01 2.550000e+01 -2.500000e+00
      vertex   2.225311e+01 2.567646e+01 -2.500000e+00
    endloop
  endfacet
  facet normal -9.985986e-01 5.292345e-02 0.000000e+00
    outer loop
      vertex   2.225311e+01 2.567646e+01 -3.000000e+00
      vertex   2.225311e+01 2.567646e+01 -2.500000e+00
      vertex   2.226245e+01 2.585269e+01 -3.000000e+00
    endloop
  endfacet
  facet normal -9.985986e-01 5.292345e-02 0.000000e+00
    outer loop
      vertex   2.226245e+01 2.585269e+01 -3.000000e+00
      vertex   2.225311e+01 2.567646e+01 -2.500000e+00
      vertex   2.226245e+01 2.585269e+01 -2.500000e+00
    endloop
  endfacet
  facet normal -9.961088e-01 8.813249e-02 0.000000e+00
    outer loop
      vertex   2.226245e+01 2.585269e+01 -3.000000e+00
      vertex   2.226245e+01 2.585269e+01 -2.500000e+00
      vertex   2.227801e+01 2.602849e+01 -3.000000e+00
    endloop
  endfacet
  facet normal -9.961088e-01 8.813249e-02 -6.262190e-16
    outer loop
      vertex   2.227801e+01 2.602849e+01 -3.000000e+00
      vertex   2.226245e+01 2.585269e+01 -2.500000e+00
      vertex   2.227801e+01 2.602849e+01 -2.500000e+00
    endloop
  endfacet
  facet normal -9.923779e-01 1.232317e-01 -8.756141e-16
    outer loop
      vertex   2.227801e+01 2.602849e+01 -3.000000e+00
      vertex   2.227801e+01 2.602849e+01 -2.500000e+00
      vertex   2.229976e+01 2.620363e+01 -3.000000e+00
    endloop
  endfacet
  facet normal -9.923779e-01 1.232317e-01 0.000000e+00
    outer loop
      vertex   2.229976e+01 2.620363e+01 -3.000000e+00
      vertex   2.227801e+01 2.602849e+01 -2.500000e+00
      vertex   2.229976e+01 2.620363e+01 -2.500000e+00
    endloop
  endfacet
  facet normal -9.874107e-01 1.581774e-01 0.000000e+00
    outer loop
      vertex   2.229976e+01 2.620363e+01 -3.000000e+00
      vertex   2.229976e+01 2.620363e+01 -2.500000e+00
      vertex   2.232767e+01 2.637790e+01 -3.000000e+00
    endloop
  endfacet
  facet normal -9.874107e-01 1.581774e-01 0.000000e+00
    outer loop
      vertex   2.232767e+01 2.637790e+01 -3.000000e+00
      vertex   2.229976e+01 2.620363e+01 -2.500000e+00
      vertex   2.232767e+01 2.637790e+01 -2.500000e+00
    endloop
  endfacet
  facet normal -9.812133e-01 1.929261e-01 0.000000e+00
    outer loop
      vertex   2.232767e+01 2.637790e+01 -3.000000e+00
      vertex   2.232767e+01 2.637790e+01 -2.500000e+00
      vertex   2.236172e+01 2.655106e+01 -3.000000e+00
    endloop
  endfacet
  facet normal -9.812133e-01 1.929261e-01 1.370822e-15
    outer loop
      vertex   2.236172e+01 2.655106e+01 -3.000000e+00
      vertex   2.232767e+01 2.637790e+01 -2.500000e+00
      vertex   2.236172e+01 2.655106e+01 -2.500000e+00
    endloop
  endfacet
  facet normal -9.737934e-01 2.274343e-01 1.616018e-15
    outer loop
      vertex   2.236172e+01 2.655106e+01 -3.000000e+00
      vertex   2.236172e+01 2.655106e+01 -2.500000e+00
      vertex   2.240186e+01 2.672292e+01 -3.000000e+00
    endloop
  endfacet
  facet normal -9.737934e-01 2.274343e-01 -6.919218e-15
    outer loop
      vertex   2.240186e+01 2.672292e+01 -3.000000e+00
      vertex   2.236172e+01 2.655106e+01 -2.500000e+00
      vertex   2.240186e+01 2.672292e+01 -2.500000e+00
    endloop
  endfacet
  facet normal -9.651603e-01 2.616593e-01 -6.857877e-15
    outer loop
      vertex   2.240186e+01 2.672292e+01 -3.000000e+00
      vertex   2.240186e+01 2.672292e+01 -2.500000e+00
      vertex   2.244804e+01 2.689326e+01 -3.000000e+00
    endloop
  endfacet
  facet normal -9.651603e-01 2.616593e-01 0.000000e+00
    outer loop
      vertex   2.244804e+01 2.689326e+01 -3.000000e+00
      vertex   2.240186e+01 2.672292e+01 -2.500000e+00
      vertex   2.244804e+01 2.689326e+01 -2.500000e+00
    endloop
  endfacet
  facet normal -9.553247e-01 2.955582e-01 0.000000e+00
    outer loop
      vertex   2.244804e+01 2.689326e+01 -3.000000e+00
      vertex   2.244804e+01 2.689326e+01 -2.500000e+00
      vertex   2.250020e+01 2.706186e+01 -3.000000e+00
    endloop
  endfacet
  facet normal -9.553247e-01 2.955582e-01 0.000000e+00
    outer loop
      vertex   2.250020e+01 2.706186e+01 -3.000000e+00
      vertex   2.244804e+01 2.689326e+01 -2.500000e+00
      vertex   2.250020e+01 2.706186e+01 -2.500000e+00
    endloop
  endfacet
  facet normal -9.442990e-01 3.290889e-01 0.000000e+00
    outer loop
      vertex   2.250020e+01 2.706186e+01 -3.000000e+00
      vertex   2.250020e+01 2.706186e+01 -2.500000e+00
      vertex   2.255828e+01 2.722852e+01 -3.000000e+00
    endloop
  endfacet
  facet normal -9.442990e-01 3.290889e-01 0.000000e+00
    outer loop
      vertex   2.255828e+01 2.722852e+01 -3.000000e+00
      vertex   2.250020e+01 2.706186e+01 -2.500000e+00
      vertex   2.255828e+01 2.722852e+01 -2.500000e+00
    endloop
  endfacet
  facet normal -9.320967e-01 3.622096e-01 0.000000e+00
    outer loop
      vertex   2.255828e+01 2.722852e+01 -3.000000e+00
      vertex   2.255828e+01 2.722852e+01 -2.500000e+00
      vertex   2.262220e+01 2.739302e+01 -3.000000e+00
    endloop
  endfacet
  facet normal -9.320967e-01 3.622096e-01 0.000000e+00
    outer loop
      vertex   2.262220e+01 2.739302e+01 -3.000000e+00
      vertex   2.255828e+01 2.722852e+01 -2.500000e+00
      vertex   2.262220e+01 2.739302e+01 -2.500000e+00
    endloop
  endfacet
  facet normal -9.187331e-01 3.948790e-01 0.000000e+00
    outer loop
      vertex   2.262220e+01 2.739302e+01 -3.000000e+00
      vertex   2.262220e+01 2.739302e+01 -2.500000e+00
      vertex   2.269189e+01 2.755516e+01 -3.000000e+00
    endloop
  endfacet
  facet normal -9.187331e-01 3.948790e-01 0.000000e+00
    outer loop
      vertex   2.269189e+01 2.755516e+01 -3.000000e+00
      vertex   2.262220e+01 2.739302e+01 -2.500000e+00
      vertex   2.269189e+01 2.755516e+01 -2.500000e+00
    endloop
  endfacet
  facet normal -9.042250e-01 4.270564e-01 0.000000e+00
    outer loop
      vertex   2.269189e+01 2.755516e+01 -3.000000e+00
      vertex   2.269189e+01 2.755516e+01 -2.500000e+00
      vertex   2.276726e+01 2.771474e+01 -3.000000e+00
    endloop
  endfacet
  facet normal -9.042250e-01 4.270564e-01 3.390486e-15
    outer loop
      vertex   2.276726e+01 2.771474e+01 -3.000000e+00
      vertex   2.269189e+01 2.755516e+01 -2.500000e+00
      vertex   2.276726e+01 2.771474e+01 -2.500000e+00
    endloop
  endfacet
  facet normal -8.885902e-01 4.587018e-01 3.054541e-15
    outer loop
      vertex   2.276726e+01 2.771474e+01 -3.000000e+00
      vertex   2.276726e+01 2.771474e+01 -2.500000e+00
      vertex   2.284822e+01 2.787156e+01 -3.000000e+00
    endloop
  endfacet
  facet normal -8.885902e-01 4.587018e-01 -3.259273e-15
    outer loop
      vertex   2.284822e+01 2.787156e+01 -3.000000e+00
      vertex   2.276726e+01 2.771474e+01 -2.500000e+00
      vertex   2.284822e+01 2.787156e+01 -2.500000e+00
    endloop
  endfacet
  facet normal -8.718485e-01 4.897757e-01 -3.480066e-15
    outer loop
      vertex   2.284822e+01 2.787156e+01 -3.000000e+00
      vertex   2.284822e+01 2.787156e+01 -2.500000e+00
      vertex   2.293466e+01 2.802543e+01 -3.000000e+00
    endloop
  endfacet
  facet normal -8.718485e-01 4.897757e-01 6.194856e-15
    outer loop
      vertex   2.293466e+01 2.802543e+01 -3.000000e+00
      vertex   2.284822e+01 2.787156e+01 -2.500000e+00
      vertex   2.293466e+01 2.802543e+01 -2.500000e+00
    endloop
  endfacet
  facet normal -8.540204e-01 5.202394e-01 6.068180e-15
    outer loop
      vertex   2.293466e+01 2.802543e+01 -3.000000e+00
      vertex   2.293466e+01 2.802543e+01 -2.500000e+00
      vertex   2.302647e+01 2.817615e+01 -3.000000e+00
    endloop
  endfacet
  facet normal -8.540204e-01 5.202394e-01 1.324867e-15
    outer loop
      vertex   2.302647e+01 2.817615e+01 -3.000000e+00
      vertex   2.293466e+01 2.802543e+01 -2.500000e+00
      vertex   2.302647e+01 2.817615e+01 -2.500000e+00
    endloop
  endfacet
  facet normal -8.351284e-01 5.500550e-01 1.882807e-15
    outer loop
      vertex   2.302647e+01 2.817615e+01 -3.000000e+00
      vertex   2.302647e+01 2.817615e+01 -2.500000e+00
      vertex   2.312355e+01 2.832354e+01 -3.000000e+00
    endloop
  endfacet
  facet normal -8.351284e-01 5.500550e-01 0.000000e+00
    outer loop
      vertex   2.312355e+01 2.832354e+01 -3.000000e+00
      vertex   2.302647e+01 2.817615e+01 -2.500000e+00
      vertex   2.312355e+01 2.832354e+01 -2.500000e+00
    endloop
  endfacet
  facet normal -8.151959e-01 5.791853e-01 0.000000e+00
    outer loop
      vertex   2.312355e+01 2.832354e+01 -3.000000e+00
      vertex   2.312355e+01 2.832354e+01 -2.500000e+00
      vertex   2.322576e+01 2.846741e+01 -3.000000e+00
    endloop
  endfacet
  facet normal -8.151959e-01 5.791853e-01 0.000000e+00
    outer loop
      vertex   2.322576e+01 2.846741e+01 -3.000000e+00
      vertex   2.312355e+01 2.832354e+01 -2.500000e+00
      vertex   2.322576e+01 2.846741e+01 -2.500000e+00
    endloop
  endfacet
  facet normal -7.942478e-01 6.075939e-01 0.000000e+00
    outer loop
      vertex   2.322576e+01 2.846741e+01 -3.000000e+00
      vertex   2.322576e+01 2.846741e+01 -2.500000e+00
      vertex   2.333299e+01 2.860758e+01 -3.000000e+00
    endloop
  endfacet
  facet normal -7.942478e-01 6.075939e-01 0.000000e+00
    outer loop
      vertex   2.333299e+01 2.860758e+01 -3.000000e+00
      vertex   2.322576e+01 2.846741e+01 -2.500000e+00
      vertex   2.333299e+01 2.860758e+01 -2.500000e+00
    endloop
  endfacet
  facet normal -7.723102e-01 6.352456e-01 0.000000e+00
    outer loop
      vertex   2.333299e+01 2.860758e+01 -3.000000e+00
      vertex   2.333299e+01 2.860758e+01 -2.500000e+00
      vertex   2.344511e+01 2.874388e+01 -3.000000e+00
    endloop
  endfacet
  facet normal -7.723102e-01 6.352456e-01 0.000000e+00
    outer loop
      vertex   2.344511e+01 2.874388e+01 -3.000000e+00
      vertex   2.333299e+01 2.860758e+01 -2.500000e+00
      vertex   2.344511e+01 2.874388e+01 -2.500000e+00
    endloop
  endfacet
  facet normal -7.494103e-01 6.621058e-01 0.000000e+00
    outer loop
      vertex   2.344511e+01 2.874388e+01 -3.000000e+00
      vertex   2.344511e+01 2.874388e+01 -2.500000e+00
      vertex   2.356196e+01 2.887614e+01 -3.000000e+00
    endloop
  endfacet
  facet normal -7.494103e-01 6.621058e-01 0.000000e+00
    outer loop
      vertex   2.356196e+01 2.887614e+01 -3.000000e+00
      vertex   2.344511e+01 2.874388e+01 -2.500000e+00
      vertex   2.356196e+01 2.887614e+01 -2.500000e+00
    endloop
  endfacet
  facet normal -7.255768e-01 6.881412e-01 0.000000e+00
    outer loop
      vertex   2.356196e+01 2.887614e+01 -3.000000e+00
      vertex   2.356196e+01 2.887614e+01 -2.500000e+00
      vertex   2.368340e+01 2.900420e+01 -3.000000e+00
    endloop
  endfacet
  facet normal -7.255768e-01 6.881412e-01 0.000000e+00
    outer loop
      vertex   2.368340e+01 2.900420e+01 -3.000000e+00
      vertex   2.356196e+01 2.887614e+01 -2.500000e+00
      vertex   2.368340e+01 2.900420e+01 -2.500000e+00
    endloop
  endfacet
  facet normal -7.008393e-01 7.133192e-01 0.000000e+00
    outer loop
      vertex   2.368340e+01 2.900420e+01 -3.000000e+00
      vertex   2.368340e+01 2.900420e+01 -2.500000e+00
      vertex   2.380929e+01 2.912788e+01 -3.000000e+00
    endloop
  endfacet
  facet normal -7.008393e-01 7.133192e-01 4.979763e-15
    outer loop
      vertex   2.380929e+01 2.912788e+01 -3.000000e+00
      vertex   2.368340e+01 2.900420e+01 -2.500000e+00
      vertex   2.380929e+01 2.912788e+01 -2.500000e+00
    endloop
  endfacet
  facet normal -6.752287e-01 7.376085e-01 4.797788e-15
    outer loop
      vertex   2.380929e+01 2.912788e+01 -3.000000e+00
      vertex   2.380929e+01 2.912788e+01 -2.500000e+00
      vertex   2.393947e+01 2.924705e+01 -3.000000e+00
    endloop
  endfacet
  facet normal -6.752287e-01 7.376085e-01 0.000000e+00
    outer loop
      vertex   2.393947e+01 2.924705e+01 -3.000000e+00
      vertex   2.380929e+01 2.912788e+01 -2.500000e+00
      vertex   2.393947e+01 2.924705e+01 -2.500000e+00
    endloop
  endfacet
  facet normal -6.487768e-01 7.609788e-01 0.000000e+00
    outer loop
      vertex   2.393947e+01 2.924705e+01 -3.000000e+00
      vertex   2.393947e+01 2.924705e+01 -2.500000e+00
      vertex   2.407377e+01 2.936155e+01 -3.000000e+00
    endloop
  endfacet
  facet normal -6.487768e-01 7.609788e-01 0.000000e+00
    outer loop
      vertex   2.407377e+01 2.936155e+01 -3.000000e+00
      vertex   2.393947e+01 2.924705e+01 -2.500000e+00
      vertex   2.407377e+01 2.936155e+01 -2.500000e+00
    endloop
  endfacet
  facet normal -6.215166e-01 7.834010e-01 0.000000e+00
    outer loop
      vertex   2.407377e+01 2.936155e+01 -3.000000e+00
      vertex   2.407377e+01 2.936155e+01 -2.500000e+00
      vertex   2.421203e+01 2.947124e+01 -3.000000e+00
    endloop
  endfacet
  facet normal -6.215166e-01 7.834010e-01 -4.416141e-15
    outer loop
      vertex   2.421203e+01 2.947124e+01 -3.000000e+00
      vertex   2.407377e+01 2.936155e+01 -2.500000e+00
      vertex   2.421203e+01 2.947124e+01 -2.500000e+00
    endloop
  endfacet
  facet normal -5.934820e-01 8.048472e-01 -4.216943e-15
    outer loop
      vertex   2.421203e+01 2.947124e+01 -3.000000e+00
      vertex   2.421203e+01 2.947124e+01 -2.500000e+00
      vertex   2.435407e+01 2.957598e+01 -3.000000e+00
    endloop
  endfacet
  facet normal -5.934820e-01 8.048472e-01 0.000000e+00
    outer loop
      vertex   2.435407e+01 2.957598e+01 -3.000000e+00
      vertex   2.421203e+01 2.947124e+01 -2.500000e+00
      vertex   2.435407e+01 2.957598e+01 -2.500000e+00
    endloop
  endfacet
  facet normal -5.647081e-01 8.252907e-01 0.000000e+00
    outer loop
      vertex   2.435407e+01 2.957598e+01 -3.000000e+00
      vertex   2.435407e+01 2.957598e+01 -2.500000e+00
      vertex   2.449972e+01 2.967564e+01 -3.000000e+00
    endloop
  endfacet
  facet normal -5.647081e-01 8.252907e-01 0.000000e+00
    outer loop
      vertex   2.449972e+01 2.967564e+01 -3.000000e+00
      vertex   2.435407e+01 2.957598e+01 -2.500000e+00
      vertex   2.449972e+01 2.967564e+01 -2.500000e+00
    endloop
  endfacet
  facet normal -5.352306e-01 8.447060e-01 0.000000e+00
    outer loop
      vertex   2.449972e+01 2.967564e+01 -3.000000e+00
      vertex   2.449972e+01 2.967564e+01 -2.500000e+00
      vertex   2.464880e+01 2.977010e+01 -3.000000e+00
    endloop
  endfacet
  facet normal -5.352306e-01 8.447060e-01 0.000000e+00
    outer loop
      vertex   2.464880e+01 2.977010e+01 -3.000000e+00
      vertex   2.449972e+01 2.967564e+01 -2.500000e+00
      vertex   2.464880e+01 2.977010e+01 -2.500000e+00
    endloop
  endfacet
  facet normal -5.050863e-01 8.630689e-01 0.000000e+00
    outer loop
      vertex   2.464880e+01 2.977010e+01 -3.000000e+00
      vertex   2.464880e+01 2.977010e+01 -2.500000e+00
      vertex   2.480112e+01 2.985924e+01 -3.000000e+00
    endloop
  endfacet
  facet normal -5.050863e-01 8.630689e-01 0.000000e+00
    outer loop
      vertex   2.480112e+01 2.985924e+01 -3.000000e+00
      vertex   2.464880e+01 2.977010e+01 -2.500000e+00
      vertex   2.480112e+01 2.985924e+01 -2.500000e+00
    endloop
  endfacet
  facet normal -4.743127e-01 8.803565e-01 0.000000e+00
    outer loop
      vertex   2.480112e+01 2.985924e+01 -3.000000e+00
      vertex   2.480112e+01 2.985924e+01 -2.500000e+00
      vertex   2.495649e+01 2.994295e+01 -3.000000e+00
    endloop
  endfacet
  facet normal -4.743127e-01 8.803565e-01 0.000000e+00
    outer loop
      vertex   2.495649e+01 2.994295e+01 -3.000000e+00
      vertex   2.480112e+01 2.985924e+01 -2.500000e+00
      vertex   2.495649e+01 2.994295e+01 -2.500000e+00
    endloop
  endfacet
  facet normal -4.429481e-01 8.965472e-01 0.000000e+00
    outer loop
      vertex   2.495649e+01 2.994295e+01 -3.000000e+00
      vertex   2.495649e+01 2.994295e+01 -2.500000e+00
      vertex   2.511472e+01 3.002112e+01 -3.000000e+00
    endloop
  endfacet
  facet normal -4.429481e-01 8.965472e-01 0.000000e+00
    outer loop
      vertex   2.511472e+01 3.002112e+01 -3.000000e+00
      vertex   2.495649e+01 2.994295e+01 -2.500000e+00
      vertex   2.511472e+01 3.002112e+01 -2.500000e+00
    endloop
  endfacet
  facet normal -4.110317e-01 9.116210e-01 0.000000e+00
    outer loop
      vertex   2.511472e+01 3.002112e+01 -3.000000e+00
      vertex   2.511472e+01 3.002112e+01 -2.500000e+00
      vertex   2.527561e+01 3.009367e+01 -3.000000e+00
    endloop
  endfacet
  facet normal -4.110317e-01 9.116210e-01 0.000000e+00
    outer loop
      vertex   2.527561e+01 3.009367e+01 -3.000000e+00
      vertex   2.511472e+01 3.002112e+01 -2.500000e+00
      vertex   2.527561e+01 3.009367e+01 -2.500000e+00
    endloop
  endfacet
  facet normal -3.786032e-01 9.255591e-01 0.000000e+00
    outer loop
      vertex   2.527561e+01 3.009367e+01 -3.000000e+00
      vertex   2.527561e+01 3.009367e+01 -2.500000e+00
      vertex   2.543895e+01 3.016048e+01 -3.000000e+00
    endloop
  endfacet
  facet normal -3.786032e-01 9.255591e-01 -6.576493e-15
    outer loop
      vertex   2.543895e+01 3.016048e+01 -3.000000e+00
      vertex   2.527561e+01 3.009367e+01 -2.500000e+00
      vertex   2.543895e+01 3.016048e+01 -2.500000e+00
    endloop
  endfacet
  facet normal -3.457031e-01 9.383440e-01 -6.667335e-15
    outer loop
      vertex   2.543895e+01 3.016048e+01 -3.000000e+00
      vertex   2.543895e+01 3.016048e+01 -2.500000e+00
      vertex   2.560456e+01 3.022149e+01 -3.000000e+00
    endloop
  endfacet
  facet normal -3.457031e-01 9.383440e-01 2.456368e-15
    outer loop
      vertex   2.560456e+01 3.022149e+01 -3.000000e+00
      vertex   2.543895e+01 3.016048e+01 -2.500000e+00
      vertex   2.560456e+01 3.022149e+01 -2.500000e+00
    endloop
  endfacet
  facet normal -3.123722e-01 9.499598e-01 2.219538e-15
    outer loop
      vertex   2.560456e+01 3.022149e+01 -3.000000e+00
      vertex   2.560456e+01 3.022149e+01 -2.500000e+00
      vertex   2.577221e+01 3.027662e+01 -3.000000e+00
    endloop
  endfacet
  facet normal -3.123722e-01 9.499598e-01 0.000000e+00
    outer loop
      vertex   2.577221e+01 3.027662e+01 -3.000000e+00
      vertex   2.560456e+01 3.022149e+01 -2.500000e+00
      vertex   2.577221e+01 3.027662e+01 -2.500000e+00
    endloop
  endfacet
  facet normal -2.786521e-01 9.603921e-01 0.000000e+00
    outer loop
      vertex   2.577221e+01 3.027662e+01 -3.000000e+00
      vertex   2.577221e+01 3.027662e+01 -2.500000e+00
      vertex   2.594170e+01 3.032580e+01 -3.000000e+00
    endloop
  endfacet
  facet normal -2.786521e-01 9.603921e-01 0.000000e+00
    outer loop
      vertex   2.594170e+01 3.032580e+01 -3.000000e+00
      vertex   2.577221e+01 3.027662e+01 -2.500000e+00
      vertex   2.594170e+01 3.032580e+01 -2.500000e+00
    endloop
  endfacet
  facet normal -2.445849e-01 9.696279e-01 0.000000e+00
    outer loop
      vertex   2.594170e+01 3.032580e+01 -3.000000e+00
      vertex   2.594170e+01 3.032580e+01 -2.500000e+00
      vertex   2.611283e+01 3.036897e+01 -3.000000e+00
    endloop
  endfacet
  facet normal -2.445849e-01 9.696279e-01 -3.475760e-15
    outer loop
      vertex   2.611283e+01 3.036897e+01 -3.000000e+00
      vertex   2.594170e+01 3.032580e+01 -2.500000e+00
      vertex   2.611283e+01 3.036897e+01 -2.500000e+00
    endloop
  endfacet
  facet normal -2.102129e-01 9.776556e-01 -2.987306e-15
    outer loop
      vertex   2.611283e+01 3.036897e+01 -3.000000e+00
      vertex   2.611283e+01 3.036897e+01 -2.500000e+00
      vertex   2.628537e+01 3.040607e+01 -3.000000e+00
    endloop
  endfacet
  facet normal -2.102129e-01 9.776556e-01 0.000000e+00
    outer loop
      vertex   2.628537e+01 3.040607e+01 -3.000000e+00
      vertex   2.611283e+01 3.036897e+01 -2.500000e+00
      vertex   2.628537e+01 3.040607e+01 -2.500000e+00
    endloop
  endfacet
  facet normal -1.755791e-01 9.844653e-01 0.000000e+00
    outer loop
      vertex   2.628537e+01 3.040607e+01 -3.000000e+00
      vertex   2.628537e+01 3.040607e+01 -2.500000e+00
      vertex   2.645911e+01 3.043705e+01 -3.000000e+00
    endloop
  endfacet
  facet normal -1.755791e-01 9.844653e-01 0.000000e+00
    outer loop
      vertex   2.645911e+01 3.043705e+01 -3.000000e+00
      vertex   2.628537e+01 3.040607e+01 -2.500000e+00
      vertex   2.645911e+01 3.043705e+01 -2.500000e+00
    endloop
  endfacet
  facet normal -1.407265e-01 9.900485e-01 0.000000e+00
    outer loop
      vertex   2.645911e+01 3.043705e+01 -3.000000e+00
      vertex   2.645911e+01 3.043705e+01 -2.500000e+00
      vertex   2.663384e+01 3.046189e+01 -3.000000e+00
    endloop
  endfacet
  facet normal -1.407265e-01 9.900485e-01 9.999219e-16
    outer loop
      vertex   2.663384e+01 3.046189e+01 -3.000000e+00
      vertex   2.645911e+01 3.043705e+01 -2.500000e+00
      vertex   2.663384e+01 3.046189e+01 -2.500000e+00
    endloop
  endfacet
  facet normal -1.056986e-01 9.943982e-01 7.510335e-16
    outer loop
      vertex   2.663384e+01 3.046189e+01 -3.000000e+00
      vertex   2.663384e+01 3.046189e+01 -2.500000e+00
      vertex   2.680934e+01 3.048054e+01 -3.000000e+00
    endloop
  endfacet
  facet normal -1.056986e-01 9.943982e-01 0.000000e+00
    outer loop
      vertex   2.680934e+01 3.048054e+01 -3.000000e+00
      vertex   2.663384e+01 3.046189e+01 -2.500000e+00
      vertex   2.680934e+01 3.048054e+01 -2.500000e+00
    endloop
  endfacet
  facet normal -7.053896e-02 9.975090e-01 0.000000e+00
    outer loop
      vertex   2.680934e+01 3.048054e+01 -3.000000e+00
      vertex   2.680934e+01 3.048054e+01 -2.500000e+00
      vertex   2.698538e+01 3.049299e+01 -3.000000e+00
    endloop
  endfacet
  facet normal -7.053896e-02 9.975090e-01 0.000000e+00
    outer loop
      vertex   2.698538e+01 3.049299e+01 -3.000000e+00
      vertex   2.680934e+01 3.048054e+01 -2.500000e+00
      vertex   2.698538e+01 3.049299e+01 -2.500000e+00
    endloop
  endfacet
  facet normal -3.529146e-02 9.993771e-01 0.000000e+00
    outer loop
      vertex   2.698538e+01 3.049299e+01 -3.000000e+00
      vertex   2.698538e+01 3.049299e+01 -2.500000e+00
      vertex   2.716176e+01 3.049922e+01 -3.000000e+00
    endloop
  endfacet
  facet normal -3.529146e-02 9.993771e-01 0.000000e+00
    outer loop
      vertex   2.716176e+01 3.049922e+01 -3.000000e+00
      vertex   2.698538e+01 3.049299e+01 -2.500000e+00
      vertex   2.716176e+01 3.049922e+01 -2.500000e+00
    endloop
  endfacet
  facet normal 0.000000e+00 1.000000e+00 0.000000e+00
    outer loop
      vertex   2.716176e+01 3.049922e+01 -3.000000e+00
      vertex   2.716176e+01 3.049922e+01 -2.500000e+00
      vertex   2.733824e+01 3.049922e+01 -3.000000e+00
    endloop
  endfacet
  facet normal 0.000000e+00 1.000000e+00 -0.000000e+00
    outer loop
      vertex   2.733824e+01 3.049922e+01 -3.000000e+00
      vertex   2.716176e+01 3.049922e+01 -2.500000e+00
      vertex   2.733824e+01 3.049922e+01 -2.500000e+00
    endloop
  endfacet
  facet normal 3.529146e-02 9.993771e-01 -2.507609e-16
    outer loop
      vertex   2.733824e+01 3.049922e+01 -3.000000e+00
      vertex   2.733824e+01 3.049922e+01 -2.500000e+00
      vertex   2.751462e+01 3.049299e+01 -3.000000e+00
    endloop
  endfacet
  facet normal 3.529146e-02 9.993771e-01 -0.000000e+00
    outer loop
      vertex   2.751462e+01 3.049299e+01 -3.000000e+00
      vertex   2.733824e+01 3.049922e+01 -2.500000e+00
      vertex   2.751462e+01 3.049299e+01 -2.500000e+00
    endloop
  endfacet
  facet normal 7.053896e-02 9.975090e-01 -0.000000e+00
    outer loop
      vertex   2.751462e+01 3.049299e+01 -3.000000e+00
      vertex   2.751462e+01 3.049299e+01 -2.500000e+00
      vertex   2.769066e+01 3.048054e+01 -3.000000e+00
    endloop
  endfacet
  facet normal 7.053896e-02 9.975090e-01 5.012094e-16
    outer loop
      vertex   2.769066e+01 3.048054e+01 -3.000000e+00
      vertex   2.751462e+01 3.049299e+01 -2.500000e+00
      vertex   2.769066e+01 3.048054e+01 -2.500000e+00
    endloop
  endfacet
  facet normal 1.056986e-01 9.943982e-01 7.510335e-16
    outer loop
      vertex   2.769066e+01 3.048054e+01 -3.000000e+00
      vertex   2.769066e+01 3.048054e+01 -2.500000e+00
      vertex   2.786616e+01 3.046189e+01 -3.000000e+00
    endloop
  endfacet
  facet normal 1.056986e-01 9.943982e-01 -0.000000e+00
    outer loop
      vertex   2.786616e+01 3.046189e+01 -3.000000e+00
      vertex   2.769066e+01 3.048054e+01 -2.500000e+00
      vertex   2.786616e+01 3.046189e+01 -2.500000e+00
    endloop
  endfacet
  facet normal 1.407265e-01 9.900485e-01 -0.000000e+00
    outer loop
      vertex   2.786616e+01 3.046189e+01 -3.000000e+00
      vertex   2.786616e+01 3.046189e+01 -2.500000e+00
      vertex   2.804089e+01 3.043705e+01 -3.000000e+00
    endloop
  endfacet
  facet normal 1.407265e-01 9.900485e-01 -0.000000e+00
    outer loop
      vertex   2.804089e+01 3.043705e+01 -3.000000e+00
      vertex   2.786616e+01 3.046189e+01 -2.500000e+00
      vertex   2.804089e+01 3.043705e+01 -2.500000e+00
    endloop
  endfacet
  facet normal 1.755791e-01 9.844653e-01 -0.000000e+00
    outer loop
      vertex   2.804089e+01 3.043705e+01 -3.000000e+00
      vertex   2.804089e+01 3.043705e+01 -2.500000e+00
      vertex   2.821463e+01 3.040607e+01 -3.000000e+00
    endloop
  endfacet
  facet normal 1.755791e-01 9.844653e-01 -0.000000e+00
    outer loop
      vertex   2.821463e+01 3.040607e+01 -3.000000e+00
      vertex   2.804089e+01 3.043705e+01 -2.500000e+00
      vertex   2.821463e+01 3.040607e+01 -2.500000e+00
    endloop
  endfacet
  facet normal 2.102129e-01 9.776556e-01 -0.000000e+00
    outer loop
      vertex   2.821463e+01 3.040607e+01 -3.000000e+00
      vertex   2.821463e+01 3.040607e+01 -2.500000e+00
      vertex   2.838717e+01 3.036897e+01 -3.000000e+00
    endloop
  endfacet
  facet normal 2.102129e-01 9.776556e-01 -1.493653e-15
    outer loop
      vertex   2.838717e+01 3.036897e+01 -3.000000e+00
      vertex   2.821463e+01 3.040607e+01 -2.500000e+00
      vertex   2.838717e+01 3.036897e+01 -2.500000e+00
    endloop
  endfacet
  facet normal 2.445849e-01 9.696279e-01 -1.737880e-15
    outer loop
      vertex   2.838717e+01 3.036897e+01 -3.000000e+00
      vertex   2.838717e+01 3.036897e+01 -2.500000e+00
      vertex   2.855830e+01 3.032580e+01 -3.000000e+00
    endloop
  endfacet
  facet normal 2.445849e-01 9.696279e-01 -0.000000e+00
    outer loop
      vertex   2.855830e+01 3.032580e+01 -3.000000e+00
      vertex   2.838717e+01 3.036897e+01 -2.500000e+00
      vertex   2.855830e+01 3.032580e+01 -2.500000e+00
    endloop
  endfacet
  facet normal 2.786521e-01 9.603921e-01 -0.000000e+00
    outer loop
      vertex   2.855830e+01 3.032580e+01 -3.000000e+00
      vertex   2.855830e+01 3.032580e+01 -2.500000e+00
      vertex   2.872779e+01 3.027662e+01 -3.000000e+00
    endloop
  endfacet
  facet normal 2.786521e-01 9.603921e-01 4.844054e-15
    outer loop
      vertex   2.872779e+01 3.027662e+01 -3.000000e+00
      vertex   2.855830e+01 3.032580e+01 -2.500000e+00
      vertex   2.872779e+01 3.027662e+01 -2.500000e+00
    endloop
  endfacet
  facet normal 3.123722e-01 9.499598e-01 4.530333e-15
    outer loop
      vertex   2.872779e+01 3.027662e+01 -3.000000e+00
      vertex   2.872779e+01 3.027662e+01 -2.500000e+00
      vertex   2.889544e+01 3.022149e+01 -3.000000e+00
    endloop
  endfacet
  facet normal 3.123722e-01 9.499598e-01 -0.000000e+00
    outer loop
      vertex   2.889544e+01 3.022149e+01 -3.000000e+00
      vertex   2.872779e+01 3.027662e+01 -2.500000e+00
      vertex   2.889544e+01 3.022149e+01 -2.500000e+00
    endloop
  endfacet
  facet normal 3.457031e-01 9.383440e-01 -0.000000e+00
    outer loop
      vertex   2.889544e+01 3.022149e+01 -3.000000e+00
      vertex   2.889544e+01 3.022149e+01 -2.500000e+00
      vertex   2.906105e+01 3.016048e+01 -3.000000e+00
    endloop
  endfacet
  facet normal 3.457031e-01 9.383440e-01 -6.667335e-15
    outer loop
      vertex   2.906105e+01 3.016048e+01 -3.000000e+00
      vertex   2.889544e+01 3.022149e+01 -2.500000e+00
      vertex   2.906105e+01 3.016048e+01 -2.500000e+00
    endloop
  endfacet
  facet normal 3.786032e-01 9.255591e-01 -6.576493e-15
    outer loop
      vertex   2.906105e+01 3.016048e+01 -3.000000e+00
      vertex   2.906105e+01 3.016048e+01 -2.500000e+00
      vertex   2.922439e+01 3.009367e+01 -3.000000e+00
    endloop
  endfacet
  facet normal 3.786032e-01 9.255591e-01 2.690138e-15
    outer loop
      vertex   2.922439e+01 3.009367e+01 -3.000000e+00
      vertex   2.906105e+01 3.016048e+01 -2.500000e+00
      vertex   2.922439e+01 3.009367e+01 -2.500000e+00
    endloop
  endfacet
  facet normal 4.110317e-01 9.116210e-01 2.920556e-15
    outer loop
      vertex   2.922439e+01 3.009367e+01 -3.000000e+00
      vertex   2.922439e+01 3.009367e+01 -2.500000e+00
      vertex   2.938528e+01 3.002112e+01 -3.000000e+00
    endloop
  endfacet
  facet normal 4.110317e-01 9.116210e-01 -0.000000e+00
    outer loop
      vertex   2.938528e+01 3.002112e+01 -3.000000e+00
      vertex   2.922439e+01 3.009367e+01 -2.500000e+00
      vertex   2.938528e+01 3.002112e+01 -2.500000e+00
    endloop
  endfacet
  facet normal 4.429481e-01 8.965472e-01 -0.000000e+00
    outer loop
      vertex   2.938528e+01 3.002112e+01 -3.000000e+00
      vertex   2.938528e+01 3.002112e+01 -2.500000e+00
      vertex   2.954351e+01 2.994295e+01 -3.000000e+00
    endloop
  endfacet
  facet normal 4.429481e-01 8.965472e-01 -0.000000e+00
    outer loop
      vertex   2.954351e+01 2.994295e+01 -3.000000e+00
      vertex   2.938528e+01 3.002112e+01 -2.500000e+00
      vertex   2.954351e+01 2.994295e+01 -2.500000e+00
    endloop
  endfacet
  facet normal 4.743127e-01 8.803565e-01 -0.000000e+00
    outer loop
      vertex   2.954351e+01 2.994295e+01 -3.000000e+00
      vertex   2.954351e+01 2.994295e+01 -2.500000e+00
      vertex   2.969888e+01 2.985924e+01 -3.000000e+00
    endloop
  endfacet
  facet normal 4.743127e-01 8.803565e-01 -0.000000e+00
    outer loop
      vertex   2.969888e+01 2.985924e+01 -3.000000e+00
      vertex   2.954351e+01 2.994295e+01 -2.500000e+00
      vertex   2.969888e+01 2.985924e+01 -2.500000e+00
    endloop
  endfacet
  facet normal 5.050863e-01 8.630689e-01 -0.000000e+00
    outer loop
      vertex   2.969888e+01 2.985924e+01 -3.000000e+00
      vertex   2.969888e+01 2.985924e+01 -2.500000e+00
      vertex   2.985120e+01 2.977010e+01 -3.000000e+00
    endloop
  endfacet
  facet normal 5.050863e-01 8.630689e-01 -0.000000e+00
    outer loop
      vertex   2.985120e+01 2.977010e+01 -3.000000e+00
      vertex   2.969888e+01 2.985924e+01 -2.500000e+00
      vertex   2.985120e+01 2.977010e+01 -2.500000e+00
    endloop
  endfacet
  facet normal 5.352306e-01 8.447060e-01 -0.000000e+00
    outer loop
      vertex   2.985120e+01 2.977010e+01 -3.000000e+00
      vertex   2.985120e+01 2.977010e+01 -2.500000e+00
      vertex   3.000028e+01 2.967564e+01 -3.000000e+00
    endloop
  endfacet
  facet normal 5.352306e-01 8.447060e-01 -0.000000e+00
    outer loop
      vertex   3.000028e+01 2.967564e+01 -3.000000e+00
      vertex   2.985120e+01 2.977010e+01 -2.500000e+00
      vertex   3.000028e+01 2.967564e+01 -2.500000e+00
    endloop
  endfacet
  facet normal 5.647081e-01 8.252907e-01 -0.000000e+00
    outer loop
      vertex   3.000028e+01 2.967564e+01 -3.000000e+00
      vertex   3.000028e+01 2.967564e+01 -2.500000e+00
      vertex   3.014593e+01 2.957598e+01 -3.000000e+00
    endloop
  endfacet
  facet normal 5.647081e-01 8.252907e-01 -0.000000e+00
    outer loop
      vertex   3.014593e+01 2.957598e+01 -3.000000e+00
      vertex   3.000028e+01 2.967564e+01 -2.500000e+00
      vertex   3.014593e+01 2.957598e+01 -2.500000e+00
    endloop
  endfacet
  facet normal 5.934820e-01 8.048472e-01 -0.000000e+00
    outer loop
      vertex   3.014593e+01 2.957598e+01 -3.000000e+00
      vertex   3.014593e+01 2.957598e+01 -2.500000e+00
      vertex   3.028797e+01 2.947124e+01 -3.000000e+00
    endloop
  endfacet
  facet normal 5.934820e-01 8.048472e-01 -4.216943e-15
    outer loop
      vertex   3.028797e+01 2.947124e+01 -3.000000e+00
      vertex   3.014593e+01 2.957598e+01 -2.500000e+00
      vertex   3.028797e+01 2.947124e+01 -2.500000e+00
    endloop
  endfacet
  facet normal 6.215166e-01 7.834010e-01 -4.416141e-15
    outer loop
      vertex   3.028797e+01 2.947124e+01 -3.000000e+00
      vertex   3.028797e+01 2.947124e+01 -2.500000e+00
      vertex   3.042623e+01 2.936155e+01 -3.000000e+00
    endloop
  endfacet
  facet normal 6.215166e-01 7.834010e-01 -0.000000e+00
    outer loop
      vertex   3.042623e+01 2.936155e+01 -3.000000e+00
      vertex   3.028797e+01 2.947124e+01 -2.500000e+00
      vertex   3.042623e+01 2.936155e+01 -2.500000e+00
    endloop
  endfacet
  facet normal 6.487768e-01 7.609788e-01 -0.000000e+00
    outer loop
      vertex   3.042623e+01 2.936155e+01 -3.000000e+00
      vertex   3.042623e+01 2.936155e+01 -2.500000e+00
      vertex   3.056053e+01 2.924705e+01 -3.000000e+00
    endloop
  endfacet
  facet normal 6.487768e-01 7.609788e-01 -0.000000e+00
    outer loop
      vertex   3.056053e+01 2.924705e+01 -3.000000e+00
      vertex   3.042623e+01 2.936155e+01 -2.500000e+00
      vertex   3.056053e+01 2.924705e+01 -2.500000e+00
    endloop
  endfacet
  facet normal 6.752287e-01 7.376085e-01 -0.000000e+00
    outer loop
      vertex   3.056053e+01 2.924705e+01 -3.000000e+00
      vertex   3.056053e+01 2.924705e+01 -2.500000e+00
      vertex   3.069071e+01 2.912788e+01 -3.000000e+00
    endloop
  endfacet
  facet normal 6.752287e-01 7.376085e-01 -0.000000e+00
    outer loop
      vertex   3.069071e+01 2.912788e+01 -3.000000e+00
      vertex   3.056053e+01 2.924705e+01 -2.500000e+00
      vertex   3.069071e+01 2.912788e+01 -2.500000e+00
    endloop
  endfacet
  facet normal 7.008393e-01 7.133192e-01 -0.000000e+00
    outer loop
      vertex   3.069071e+01 2.912788e+01 -3.000000e+00
      vertex   3.069071e+01 2.912788e+01 -2.500000e+00
      vertex   3.081660e+01 2.900420e+01 -3.000000e+00
    endloop
  endfacet
  facet normal 7.008393e-01 7.133192e-01 5.157112e-15
    outer loop
      vertex   3.081660e+01 2.900420e+01 -3.000000e+00
      vertex   3.069071e+01 2.912788e+01 -2.500000e+00
      vertex   3.081660e+01 2.900420e+01 -2.500000e+00
    endloop
  endfacet
  facet normal 7.255768e-01 6.881412e-01 4.623541e-15
    outer loop
      vertex   3.081660e+01 2.900420e+01 -3.000000e+00
      vertex   3.081660e+01 2.900420e+01 -2.500000e+00
      vertex   3.093804e+01 2.887614e+01 -3.000000e+00
    endloop
  endfacet
  facet normal 7.255768e-01 6.881412e-01 -0.000000e+00
    outer loop
      vertex   3.093804e+01 2.887614e+01 -3.000000e+00
      vertex   3.081660e+01 2.900420e+01 -2.500000e+00
      vertex   3.093804e+01 2.887614e+01 -2.500000e+00
    endloop
  endfacet
  facet normal 7.494103e-01 6.621058e-01 -0.000000e+00
    outer loop
      vertex   3.093804e+01 2.887614e+01 -3.000000e+00
      vertex   3.093804e+01 2.887614e+01 -2.500000e+00
      vertex   3.105489e+01 2.874388e+01 -3.000000e+00
    endloop
  endfacet
  facet normal 7.494103e-01 6.621058e-01 -0.000000e+00
    outer loop
      vertex   3.105489e+01 2.874388e+01 -3.000000e+00
      vertex   3.093804e+01 2.887614e+01 -2.500000e+00
      vertex   3.105489e+01 2.874388e+01 -2.500000e+00
    endloop
  endfacet
  facet normal 7.723102e-01 6.352456e-01 -0.000000e+00
    outer loop
      vertex   3.105489e+01 2.874388e+01 -3.000000e+00
      vertex   3.105489e+01 2.874388e+01 -2.500000e+00
      vertex   3.116701e+01 2.860758e+01 -3.000000e+00
    endloop
  endfacet
  facet normal 7.723102e-01 6.352456e-01 -0.000000e+00
    outer loop
      vertex   3.116701e+01 2.860758e+01 -3.000000e+00
      vertex   3.105489e+01 2.874388e+01 -2.500000e+00
      vertex   3.116701e+01 2.860758e+01 -2.500000e+00
    endloop
  endfacet
  facet normal 7.942478e-01 6.075939e-01 -0.000000e+00
    outer loop
      vertex   3.116701e+01 2.860758e+01 -3.000000e+00
      vertex   3.116701e+01 2.860758e+01 -2.500000e+00
      vertex   3.127424e+01 2.846741e+01 -3.000000e+00
    endloop
  endfacet
  facet normal 7.942478e-01 6.075939e-01 -0.000000e+00
    outer loop
      vertex   3.127424e+01 2.846741e+01 -3.000000e+00
      vertex   3.116701e+01 2.860758e+01 -2.500000e+00
      vertex   3.127424e+01 2.846741e+01 -2.500000e+00
    endloop
  endfacet
  facet normal 8.151959e-01 5.791853e-01 -0.000000e+00
    outer loop
      vertex   3.127424e+01 2.846741e+01 -3.000000e+00
      vertex   3.127424e+01 2.846741e+01 -2.500000e+00
      vertex   3.137645e+01 2.832354e+01 -3.000000e+00
    endloop
  endfacet
  facet normal 8.151959e-01 5.791853e-01 -0.000000e+00
    outer loop
      vertex   3.137645e+01 2.832354e+01 -3.000000e+00
      vertex   3.127424e+01 2.846741e+01 -2.500000e+00
      vertex   3.137645e+01 2.832354e+01 -2.500000e+00
    endloop
  endfacet
  facet normal 8.351284e-01 5.500550e-01 -0.000000e+00
    outer loop
      vertex   3.137645e+01 2.832354e+01 -3.000000e+00
      vertex   3.137645e+01 2.832354e+01 -2.500000e+00
      vertex   3.147353e+01 2.817615e+01 -3.000000e+00
    endloop
  endfacet
  facet normal 8.351284e-01 5.500550e-01 -0.000000e+00
    outer loop
      vertex   3.147353e+01 2.817615e+01 -3.000000e+00
      vertex   3.137645e+01 2.832354e+01 -2.500000e+00
      vertex   3.147353e+01 2.817615e+01 -2.500000e+00
    endloop
  endfacet
  facet normal 8.540204e-01 5.202394e-01 -0.000000e+00
    outer loop
      vertex   3.147353e+01 2.817615e+01 -3.000000e+00
      vertex   3.147353e+01 2.817615e+01 -2.500000e+00
      vertex   3.156534e+01 2.802543e+01 -3.000000e+00
    endloop
  endfacet
  facet normal 8.540204e-01 5.202394e-01 -0.000000e+00
    outer loop
      vertex   3.156534e+01 2.802543e+01 -3.000000e+00
      vertex   3.147353e+01 2.817615e+01 -2.500000e+00
      vertex   3.156534e+01 2.802543e+01 -2.500000e+00
    endloop
  endfacet
  facet normal 8.718485e-01 4.897757e-01 -0.000000e+00
    outer loop
      vertex   3.156534e+01 2.802543e+01 -3.000000e+00
      vertex   3.156534e+01 2.802543e+01 -2.500000e+00
      vertex   3.165178e+01 2.787156e+01 -3.000000e+00
    endloop
  endfacet
  facet normal 8.718485e-01 4.897757e-01 -0.000000e+00
    outer loop
      vertex   3.165178e+01 2.787156e+01 -3.000000e+00
      vertex   3.156534e+01 2.802543e+01 -2.500000e+00
      vertex   3.165178e+01 2.787156e+01 -2.500000e+00
    endloop
  endfacet
  facet normal 8.885902e-01 4.587018e-01 -0.000000e+00
    outer loop
      vertex   3.165178e+01 2.787156e+01 -3.000000e+00
      vertex   3.165178e+01 2.787156e+01 -2.500000e+00
      vertex   3.173274e+01 2.771474e+01 -3.000000e+00
    endloop
  endfacet
  facet normal 8.885902e-01 4.587018e-01 -0.000000e+00
    outer loop
      vertex   3.173274e+01 2.771474e+01 -3.000000e+00
      vertex   3.165178e+01 2.787156e+01 -2.500000e+00
      vertex   3.173274e+01 2.771474e+01 -2.500000e+00
    endloop
  endfacet
  facet normal 9.042250e-01 4.270564e-01 -0.000000e+00
    outer loop
      vertex   3.173274e+01 2.771474e+01 -3.000000e+00
      vertex   3.173274e+01 2.771474e+01 -2.500000e+00
      vertex   3.180811e+01 2.755516e+01 -3.000000e+00
    endloop
  endfacet
  facet normal 9.042250e-01 4.270564e-01 -0.000000e+00
    outer loop
      vertex   3.180811e+01 2.755516e+01 -3.000000e+00
      vertex   3.173274e+01 2.771474e+01 -2.500000e+00
      vertex   3.180811e+01 2.755516e+01 -2.500000e+00
    endloop
  endfacet
  facet normal 9.187331e-01 3.948790e-01 -0.000000e+00
    outer loop
      vertex   3.180811e+01 2.755516e+01 -3.000000e+00
      vertex   3.180811e+01 2.755516e+01 -2.500000e+00
      vertex   3.187780e+01 2.739302e+01 -3.000000e+00
    endloop
  endfacet
  facet normal 9.187331e-01 3.948790e-01 -0.000000e+00
    outer loop
      vertex   3.187780e+01 2.739302e+01 -3.000000e+00
      vertex   3.180811e+01 2.755516e+01 -2.500000e+00
      vertex   3.187780e+01 2.739302e+01 -2.500000e+00
    endloop
  endfacet
  facet normal 9.320967e-01 3.622096e-01 -0.000000e+00
    outer loop
      vertex   3.187780e+01 2.739302e+01 -3.000000e+00
      vertex   3.187780e+01 2.739302e+01 -2.500000e+00
      vertex   3.194172e+01 2.722852e+01 -3.000000e+00
    endloop
  endfacet
  facet normal 9.320967e-01 3.622096e-01 -0.000000e+00
    outer loop
      vertex   3.194172e+01 2.722852e+01 -3.000000e+00
      vertex   3.187780e+01 2.739302e+01 -2.500000e+00
      vertex   3.194172e+01 2.722852e+01 -2.500000e+00
    endloop
  endfacet
  facet normal 9.442990e-01 3.290889e-01 -0.000000e+00
    outer loop
      vertex   3.194172e+01 2.722852e+01 -3.000000e+00
      vertex   3.194172e+01 2.722852e+01 -2.500000e+00
      vertex   3.199980e+01 2.706186e+01 -3.000000e+00
    endloop
  endfacet
  facet normal 9.442990e-01 3.290889e-01 -0.000000e+00
    outer loop
      vertex   3.199980e+01 2.706186e+01 -3.000000e+00
      vertex   3.194172e+01 2.722852e+01 -2.500000e+00
      vertex   3.199980e+01 2.706186e+01 -2.500000e+00
    endloop
  endfacet
  facet normal 9.553247e-01 2.955582e-01 -0.000000e+00
    outer loop
      vertex   3.199980e+01 2.706186e+01 -3.000000e+00
      vertex   3.199980e+01 2.706186e+01 -2.500000e+00
      vertex   3.205196e+01 2.689326e+01 -3.000000e+00
    endloop
  endfacet
  facet normal 9.553247e-01 2.955582e-01 -0.000000e+00
    outer loop
      vertex   3.205196e+01 2.689326e+01 -3.000000e+00
      vertex   3.199980e+01 2.706186e+01 -2.500000e+00
      vertex   3.205196e+01 2.689326e+01 -2.500000e+00
    endloop
  endfacet
  facet normal 9.651603e-01 2.616593e-01 -0.000000e+00
    outer loop
      vertex   3.205196e+01 2.689326e+01 -3.000000e+00
      vertex   3.205196e+01 2.689326e+01 -2.500000e+00
      vertex   3.209814e+01 2.672292e+01 -3.000000e+00
    endloop
  endfacet
  facet normal 9.651603e-01 2.616593e-01 -0.000000e+00
    outer loop
      vertex   3.209814e+01 2.672292e+01 -3.000000e+00
      vertex   3.205196e+01 2.689326e+01 -2.500000e+00
      vertex   3.209814e+01 2.672292e+01 -2.500000e+00
    endloop
  endfacet
  facet normal 9.737934e-01 2.274343e-01 -0.000000e+00
    outer loop
      vertex   3.209814e+01 2.672292e+01 -3.000000e+00
      vertex   3.209814e+01 2.672292e+01 -2.500000e+00
      vertex   3.213828e+01 2.655106e+01 -3.000000e+00
    endloop
  endfacet
  facet normal 9.737934e-01 2.274343e-01 -0.000000e+00
    outer loop
      vertex   3.213828e+01 2.655106e+01 -3.000000e+00
      vertex   3.209814e+01 2.672292e+01 -2.500000e+00
      vertex   3.213828e+01 2.655106e+01 -2.500000e+00
    endloop
  endfacet
  facet normal 9.812133e-01 1.929261e-01 -0.000000e+00
    outer loop
      vertex   3.213828e+01 2.655106e+01 -3.000000e+00
      vertex   3.213828e+01 2.655106e+01 -2.500000e+00
      vertex   3.217233e+01 2.637790e+01 -3.000000e+00
    endloop
  endfacet
  facet normal 9.812133e-01 1.929261e-01 -0.000000e+00
    outer loop
      vertex   3.217233e+01 2.637790e+01 -3.000000e+00
      vertex   3.213828e+01 2.655106e+01 -2.500000e+00
      vertex   3.217233e+01 2.637790e+01 -2.500000e+00
    endloop
  endfacet
  facet normal 9.874107e-01 1.581774e-01 -0.000000e+00
    outer loop
      vertex   3.217233e+01 2.637790e+01 -3.000000e+00
      vertex   3.217233e+01 2.637790e+01 -2.500000e+00
      vertex   3.220024e+01 2.620363e+01 -3.000000e+00
    endloop
  endfacet
  facet normal 9.874107e-01 1.581774e-01 -0.000000e+00
    outer loop
      vertex   3.220024e+01 2.620363e+01 -3.000000e+00
      vertex   3.217233e+01 2.637790e+01 -2.500000e+00
      vertex   3.220024e+01 2.620363e+01 -2.500000e+00
    endloop
  endfacet
  facet normal 9.923779e-01 1.232317e-01 -0.000000e+00
    outer loop
      vertex   3.220024e+01 2.620363e+01 -3.000000e+00
      vertex   3.220024e+01 2.620363e+01 -2.500000e+00
      vertex   3.222199e+01 2.602849e+01 -3.000000e+00
    endloop
  endfacet
  facet normal 9.923779e-01 1.232317e-01 -0.000000e+00
    outer loop
      vertex   3.222199e+01 2.602849e+01 -3.000000e+00
      vertex   3.220024e+01 2.620363e+01 -2.500000e+00
      vertex   3.222199e+01 2.602849e+01 -2.500000e+00
    endloop
  endfacet
  facet normal 9.961088e-01 8.813249e-02 -0.000000e+00
    outer loop
      vertex   3.222199e+01 2.602849e+01 -3.000000e+00
      vertex   3.222199e+01 2.602849e+01 -2.500000e+00
      vertex   3.223755e+01 2.585269e+01 -3.000000e+00
    endloop
  endfacet
  facet normal 9.961088e-01 8.813249e-02 -0.000000e+00
    outer loop
      vertex   3.223755e+01 2.585269e+01 -3.000000e+00
      vertex   3.222199e+01 2.602849e+01 -2.500000e+00
      vertex   3.223755e+01 2.585269e+01 -2.500000e+00
    endloop
  endfacet
  facet normal 9.985986e-01 5.292345e-02 -0.000000e+00
    outer loop
      vertex   3.223755e+01 2.585269e+01 -3.000000e+00
      vertex   3.223755e+01 2.585269e+01 -2.500000e+00
      vertex   3.224689e+01 2.567646e+01 -3.000000e+00
    endloop
  endfacet
  facet normal 9.985986e-01 5.292345e-02 -0.000000e+00
    outer loop
      vertex   3.224689e+01 2.567646e+01 -3.000000e+00
      vertex   3.223755e+01 2.585269e+01 -2.500000e+00
      vertex   3.224689e+01 2.567646e+01 -2.500000e+00
    endloop
  endfacet
  facet normal 9.998443e-01 1.764848e-02 -0.000000e+00
    outer loop
      vertex   3.224689e+01 2.567646e+01 -3.000000e+00
      vertex   3.224689e+01 2.567646e+01 -2.500000e+00
      vertex   3.225000e+01 2.550000e+01 -3.000000e+00
    endloop
  endfacet
  facet normal 9.998443e-01 1.764848e-02 -0.000000e+00
    outer loop
      vertex   3.225000e+01 2.550000e+01 -3.000000e+00
      vertex   3.224689e+01 2.567646e+01 -2.500000e+00
      vertex   3.225000e+01 2.550000e+01 -2.500000e+00
    endloop
  endfacet
  facet normal 9.998443e-01 -1.764848e-02 0.000000e+00
    outer loop
      vertex   3.225000e+01 2.550000e+01 -3.000000e+00
      vertex   3.225000e+01 2.550000e+01 -2.500000e+00
      vertex   3.224689e+01 2.532354e+01 -3.000000e+00
    endloop
  endfacet
  facet normal 9.998443e-01 -1.764848e-02 0.000000e+00
    outer loop
      vertex   3.224689e+01 2.532354e+01 -3.000000e+00
      vertex   3.225000e+01 2.550000e+01 -2.500000e+00
      vertex   3.224689e+01 2.532354e+01 -2.500000e+00
    endloop
  endfacet
  facet normal 9.985986e-01 -5.292345e-02 0.000000e+00
    outer loop
      vertex   3.224689e+01 2.532354e+01 -3.000000e+00
      vertex   3.224689e+01 2.532354e+01 -2.500000e+00
      vertex   3.223755e+01 2.514731e+01 -3.000000e+00
    endloop
  endfacet
  facet normal 9.985986e-01 -5.292345e-02 0.000000e+00
    outer loop
      vertex   3.223755e+01 2.514731e+01 -3.000000e+00
      vertex   3.224689e+01 2.532354e+01 -2.500000e+00
      vertex   3.223755e+01 2.514731e+01 -2.500000e+00
    endloop
  endfacet
  facet normal 9.961088e-01 -8.813249e-02 0.000000e+00
    outer loop
      vertex   3.223755e+01 2.514731e+01 -3.000000e+00
      vertex   3.223755e+01 2.514731e+01 -2.500000e+00
      vertex   3.222199e+01 2.497151e+01 -3.000000e+00
    endloop
  endfacet
  facet normal 9.961088e-01 -8.813249e-02 0.000000e+00
    outer loop
      vertex   3.222199e+01 2.497151e+01 -3.000000e+00
      vertex   3.223755e+01 2.514731e+01 -2.500000e+00
      vertex   3.222199e+01 2.497151e+01 -2.500000e+00
    endloop
  endfacet
  facet normal 9.923779e-01 -1.232317e-01 0.000000e+00
    outer loop
      vertex   3.222199e+01 2.497151e+01 -3.000000e+00
      vertex   3.222199e+01 2.497151e+01 -2.500000e+00
      vertex   3.220024e+01 2.479637e+01 -3.000000e+00
    endloop
  endfacet
  facet normal 9.923779e-01 -1.232317e-01 0.000000e+00
    outer loop
      vertex   3.220024e+01 2.479637e+01 -3.000000e+00
      vertex   3.222199e+01 2.497151e+01 -2.500000e+00
      vertex   3.220024e+01 2.479637e+01 -2.500000e+00
    endloop
  endfacet
  facet normal 9.874107e-01 -1.581774e-01 0.000000e+00
    outer loop
      vertex   3.220024e+01 2.479637e+01 -3.000000e+00
      vertex   3.220024e+01 2.479637e+01 -2.500000e+00
      vertex   3.217233e+01 2.462210e+01 -3.000000e+00
    endloop
  endfacet
  facet normal 9.874107e-01 -1.581774e-01 0.000000e+00
    outer loop
      vertex   3.217233e+01 2.462210e+01 -3.000000e+00
      vertex   3.220024e+01 2.479637e+01 -2.500000e+00
      vertex   3.217233e+01 2.462210e+01 -2.500000e+00
    endloop
  endfacet
  facet normal 9.812133e-01 -1.929261e-01 0.000000e+00
    outer loop
      vertex   3.217233e+01 2.462210e+01 -3.000000e+00
      vertex   3.217233e+01 2.462210e+01 -2.500000e+00
      vertex   3.213828e+01 2.444894e+01 -3.000000e+00
    endloop
  endfacet
  facet normal 9.812133e-01 -1.929261e-01 0.000000e+00
    outer loop
      vertex   3.213828e+01 2.444894e+01 -3.000000e+00
      vertex   3.217233e+01 2.462210e+01 -2.500000e+00
      vertex   3.213828e+01 2.444894e+01 -2.500000e+00
    endloop
  endfacet
  facet normal 9.737934e-01 -2.274343e-01 0.000000e+00
    outer loop
      vertex   3.213828e+01 2.444894e+01 -3.000000e+00
      vertex   3.213828e+01 2.444894e+01 -2.500000e+00
      vertex   3.209814e+01 2.427708e+01 -3.000000e+00
    endloop
  endfacet
  facet normal 9.737934e-01 -2.274343e-01 0.000000e+00
    outer loop
      vertex   3.209814e+01 2.427708e+01 -3.000000e+00
      vertex   3.213828e+01 2.444894e+01 -2.500000e+00
      vertex   3.209814e+01 2.427708e+01 -2.500000e+00
    endloop
  endfacet
  facet normal 9.651603e-01 -2.616593e-01 0.000000e+00
    outer loop
      vertex   3.209814e+01 2.427708e+01 -3.000000e+00
      vertex   3.209814e+01 2.427708e+01 -2.500000e+00
      vertex   3.205196e+01 2.410674e+01 -3.000000e+00
    endloop
  endfacet
  facet normal 9.651603e-01 -2.616593e-01 0.000000e+00
    outer loop
      vertex   3.205196e+01 2.410674e+01 -3.000000e+00
      vertex   3.209814e+01 2.427708e+01 -2.500000e+00
      vertex   3.205196e+01 2.410674e+01 -2.500000e+00
    endloop
  endfacet
  facet normal 9.553247e-01 -2.955582e-01 0.000000e+00
    outer loop
      vertex   3.205196e+01 2.410674e+01 -3.000000e+00
      vertex   3.205196e+01 2.410674e+01 -2.500000e+00
      vertex   3.199980e+01 2.393814e+01 -3.000000e+00
    endloop
  endfacet
  facet normal 9.553247e-01 -2.955582e-01 0.000000e+00
    outer loop
      vertex   3.199980e+01 2.393814e+01 -3.000000e+00
      vertex   3.205196e+01 2.410674e+01 -2.500000e+00
      vertex   3.199980e+01 2.393814e+01 -2.500000e+00
    endloop
  endfacet
  facet normal 9.442990e-01 -3.290889e-01 0.000000e+00
    outer loop
      vertex   3.199980e+01 2.393814e+01 -3.000000e+00
      vertex   3.199980e+01 2.393814e+01 -2.500000e+00
      vertex   3.194172e+01 2.377148e+01 -3.000000e+00
    endloop
  endfacet
  facet normal 9.442990e-01 -3.290889e-01 0.000000e+00
    outer loop
      vertex   3.194172e+01 2.377148e+01 -3.000000e+00
      vertex   3.199980e+01 2.393814e+01 -2.500000e+00
      vertex   3.194172e+01 2.377148e+01 -2.500000e+00
    endloop
  endfacet
  facet normal 9.320967e-01 -3.622096e-01 0.000000e+00
    outer loop
      vertex   3.194172e+01 2.377148e+01 -3.000000e+00
      vertex   3.194172e+01 2.377148e+01 -2.500000e+00
      vertex   3.187780e+01 2.360698e+01 -3.000000e+00
    endloop
  endfacet
  facet normal 9.320967e-01 -3.622096e-01 0.000000e+00
    outer loop
      vertex   3.187780e+01 2.360698e+01 -3.000000e+00
      vertex   3.194172e+01 2.377148e+01 -2.500000e+00
      vertex   3.187780e+01 2.360698e+01 -2.500000e+00
    endloop
  endfacet
  facet normal 9.187331e-01 -3.948790e-01 0.000000e+00
    outer loop
      vertex   3.187780e+01 2.360698e+01 -3.000000e+00
      vertex   3.187780e+01 2.360698e+01 -2.500000e+00
      vertex   3.180811e+01 2.344484e+01 -3.000000e+00
    endloop
  endfacet
  facet normal 9.187331e-01 -3.948790e-01 0.000000e+00
    outer loop
      vertex   3.180811e+01 2.344484e+01 -3.000000e+00
      vertex   3.187780e+01 2.360698e+01 -2.500000e+00
      vertex   3.180811e+01 2.344484e+01 -2.500000e+00
    endloop
  endfacet
  facet normal 9.042250e-01 -4.270564e-01 0.000000e+00
    outer loop
      vertex   3.180811e+01 2.344484e+01 -3.000000e+00
      vertex   3.180811e+01 2.344484e+01 -2.500000e+00
      vertex   3.173274e+01 2.328526e+01 -3.000000e+00
    endloop
  endfacet
  facet normal 9.042250e-01 -4.270564e-01 0.000000e+00
    outer loop
      vertex   3.173274e+01 2.328526e+01 -3.000000e+00
      vertex   3.180811e+01 2.344484e+01 -2.500000e+00
      vertex   3.173274e+01 2.328526e+01 -2.500000e+00
    endloop
  endfacet
  facet normal 8.885902e-01 -4.587018e-01 0.000000e+00
    outer loop
      vertex   3.173274e+01 2.328526e+01 -3.000000e+00
      vertex   3.173274e+01 2.328526e+01 -2.500000e+00
      vertex   3.165178e+01 2.312844e+01 -3.000000e+00
    endloop
  endfacet
  facet normal 8.885902e-01 -4.587018e-01 0.000000e+00
    outer loop
      vertex   3.165178e+01 2.312844e+01 -3.000000e+00
      vertex   3.173274e+01 2.328526e+01 -2.500000e+00
      vertex   3.165178e+01 2.312844e+01 -2.500000e+00
    endloop
  endfacet
  facet normal 8.718485e-01 -4.897757e-01 0.000000e+00
    outer loop
      vertex   3.165178e+01 2.312844e+01 -3.000000e+00
      vertex   3.165178e+01 2.312844e+01 -2.500000e+00
      vertex   3.156534e+01 2.297457e+01 -3.000000e+00
    endloop
  endfacet
  facet normal 8.718485e-01 -4.897757e-01 0.000000e+00
    outer loop
      vertex   3.156534e+01 2.297457e+01 -3.000000e+00
      vertex   3.165178e+01 2.312844e+01 -2.500000e+00
      vertex   3.156534e+01 2.297457e+01 -2.500000e+00
    endloop
  endfacet
  facet normal 8.540204e-01 -5.202394e-01 0.000000e+00
    outer loop
      vertex   3.156534e+01 2.297457e+01 -3.000000e+00
      vertex   3.156534e+01 2.297457e+01 -2.500000e+00
      vertex   3.147353e+01 2.282385e+01 -3.000000e+00
    endloop
  endfacet
  facet normal 8.540204e-01 -5.202394e-01 0.000000e+00
    outer loop
      vertex   3.147353e+01 2.282385e+01 -3.000000e+00
      vertex   3.156534e+01 2.297457e+01 -2.500000e+00
      vertex   3.147353e+01 2.282385e+01 -2.500000e+00
    endloop
  endfacet
  facet normal 8.351284e-01 -5.500550e-01 0.000000e+00
    outer loop
      vertex   3.147353e+01 2.282385e+01 -3.000000e+00
      vertex   3.147353e+01 2.282385e+01 -2.500000e+00
      vertex   3.137645e+01 2.267646e+01 -3.000000e+00
    endloop
  endfacet
  facet normal 8.351284e-01 -5.500550e-01 0.000000e+00
    outer loop
      vertex   3.137645e+01 2.267646e+01 -3.000000e+00
      vertex   3.147353e+01 2.282385e+01 -2.500000e+00
      vertex   3.137645e+01 2.267646e+01 -2.500000e+00
    endloop
  endfacet
  facet normal 8.151959e-01 -5.791853e-01 0.000000e+00
    outer loop
      vertex   3.137645e+01 2.267646e+01 -3.000000e+00
      vertex   3.137645e+01 2.267646e+01 -2.500000e+00
      vertex   3.127424e+01 2.253259e+01 -3.000000e+00
    endloop
  endfacet
  facet normal 8.151959e-01 -5.791853e-01 0.000000e+00
    outer loop
      vertex   3.127424e+01 2.253259e+01 -3.000000e+00
      vertex   3.137645e+01 2.267646e+01 -2.500000e+00
      vertex   3.127424e+01 2.253259e+01 -2.500000e+00
    endloop
  endfacet
  facet normal 7.942478e-01 -6.075939e-01 0.000000e+00
    outer loop
      vertex   3.127424e+01 2.253259e+01 -3.000000e+00
      vertex   3.127424e+01 2.253259e+01 -2.500000e+00
      vertex   3.116701e+01 2.239242e+01 -3.000000e+00
    endloop
  endfacet
  facet normal 7.942478e-01 -6.075939e-01 0.000000e+00
    outer loop
      vertex   3.116701e+01 2.239242e+01 -3.000000e+00
      vertex   3.127424e+01 2.253259e+01 -2.500000e+00
      vertex   3.116701e+01 2.239242e+01 -2.500000e+00
    endloop
  endfacet
  facet normal 7.723102e-01 -6.352456e-01 0.000000e+00
    outer loop
      vertex   3.116701e+01 2.239242e+01 -3.000000e+00
      vertex   3.116701e+01 2.239242e+01 -2.500000e+00
      vertex   3.105489e+01 2.225612e+01 -3.000000e+00
    endloop
  endfacet
  facet normal 7.723102e-01 -6.352456e-01 0.000000e+00
    outer loop
      vertex   3.105489e+01 2.225612e+01 -3.000000e+00
      vertex   3.116701e+01 2.239242e+01 -2.500000e+00
      vertex   3.105489e+01 2.225612e+01 -2.500000e+00
    endloop
  endfacet
  facet normal 7.494103e-01 -6.621058e-01 0.000000e+00
    outer loop
      vertex   3.105489e+01 2.225612e+01 -3.000000e+00
      vertex   3.105489e+01 2.225612e+01 -2.500000e+00
      vertex   3.093804e+01 2.212386e+01 -3.000000e+00
    endloop
  endfacet
  facet normal 7.494103e-01 -6.621058e-01 0.000000e+00
    outer loop
      vertex   3.093804e+01 2.212386e+01 -3.000000e+00
      vertex   3.105489e+01 2.225612e+01 -2.500000e+00
      vertex   3.093804e+01 2.212386e+01 -2.500000e+00
    endloop
  endfacet
  facet normal 7.255768e-01 -6.881412e-01 0.000000e+00
    outer loop
      vertex   3.093804e+01 2.212386e+01 -3.000000e+00
      vertex   3.093804e+01 2.212386e+01 -2.500000e+00
      vertex   3.081660e+01 2.199580e+01 -3.000000e+00
    endloop
  endfacet
  facet normal 7.255768e-01 -6.881412e-01 2.659963e-16
    outer loop
      vertex   3.081660e+01 2.199580e+01 -3.000000e+00
      vertex   3.093804e+01 2.212386e+01 -2.500000e+00
      vertex   3.081660e+01 2.199580e+01 -2.500000e+00
    endloop
  endfacet
  facet normal 7.008393e-01 -7.133192e-01 -8.867464e-17
    outer loop
      vertex   3.081660e+01 2.199580e+01 -3.000000e+00
      vertex   3.081660e+01 2.199580e+01 -2.500000e+00
      vertex   3.069071e+01 2.187212e+01 -3.000000e+00
    endloop
  endfacet
  facet normal 7.008393e-01 -7.133192e-01 0.000000e+00
    outer loop
      vertex   3.069071e+01 2.187212e+01 -3.000000e+00
      vertex   3.081660e+01 2.199580e+01 -2.500000e+00
      vertex   3.069071e+01 2.187212e+01 -2.500000e+00
    endloop
  endfacet
  facet normal 6.752287e-01 -7.376085e-01 0.000000e+00
    outer loop
      vertex   3.069071e+01 2.187212e+01 -3.000000e+00
      vertex   3.069071e+01 2.187212e+01 -2.500000e+00
      vertex   3.056053e+01 2.175295e+01 -3.000000e+00
    endloop
  endfacet
  facet normal 6.752287e-01 -7.376085e-01 0.000000e+00
    outer loop
      vertex   3.056053e+01 2.175295e+01 -3.000000e+00
      vertex   3.069071e+01 2.187212e+01 -2.500000e+00
      vertex   3.056053e+01 2.175295e+01 -2.500000e+00
    endloop
  endfacet
  facet normal 6.487768e-01 -7.609788e-01 0.000000e+00
    outer loop
      vertex   3.056053e+01 2.175295e+01 -3.000000e+00
      vertex   3.056053e+01 2.175295e+01 -2.500000e+00
      vertex   3.042623e+01 2.163845e+01 -3.000000e+00
    endloop
  endfacet
  facet normal 6.487768e-01 -7.609788e-01 0.000000e+00
    outer loop
      vertex   3.042623e+01 2.163845e+01 -3.000000e+00
      vertex   3.056053e+01 2.175295e+01 -2.500000e+00
      vertex   3.042623e+01 2.163845e+01 -2.500000e+00
    endloop
  endfacet
  facet normal 6.215166e-01 -7.834010e-01 0.000000e+00
    outer loop
      vertex   3.042623e+01 2.163845e+01 -3.000000e+00
      vertex   3.042623e+01 2.163845e+01 -2.500000e+00
      vertex   3.028797e+01 2.152876e+01 -3.000000e+00
    endloop
  endfacet
  facet normal 6.215166e-01 -7.834010e-01 4.416141e-15
    outer loop
      vertex   3.028797e+01 2.152876e+01 -3.000000e+00
      vertex   3.042623e+01 2.163845e+01 -2.500000e+00
      vertex   3.028797e+01 2.152876e+01 -2.500000e+00
    endloop
  endfacet
  facet normal 5.934820e-01 -8.048472e-01 4.216943e-15
    outer loop
      vertex   3.028797e+01 2.152876e+01 -3.000000e+00
      vertex   3.028797e+01 2.152876e+01 -2.500000e+00
      vertex   3.014593e+01 2.142402e+01 -3.000000e+00
    endloop
  endfacet
  facet normal 5.934820e-01 -8.048472e-01 0.000000e+00
    outer loop
      vertex   3.014593e+01 2.142402e+01 -3.000000e+00
      vertex   3.028797e+01 2.152876e+01 -2.500000e+00
      vertex   3.014593e+01 2.142402e+01 -2.500000e+00
    endloop
  endfacet
  facet normal 5.647081e-01 -8.252907e-01 0.000000e+00
    outer loop
      vertex   3.014593e+01 2.142402e+01 -3.000000e+00
      vertex   3.014593e+01 2.142402e+01 -2.500000e+00
      vertex   3.000028e+01 2.132436e+01 -3.000000e+00
    endloop
  endfacet
  facet normal 5.647081e-01 -8.252907e-01 0.000000e+00
    outer loop
      vertex   3.000028e+01 2.132436e+01 -3.000000e+00
      vertex   3.014593e+01 2.142402e+01 -2.500000e+00
      vertex   3.000028e+01 2.132436e+01 -2.500000e+00
    endloop
  endfacet
  facet normal 5.352306e-01 -8.447060e-01 0.000000e+00
    outer loop
      vertex   3.000028e+01 2.132436e+01 -3.000000e+00
      vertex   3.000028e+01 2.132436e+01 -2.500000e+00
      vertex   2.985120e+01 2.122990e+01 -3.000000e+00
    endloop
  endfacet
  facet normal 5.352306e-01 -8.447060e-01 0.000000e+00
    outer loop
      vertex   2.985120e+01 2.122990e+01 -3.000000e+00
      vertex   3.000028e+01 2.132436e+01 -2.500000e+00
      vertex   2.985120e+01 2.122990e+01 -2.500000e+00
    endloop
  endfacet
  facet normal 5.050863e-01 -8.630689e-01 0.000000e+00
    outer loop
      vertex   2.985120e+01 2.122990e+01 -3.000000e+00
      vertex   2.985120e+01 2.122990e+01 -2.500000e+00
      vertex   2.969888e+01 2.114076e+01 -3.000000e+00
    endloop
  endfacet
  facet normal 5.050863e-01 -8.630689e-01 0.000000e+00
    outer loop
      vertex   2.969888e+01 2.114076e+01 -3.000000e+00
      vertex   2.985120e+01 2.122990e+01 -2.500000e+00
      vertex   2.969888e+01 2.114076e+01 -2.500000e+00
    endloop
  endfacet
  facet normal 4.743127e-01 -8.803565e-01 0.000000e+00
    outer loop
      vertex   2.969888e+01 2.114076e+01 -3.000000e+00
      vertex   2.969888e+01 2.114076e+01 -2.500000e+00
      vertex   2.954351e+01 2.105705e+01 -3.000000e+00
    endloop
  endfacet
  facet normal 4.743127e-01 -8.803565e-01 0.000000e+00
    outer loop
      vertex   2.954351e+01 2.105705e+01 -3.000000e+00
      vertex   2.969888e+01 2.114076e+01 -2.500000e+00
      vertex   2.954351e+01 2.105705e+01 -2.500000e+00
    endloop
  endfacet
  facet normal 4.429481e-01 -8.965472e-01 0.000000e+00
    outer loop
      vertex   2.954351e+01 2.105705e+01 -3.000000e+00
      vertex   2.954351e+01 2.105705e+01 -2.500000e+00
      vertex   2.938528e+01 2.097888e+01 -3.000000e+00
    endloop
  endfacet
  facet normal 4.429481e-01 -8.965472e-01 0.000000e+00
    outer loop
      vertex   2.938528e+01 2.097888e+01 -3.000000e+00
      vertex   2.954351e+01 2.105705e+01 -2.500000e+00
      vertex   2.938528e+01 2.097888e+01 -2.500000e+00
    endloop
  endfacet
  facet normal 4.110317e-01 -9.116210e-01 0.000000e+00
    outer loop
      vertex   2.938528e+01 2.097888e+01 -3.000000e+00
      vertex   2.938528e+01 2.097888e+01 -2.500000e+00
      vertex   2.922439e+01 2.090633e+01 -3.000000e+00
    endloop
  endfacet
  facet normal 4.110317e-01 -9.116210e-01 -2.920556e-15
    outer loop
      vertex   2.922439e+01 2.090633e+01 -3.000000e+00
      vertex   2.938528e+01 2.097888e+01 -2.500000e+00
      vertex   2.922439e+01 2.090633e+01 -2.500000e+00
    endloop
  endfacet
  facet normal 3.786032e-01 -9.255591e-01 -2.690138e-15
    outer loop
      vertex   2.922439e+01 2.090633e+01 -3.000000e+00
      vertex   2.922439e+01 2.090633e+01 -2.500000e+00
      vertex   2.906105e+01 2.083952e+01 -3.000000e+00
    endloop
  endfacet
  facet normal 3.786032e-01 -9.255591e-01 1.315299e-14
    outer loop
      vertex   2.906105e+01 2.083952e+01 -3.000000e+00
      vertex   2.922439e+01 2.090633e+01 -2.500000e+00
      vertex   2.906105e+01 2.083952e+01 -2.500000e+00
    endloop
  endfacet
  facet normal 3.457031e-01 -9.383440e-01 1.333467e-14
    outer loop
      vertex   2.906105e+01 2.083952e+01 -3.000000e+00
      vertex   2.906105e+01 2.083952e+01 -2.500000e+00
      vertex   2.889544e+01 2.077851e+01 -3.000000e+00
    endloop
  endfacet
  facet normal 3.457031e-01 -9.383440e-01 0.000000e+00
    outer loop
      vertex   2.889544e+01 2.077851e+01 -3.000000e+00
      vertex   2.906105e+01 2.083952e+01 -2.500000e+00
      vertex   2.889544e+01 2.077851e+01 -2.500000e+00
    endloop
  endfacet
  facet normal 3.123722e-01 -9.499598e-01 0.000000e+00
    outer loop
      vertex   2.889544e+01 2.077851e+01 -3.000000e+00
      vertex   2.889544e+01 2.077851e+01 -2.500000e+00
      vertex   2.872779e+01 2.072338e+01 -3.000000e+00
    endloop
  endfacet
  facet normal 3.123722e-01 -9.499598e-01 -4.530333e-15
    outer loop
      vertex   2.872779e+01 2.072338e+01 -3.000000e+00
      vertex   2.889544e+01 2.077851e+01 -2.500000e+00
      vertex   2.872779e+01 2.072338e+01 -2.500000e+00
    endloop
  endfacet
  facet normal 2.786521e-01 -9.603921e-01 -4.844054e-15
    outer loop
      vertex   2.872779e+01 2.072338e+01 -3.000000e+00
      vertex   2.872779e+01 2.072338e+01 -2.500000e+00
      vertex   2.855830e+01 2.067420e+01 -3.000000e+00
    endloop
  endfacet
  facet normal 2.786521e-01 -9.603921e-01 0.000000e+00
    outer loop
      vertex   2.855830e+01 2.067420e+01 -3.000000e+00
      vertex   2.872779e+01 2.072338e+01 -2.500000e+00
      vertex   2.855830e+01 2.067420e+01 -2.500000e+00
    endloop
  endfacet
  facet normal 2.445849e-01 -9.696279e-01 0.000000e+00
    outer loop
      vertex   2.855830e+01 2.067420e+01 -3.000000e+00
      vertex   2.855830e+01 2.067420e+01 -2.500000e+00
      vertex   2.838717e+01 2.063103e+01 -3.000000e+00
    endloop
  endfacet
  facet normal 2.445849e-01 -9.696279e-01 1.737880e-15
    outer loop
      vertex   2.838717e+01 2.063103e+01 -3.000000e+00
      vertex   2.855830e+01 2.067420e+01 -2.500000e+00
      vertex   2.838717e+01 2.063103e+01 -2.500000e+00
    endloop
  endfacet
  facet normal 2.102129e-01 -9.776556e-01 1.493653e-15
    outer loop
      vertex   2.838717e+01 2.063103e+01 -3.000000e+00
      vertex   2.838717e+01 2.063103e+01 -2.500000e+00
      vertex   2.821463e+01 2.059393e+01 -3.000000e+00
    endloop
  endfacet
  facet normal 2.102129e-01 -9.776556e-01 0.000000e+00
    outer loop
      vertex   2.821463e+01 2.059393e+01 -3.000000e+00
      vertex   2.838717e+01 2.063103e+01 -2.500000e+00
      vertex   2.821463e+01 2.059393e+01 -2.500000e+00
    endloop
  endfacet
  facet normal 1.755791e-01 -9.844653e-01 0.000000e+00
    outer loop
      vertex   2.821463e+01 2.059393e+01 -3.000000e+00
      vertex   2.821463e+01 2.059393e+01 -2.500000e+00
      vertex   2.804089e+01 2.056295e+01 -3.000000e+00
    endloop
  endfacet
  facet normal 1.755791e-01 -9.844653e-01 0.000000e+00
    outer loop
      vertex   2.804089e+01 2.056295e+01 -3.000000e+00
      vertex   2.821463e+01 2.059393e+01 -2.500000e+00
      vertex   2.804089e+01 2.056295e+01 -2.500000e+00
    endloop
  endfacet
  facet normal 1.407265e-01 -9.900485e-01 0.000000e+00
    outer loop
      vertex   2.804089e+01 2.056295e+01 -3.000000e+00
      vertex   2.804089e+01 2.056295e+01 -2.500000e+00
      vertex   2.786616e+01 2.053811e+01 -3.000000e+00
    endloop
  endfacet
  facet normal 1.407265e-01 -9.900485e-01 0.000000e+00
    outer loop
      vertex   2.786616e+01 2.053811e+01 -3.000000e+00
      vertex   2.804089e+01 2.056295e+01 -2.500000e+00
      vertex   2.786616e+01 2.053811e+01 -2.500000e+00
    endloop
  endfacet
  facet normal 1.056986e-01 -9.943982e-01 0.000000e+00
    outer loop
      vertex   2.786616e+01 2.053811e+01 -3.000000e+00
      vertex   2.786616e+01 2.053811e+01 -2.500000e+00
      vertex   2.769066e+01 2.051946e+01 -3.000000e+00
    endloop
  endfacet
  facet normal 1.056986e-01 -9.943982e-01 -7.510335e-16
    outer loop
      vertex   2.769066e+01 2.051946e+01 -3.000000e+00
      vertex   2.786616e+01 2.053811e+01 -2.500000e+00
      vertex   2.769066e+01 2.051946e+01 -2.500000e+00
    endloop
  endfacet
  facet normal 7.053896e-02 -9.975090e-01 -5.012094e-16
    outer loop
      vertex   2.769066e+01 2.051946e+01 -3.000000e+00
      vertex   2.769066e+01 2.051946e+01 -2.500000e+00
      vertex   2.751462e+01 2.050701e+01 -3.000000e+00
    endloop
  endfacet
  facet normal 7.053896e-02 -9.975090e-01 0.000000e+00
    outer loop
      vertex   2.751462e+01 2.050701e+01 -3.000000e+00
      vertex   2.769066e+01 2.051946e+01 -2.500000e+00
      vertex   2.751462e+01 2.050701e+01 -2.500000e+00
    endloop
  endfacet
  facet normal 3.529146e-02 -9.993771e-01 0.000000e+00
    outer loop
      vertex   2.751462e+01 2.050701e+01 -3.000000e+00
      vertex   2.751462e+01 2.050701e+01 -2.500000e+00
      vertex   2.733824e+01 2.050078e+01 -3.000000e+00
    endloop
  endfacet
  facet normal 3.529146e-02 -9.993771e-01 2.507609e-16
    outer loop
      vertex   2.733824e+01 2.050078e+01 -3.000000e+00
      vertex   2.751462e+01 2.050701e+01 -2.500000e+00
      vertex   2.733824e+01 2.050078e+01 -2.500000e+00
    endloop
  endfacet
  facet normal 0.000000e+00 -1.000000e+00 0.000000e+00
    outer loop
      vertex   2.733824e+01 2.050078e+01 -3.000000e+00
      vertex   2.733824e+01 2.050078e+01 -2.500000e+00
      vertex   2.716176e+01 2.050078e+01 -3.000000e+00
    endloop
  endfacet
  facet normal 0.000000e+00 -1.000000e+00 0.000000e+00
    outer loop
      vertex   2.716176e+01 2.050078e+01 -3.000000e+00
      vertex   2.733824e+01 2.050078e+01 -2.500000e+00
      vertex   2.716176e+01 2.050078e+01 -2.500000e+00
    endloop
  endfacet
  facet normal -3.529146e-02 -9.993771e-01 0.000000e+00
    outer loop
      vertex   2.716176e+01 2.050078e+01 -3.000000e+00
      vertex   2.716176e+01 2.050078e+01 -2.500000e+00
      vertex   2.698538e+01 2.050701e+01 -3.000000e+00
    endloop
  endfacet
  facet normal -3.529146e-02 -9.993771e-01 0.000000e+00
    outer loop
      vertex   2.698538e+01 2.050701e+01 -3.000000e+00
      vertex   2.716176e+01 2.050078e+01 -2.500000e+00
      vertex   2.698538e+01 2.050701e+01 -2.500000e+00
    endloop
  endfacet
  facet normal -7.053896e-02 -9.975090e-01 0.000000e+00
    outer loop
      vertex   2.698538e+01 2.050701e+01 -3.000000e+00
      vertex   2.698538e+01 2.050701e+01 -2.500000e+00
      vertex   2.680934e+01 2.051946e+01 -3.000000e+00
    endloop
  endfacet
  facet normal -7.053896e-02 -9.975090e-01 0.000000e+00
    outer loop
      vertex   2.680934e+01 2.051946e+01 -3.000000e+00
      vertex   2.698538e+01 2.050701e+01 -2.500000e+00
      vertex   2.680934e+01 2.051946e+01 -2.500000e+00
    endloop
  endfacet
  facet normal -1.056986e-01 -9.943982e-01 0.000000e+00
    outer loop
      vertex   2.680934e+01 2.051946e+01 -3.000000e+00
      vertex   2.680934e+01 2.051946e+01 -2.500000e+00
      vertex   2.663384e+01 2.053811e+01 -3.000000e+00
    endloop
  endfacet
  facet normal -1.056986e-01 -9.943982e-01 -7.510335e-16
    outer loop
      vertex   2.663384e+01 2.053811e+01 -3.000000e+00
      vertex   2.680934e+01 2.051946e+01 -2.500000e+00
      vertex   2.663384e+01 2.053811e+01 -2.500000e+00
    endloop
  endfacet
  facet normal -1.407265e-01 -9.900485e-01 -9.999219e-16
    outer loop
      vertex   2.663384e+01 2.053811e+01 -3.000000e+00
      vertex   2.663384e+01 2.053811e+01 -2.500000e+00
      vertex   2.645911e+01 2.056295e+01 -3.000000e+00
    endloop
  endfacet
  facet normal -1.407265e-01 -9.900485e-01 0.000000e+00
    outer loop
      vertex   2.645911e+01 2.056295e+01 -3.000000e+00
      vertex   2.663384e+01 2.053811e+01 -2.500000e+00
      vertex   2.645911e+01 2.056295e+01 -2.500000e+00
    endloop
  endfacet
  facet normal -1.755791e-01 -9.844653e-01 0.000000e+00
    outer loop
      vertex   2.645911e+01 2.056295e+01 -3.000000e+00
      vertex   2.645911e+01 2.056295e+01 -2.500000e+00
      vertex   2.628537e+01 2.059393e+01 -3.000000e+00
    endloop
  endfacet
  facet normal -1.755791e-01 -9.844653e-01 0.000000e+00
    outer loop
      vertex   2.628537e+01 2.059393e+01 -3.000000e+00
      vertex   2.645911e+01 2.056295e+01 -2.500000e+00
      vertex   2.628537e+01 2.059393e+01 -2.500000e+00
    endloop
  endfacet
  facet normal -2.102129e-01 -9.776556e-01 0.000000e+00
    outer loop
      vertex   2.628537e+01 2.059393e+01 -3.000000e+00
      vertex   2.628537e+01 2.059393e+01 -2.500000e+00
      vertex   2.611283e+01 2.063103e+01 -3.000000e+00
    endloop
  endfacet
  facet normal -2.102129e-01 -9.776556e-01 2.987306e-15
    outer loop
      vertex   2.611283e+01 2.063103e+01 -3.000000e+00
      vertex   2.628537e+01 2.059393e+01 -2.500000e+00
      vertex   2.611283e+01 2.063103e+01 -2.500000e+00
    endloop
  endfacet
  facet normal -2.445849e-01 -9.696279e-01 3.475760e-15
    outer loop
      vertex   2.611283e+01 2.063103e+01 -3.000000e+00
      vertex   2.611283e+01 2.063103e+01 -2.500000e+00
      vertex   2.594170e+01 2.067420e+01 -3.000000e+00
    endloop
  endfacet
  facet normal -2.445849e-01 -9.696279e-01 0.000000e+00
    outer loop
      vertex   2.594170e+01 2.067420e+01 -3.000000e+00
      vertex   2.611283e+01 2.063103e+01 -2.500000e+00
      vertex   2.594170e+01 2.067420e+01 -2.500000e+00
    endloop
  endfacet
  facet normal -2.786521e-01 -9.603921e-01 0.000000e+00
    outer loop
      vertex   2.594170e+01 2.067420e+01 -3.000000e+00
      vertex   2.594170e+01 2.067420e+01 -2.500000e+00
      vertex   2.577221e+01 2.072338e+01 -3.000000e+00
    endloop
  endfacet
  facet normal -2.786521e-01 -9.603921e-01 0.000000e+00
    outer loop
      vertex   2.577221e+01 2.072338e+01 -3.000000e+00
      vertex   2.594170e+01 2.067420e+01 -2.500000e+00
      vertex   2.577221e+01 2.072338e+01 -2.500000e+00
    endloop
  endfacet
  facet normal -3.123722e-01 -9.499598e-01 0.000000e+00
    outer loop
      vertex   2.577221e+01 2.072338e+01 -3.000000e+00
      vertex   2.577221e+01 2.072338e+01 -2.500000e+00
      vertex   2.560456e+01 2.077851e+01 -3.000000e+00
    endloop
  endfacet
  facet normal -3.123722e-01 -9.499598e-01 -2.219538e-15
    outer loop
      vertex   2.560456e+01 2.077851e+01 -3.000000e+00
      vertex   2.577221e+01 2.072338e+01 -2.500000e+00
      vertex   2.560456e+01 2.077851e+01 -2.500000e+00
    endloop
  endfacet
  facet normal -3.457031e-01 -9.383440e-01 -2.456368e-15
    outer loop
      vertex   2.560456e+01 2.077851e+01 -3.000000e+00
      vertex   2.560456e+01 2.077851e+01 -2.500000e+00
      vertex   2.543895e+01 2.083952e+01 -3.000000e+00
    endloop
  endfacet
  facet normal -3.457031e-01 -9.383440e-01 1.333467e-14
    outer loop
      vertex   2.543895e+01 2.083952e+01 -3.000000e+00
      vertex   2.560456e+01 2.077851e+01 -2.500000e+00
      vertex   2.543895e+01 2.083952e+01 -2.500000e+00
    endloop
  endfacet
  facet normal -3.786032e-01 -9.255591e-01 1.315299e-14
    outer loop
      vertex   2.543895e+01 2.083952e+01 -3.000000e+00
      vertex   2.543895e+01 2.083952e+01 -2.500000e+00
      vertex   2.527561e+01 2.090633e+01 -3.000000e+00
    endloop
  endfacet
  facet normal -3.786032e-01 -9.255591e-01 0.000000e+00
    outer loop
      vertex   2.527561e+01 2.090633e+01 -3.000000e+00
      vertex   2.543895e+01 2.083952e+01 -2.500000e+00
      vertex   2.527561e+01 2.090633e+01 -2.500000e+00
    endloop
  endfacet
  facet normal -4.110317e-01 -9.116210e-01 0.000000e+00
    outer loop
      vertex   2.527561e+01 2.090633e+01 -3.000000e+00
      vertex   2.527561e+01 2.090633e+01 -2.500000e+00
      vertex   2.511472e+01 2.097888e+01 -3.000000e+00
    endloop
  endfacet
  facet normal -4.110317e-01 -9.116210e-01 0.000000e+00
    outer loop
      vertex   2.511472e+01 2.097888e+01 -3.000000e+00
      vertex   2.527561e+01 2.090633e+01 -2.500000e+00
      vertex   2.511472e+01 2.097888e+01 -2.500000e+00
    endloop
  endfacet
  facet normal -4.429481e-01 -8.965472e-01 0.000000e+00
    outer loop
      vertex   2.511472e+01 2.097888e+01 -3.000000e+00
      vertex   2.511472e+01 2.097888e+01 -2.500000e+00
      vertex   2.495649e+01 2.105705e+01 -3.000000e+00
    endloop
  endfacet
  facet normal -4.429481e-01 -8.965472e-01 0.000000e+00
    outer loop
      vertex   2.495649e+01 2.105705e+01 -3.000000e+00
      vertex   2.511472e+01 2.097888e+01 -2.500000e+00
      vertex   2.495649e+01 2.105705e+01 -2.500000e+00
    endloop
  endfacet
  facet normal -4.743127e-01 -8.803565e-01 0.000000e+00
    outer loop
      vertex   2.495649e+01 2.105705e+01 -3.000000e+00
      vertex   2.495649e+01 2.105705e+01 -2.500000e+00
      vertex   2.480112e+01 2.114076e+01 -3.000000e+00
    endloop
  endfacet
  facet normal -4.743127e-01 -8.803565e-01 0.000000e+00
    outer loop
      vertex   2.480112e+01 2.114076e+01 -3.000000e+00
      vertex   2.495649e+01 2.105705e+01 -2.500000e+00
      vertex   2.480112e+01 2.114076e+01 -2.500000e+00
    endloop
  endfacet
  facet normal -5.050863e-01 -8.630689e-01 0.000000e+00
    outer loop
      vertex   2.480112e+01 2.114076e+01 -3.000000e+00
      vertex   2.480112e+01 2.114076e+01 -2.500000e+00
      vertex   2.464880e+01 2.122990e+01 -3.000000e+00
    endloop
  endfacet
  facet normal -5.050863e-01 -8.630689e-01 0.000000e+00
    outer loop
      vertex   2.464880e+01 2.122990e+01 -3.000000e+00
      vertex   2.480112e+01 2.114076e+01 -2.500000e+00
      vertex   2.464880e+01 2.122990e+01 -2.500000e+00
    endloop
  endfacet
  facet normal -5.352306e-01 -8.447060e-01 0.000000e+00
    outer loop
      vertex   2.464880e+01 2.122990e+01 -3.000000e+00
      vertex   2.464880e+01 2.122990e+01 -2.500000e+00
      vertex   2.449972e+01 2.132436e+01 -3.000000e+00
    endloop
  endfacet
  facet normal -5.352306e-01 -8.447060e-01 0.000000e+00
    outer loop
      vertex   2.449972e+01 2.132436e+01 -3.000000e+00
      vertex   2.464880e+01 2.122990e+01 -2.500000e+00
      vertex   2.449972e+01 2.132436e+01 -2.500000e+00
    endloop
  endfacet
  facet normal -5.647081e-01 -8.252907e-01 0.000000e+00
    outer loop
      vertex   2.449972e+01 2.132436e+01 -3.000000e+00
      vertex   2.449972e+01 2.132436e+01 -2.500000e+00
      vertex   2.435407e+01 2.142402e+01 -3.000000e+00
    endloop
  endfacet
  facet normal -5.647081e-01 -8.252907e-01 0.000000e+00
    outer loop
      vertex   2.435407e+01 2.142402e+01 -3.000000e+00
      vertex   2.449972e+01 2.132436e+01 -2.500000e+00
      vertex   2.435407e+01 2.142402e+01 -2.500000e+00
    endloop
  endfacet
  facet normal -5.934820e-01 -8.048472e-01 0.000000e+00
    outer loop
      vertex   2.435407e+01 2.142402e+01 -3.000000e+00
      vertex   2.435407e+01 2.142402e+01 -2.500000e+00
      vertex   2.421203e+01 2.152876e+01 -3.000000e+00
    endloop
  endfacet
  facet normal -5.934820e-01 -8.048472e-01 4.216943e-15
    outer loop
      vertex   2.421203e+01 2.152876e+01 -3.000000e+00
      vertex   2.435407e+01 2.142402e+01 -2.500000e+00
      vertex   2.421203e+01 2.152876e+01 -2.500000e+00
    endloop
  endfacet
  facet normal -6.215166e-01 -7.834010e-01 4.416141e-15
    outer loop
      vertex   2.421203e+01 2.152876e+01 -3.000000e+00
      vertex   2.421203e+01 2.152876e+01 -2.500000e+00
      vertex   2.407377e+01 2.163845e+01 -3.000000e+00
    endloop
  endfacet
  facet normal -6.215166e-01 -7.834010e-01 0.000000e+00
    outer loop
      vertex   2.407377e+01 2.163845e+01 -3.000000e+00
      vertex   2.421203e+01 2.152876e+01 -2.500000e+00
      vertex   2.407377e+01 2.163845e+01 -2.500000e+00
    endloop
  endfacet
  facet normal -6.487768e-01 -7.609788e-01 0.000000e+00
    outer loop
      vertex   2.407377e+01 2.163845e+01 -3.000000e+00
      vertex   2.407377e+01 2.163845e+01 -2.500000e+00
      vertex   2.393947e+01 2.175295e+01 -3.000000e+00
    endloop
  endfacet
  facet normal -6.487768e-01 -7.609788e-01 0.000000e+00
    outer loop
      vertex   2.393947e+01 2.175295e+01 -3.000000e+00
      vertex   2.407377e+01 2.163845e+01 -2.500000e+00
      vertex   2.393947e+01 2.175295e+01 -2.500000e+00
    endloop
  endfacet
  facet normal -6.752287e-01 -7.376085e-01 0.000000e+00
    outer loop
      vertex   2.393947e+01 2.175295e+01 -3.000000e+00
      vertex   2.393947e+01 2.175295e+01 -2.500000e+00
      vertex   2.380929e+01 2.187212e+01 -3.000000e+00
    endloop
  endfacet
  facet normal -6.752287e-01 -7.376085e-01 -4.797788e-15
    outer loop
      vertex   2.380929e+01 2.187212e+01 -3.000000e+00
      vertex   2.393947e+01 2.175295e+01 -2.500000e+00
      vertex   2.380929e+01 2.187212e+01 -2.500000e+00
    endloop
  endfacet
  facet normal -7.008393e-01 -7.133192e-01 -4.979763e-15
    outer loop
      vertex   2.380929e+01 2.187212e+01 -3.000000e+00
      vertex   2.380929e+01 2.187212e+01 -2.500000e+00
      vertex   2.368340e+01 2.199580e+01 -3.000000e+00
    endloop
  endfacet
  facet normal -7.008393e-01 -7.133192e-01 0.000000e+00
    outer loop
      vertex   2.368340e+01 2.199580e+01 -3.000000e+00
      vertex   2.380929e+01 2.187212e+01 -2.500000e+00
      vertex   2.368340e+01 2.199580e+01 -2.500000e+00
    endloop
  endfacet
  facet normal -7.255768e-01 -6.881412e-01 0.000000e+00
    outer loop
      vertex   2.368340e+01 2.199580e+01 -3.000000e+00
      vertex   2.368340e+01 2.199580e+01 -2.500000e+00
      vertex   2.356196e+01 2.212386e+01 -3.000000e+00
    endloop
  endfacet
  facet normal -7.255768e-01 -6.881412e-01 0.000000e+00
    outer loop
      vertex   2.356196e+01 2.212386e+01 -3.000000e+00
      vertex   2.368340e+01 2.199580e+01 -2.500000e+00
      vertex   2.356196e+01 2.212386e+01 -2.500000e+00
    endloop
  endfacet
  facet normal -7.494103e-01 -6.621058e-01 0.000000e+00
    outer loop
      vertex   2.356196e+01 2.212386e+01 -3.000000e+00
      vertex   2.356196e+01 2.212386e+01 -2.500000e+00
      vertex   2.344511e+01 2.225612e+01 -3.000000e+00
    endloop
  endfacet
  facet normal -7.494103e-01 -6.621058e-01 0.000000e+00
    outer loop
      vertex   2.344511e+01 2.225612e+01 -3.000000e+00
      vertex   2.356196e+01 2.212386e+01 -2.500000e+00
      vertex   2.344511e+01 2.225612e+01 -2.500000e+00
    endloop
  endfacet
  facet normal -7.723102e-01 -6.352456e-01 0.000000e+00
    outer loop
      vertex   2.344511e+01 2.225612e+01 -3.000000e+00
      vertex   2.344511e+01 2.225612e+01 -2.500000e+00
      vertex   2.333299e+01 2.239242e+01 -3.000000e+00
    endloop
  endfacet
  facet normal -7.723102e-01 -6.352456e-01 0.000000e+00
    outer loop
      vertex   2.333299e+01 2.239242e+01 -3.000000e+00
      vertex   2.344511e+01 2.225612e+01 -2.500000e+00
      vertex   2.333299e+01 2.239242e+01 -2.500000e+00
    endloop
  endfacet
  facet normal -7.942478e-01 -6.075939e-01 0.000000e+00
    outer loop
      vertex   2.333299e+01 2.239242e+01 -3.000000e+00
      vertex   2.333299e+01 2.239242e+01 -2.500000e+00
      vertex   2.322576e+01 2.253259e+01 -3.000000e+00
    endloop
  endfacet
  facet normal -7.942478e-01 -6.075939e-01 0.000000e+00
    outer loop
      vertex   2.322576e+01 2.253259e+01 -3.000000e+00
      vertex   2.333299e+01 2.239242e+01 -2.500000e+00
      vertex   2.322576e+01 2.253259e+01 -2.500000e+00
    endloop
  endfacet
  facet normal -8.151959e-01 -5.791853e-01 0.000000e+00
    outer loop
      vertex   2.322576e+01 2.253259e+01 -3.000000e+00
      vertex   2.322576e+01 2.253259e+01 -2.500000e+00
      vertex   2.312355e+01 2.267646e+01 -3.000000e+00
    endloop
  endfacet
  facet normal -8.151959e-01 -5.791853e-01 0.000000e+00
    outer loop
      vertex   2.312355e+01 2.267646e+01 -3.000000e+00
      vertex   2.322576e+01 2.253259e+01 -2.500000e+00
      vertex   2.312355e+01 2.267646e+01 -2.500000e+00
    endloop
  endfacet
  facet normal -8.351284e-01 -5.500550e-01 0.000000e+00
    outer loop
      vertex   2.312355e+01 2.267646e+01 -3.000000e+00
      vertex   2.312355e+01 2.267646e+01 -2.500000e+00
      vertex   2.302647e+01 2.282385e+01 -3.000000e+00
    endloop
  endfacet
  facet normal -8.351284e-01 -5.500550e-01 2.025569e-15
    outer loop
      vertex   2.302647e+01 2.282385e+01 -3.000000e+00
      vertex   2.312355e+01 2.267646e+01 -2.500000e+00
      vertex   2.302647e+01 2.282385e+01 -2.500000e+00
    endloop
  endfacet
  facet normal -8.540204e-01 -5.202394e-01 2.371657e-15
    outer loop
      vertex   2.302647e+01 2.282385e+01 -3.000000e+00
      vertex   2.302647e+01 2.282385e+01 -2.500000e+00
      vertex   2.293466e+01 2.297457e+01 -3.000000e+00
    endloop
  endfacet
  facet normal -8.540204e-01 -5.202394e-01 -6.068180e-15
    outer loop
      vertex   2.293466e+01 2.297457e+01 -3.000000e+00
      vertex   2.302647e+01 2.282385e+01 -2.500000e+00
      vertex   2.293466e+01 2.297457e+01 -2.500000e+00
    endloop
  endfacet
  facet normal -8.718485e-01 -4.897757e-01 -6.194856e-15
    outer loop
      vertex   2.293466e+01 2.297457e+01 -3.000000e+00
      vertex   2.293466e+01 2.297457e+01 -2.500000e+00
      vertex   2.284822e+01 2.312844e+01 -3.000000e+00
    endloop
  endfacet
  facet normal -8.718485e-01 -4.897757e-01 3.480066e-15
    outer loop
      vertex   2.284822e+01 2.312844e+01 -3.000000e+00
      vertex   2.293466e+01 2.297457e+01 -2.500000e+00
      vertex   2.284822e+01 2.312844e+01 -2.500000e+00
    endloop
  endfacet
  facet normal -8.885902e-01 -4.587018e-01 3.259273e-15
    outer loop
      vertex   2.284822e+01 2.312844e+01 -3.000000e+00
      vertex   2.284822e+01 2.312844e+01 -2.500000e+00
      vertex   2.276726e+01 2.328526e+01 -3.000000e+00
    endloop
  endfacet
  facet normal -8.885902e-01 -4.587018e-01 -3.054541e-15
    outer loop
      vertex   2.276726e+01 2.328526e+01 -3.000000e+00
      vertex   2.284822e+01 2.312844e+01 -2.500000e+00
      vertex   2.276726e+01 2.328526e+01 -2.500000e+00
    endloop
  endfacet
  facet normal -9.042250e-01 -4.270564e-01 -3.390486e-15
    outer loop
      vertex   2.276726e+01 2.328526e+01 -3.000000e+00
      vertex   2.276726e+01 2.328526e+01 -2.500000e+00
      vertex   2.269189e+01 2.344484e+01 -3.000000e+00
    endloop
  endfacet
  facet normal -9.042250e-01 -4.270564e-01 0.000000e+00
    outer loop
      vertex   2.269189e+01 2.344484e+01 -3.000000e+00
      vertex   2.276726e+01 2.328526e+01 -2.500000e+00
      vertex   2.269189e+01 2.344484e+01 -2.500000e+00
    endloop
  endfacet
  facet normal -9.187331e-01 -3.948790e-01 0.000000e+00
    outer loop
      vertex   2.269189e+01 2.344484e+01 -3.000000e+00
      vertex   2.269189e+01 2.344484e+01 -2.500000e+00
      vertex   2.262220e+01 2.360698e+01 -3.000000e+00
    endloop
  endfacet
  facet normal -9.187331e-01 -3.948790e-01 0.000000e+00
    outer loop
      vertex   2.262220e+01 2.360698e+01 -3.000000e+00
      vertex   2.269189e+01 2.344484e+01 -2.500000e+00
      vertex   2.262220e+01 2.360698e+01 -2.500000e+00
    endloop
  endfacet
  facet normal -9.320967e-01 -3.622096e-01 0.000000e+00
    outer loop
      vertex   2.262220e+01 2.360698e+01 -3.000000e+00
      vertex   2.262220e+01 2.360698e+01 -2.500000e+00
      vertex   2.255828e+01 2.377148e+01 -3.000000e+00
    endloop
  endfacet
  facet normal -9.320967e-01 -3.622096e-01 0.000000e+00
    outer loop
      vertex   2.255828e+01 2.377148e+01 -3.000000e+00
      vertex   2.262220e+01 2.360698e+01 -2.500000e+00
      vertex   2.255828e+01 2.377148e+01 -2.500000e+00
    endloop
  endfacet
  facet normal -9.442990e-01 -3.290889e-01 0.000000e+00
    outer loop
      vertex   2.255828e+01 2.377148e+01 -3.000000e+00
      vertex   2.255828e+01 2.377148e+01 -2.500000e+00
      vertex   2.250020e+01 2.393814e+01 -3.000000e+00
    endloop
  endfacet
  facet normal -9.442990e-01 -3.290889e-01 0.000000e+00
    outer loop
      vertex   2.250020e+01 2.393814e+01 -3.000000e+00
      vertex   2.255828e+01 2.377148e+01 -2.500000e+00
      vertex   2.250020e+01 2.393814e+01 -2.500000e+00
    endloop
  endfacet
  facet normal -9.553247e-01 -2.955582e-01 0.000000e+00
    outer loop
      vertex   2.250020e+01 2.393814e+01 -3.000000e+00
      vertex   2.250020e+01 2.393814e+01 -2.500000e+00
      vertex   2.244804e+01 2.410674e+01 -3.000000e+00
    endloop
  endfacet
  facet normal -9.553247e-01 -2.955582e-01 0.000000e+00
    outer loop
      vertex   2.244804e+01 2.410674e+01 -3.000000e+00
      vertex   2.250020e+01 2.393814e+01 -2.500000e+00
      vertex   2.244804e+01 2.410674e+01 -2.500000e+00
    endloop
  endfacet
  facet normal -9.651603e-01 -2.616593e-01 0.000000e+00
    outer loop
      vertex   2.244804e+01 2.410674e+01 -3.000000e+00
      vertex   2.244804e+01 2.410674e+01 -2.500000e+00
      vertex   2.240186e+01 2.427708e+01 -3.000000e+00
    endloop
  endfacet
  facet normal -9.651603e-01 -2.616593e-01 6.857877e-15
    outer loop
      vertex   2.240186e+01 2.427708e+01 -3.000000e+00
      vertex   2.244804e+01 2.410674e+01 -2.500000e+00
      vertex   2.240186e+01 2.427708e+01 -2.500000e+00
    endloop
  endfacet
  facet normal -9.737934e-01 -2.274343e-01 6.919218e-15
    outer loop
      vertex   2.240186e+01 2.427708e+01 -3.000000e+00
      vertex   2.240186e+01 2.427708e+01 -2.500000e+00
      vertex   2.236172e+01 2.444894e+01 -3.000000e+00
    endloop
  endfacet
  facet normal -9.737934e-01 -2.274343e-01 -1.616018e-15
    outer loop
      vertex   2.236172e+01 2.444894e+01 -3.000000e+00
      vertex   2.240186e+01 2.427708e+01 -2.500000e+00
      vertex   2.236172e+01 2.444894e+01 -2.500000e+00
    endloop
  endfacet
  facet normal -9.812133e-01 -1.929261e-01 -1.370822e-15
    outer loop
      vertex   2.236172e+01 2.444894e+01 -3.000000e+00
      vertex   2.236172e+01 2.444894e+01 -2.500000e+00
      vertex   2.232767e+01 2.462210e+01 -3.000000e+00
    endloop
  endfacet
  facet normal -9.812133e-01 -1.929261e-01 0.000000e+00
    outer loop
      vertex   2.232767e+01 2.462210e+01 -3.000000e+00
      vertex   2.236172e+01 2.444894e+01 -2.500000e+00
      vertex   2.232767e+01 2.462210e+01 -2.500000e+00
    endloop
  endfacet
  facet normal -9.874107e-01 -1.581774e-01 0.000000e+00
    outer loop
      vertex   2.232767e+01 2.462210e+01 -3.000000e+00
      vertex   2.232767e+01 2.462210e+01 -2.500000e+00
      vertex   2.229976e+01 2.479637e+01 -3.000000e+00
    endloop
  endfacet
  facet normal -9.874107e-01 -1.581774e-01 0.000000e+00
    outer loop
      vertex   2.229976e+01 2.479637e+01 -3.000000e+00
      vertex   2.232767e+01 2.462210e+01 -2.500000e+00
      vertex   2.229976e+01 2.479637e+01 -2.500000e+00
    endloop
  endfacet
  facet normal -9.923779e-01 -1.232317e-01 0.000000e+00
    outer loop
      vertex   2.229976e+01 2.479637e+01 -3.000000e+00
      vertex   2.229976e+01 2.479637e+01 -2.500000e+00
      vertex   2.227801e+01 2.497151e+01 -3.000000e+00
    endloop
  endfacet
  facet normal -9.923779e-01 -1.232317e-01 8.756141e-16
    outer loop
      vertex   2.227801e+01 2.497151e+01 -3.000000e+00
      vertex   2.229976e+01 2.479637e+01 -2.500000e+00
      vertex   2.227801e+01 2.497151e+01 -2.500000e+00
    endloop
  endfacet
  facet normal -9.961088e-01 -8.813249e-02 6.262190e-16
    outer loop
      vertex   2.227801e+01 2.497151e+01 -3.000000e+00
      vertex   2.227801e+01 2.497151e+01 -2.500000e+00
      vertex   2.226245e+01 2.514731e+01 -3.000000e+00
    endloop
  endfacet
  facet normal -9.961088e-01 -8.813249e-02 0.000000e+00
    outer loop
      vertex   2.226245e+01 2.514731e+01 -3.000000e+00
      vertex   2.227801e+01 2.497151e+01 -2.500000e+00
      vertex   2.226245e+01 2.514731e+01 -2.500000e+00
    endloop
  endfacet
  facet normal -9.985986e-01 -5.292345e-02 0.000000e+00
    outer loop
      vertex   2.226245e+01 2.514731e+01 -3.000000e+00
      vertex   2.226245e+01 2.514731e+01 -2.500000e+00
      vertex   2.225311e+01 2.532354e+01 -3.000000e+00
    endloop
  endfacet
  facet normal -9.985986e-01 -5.292345e-02 0.000000e+00
    outer loop
      vertex   2.225311e+01 2.532354e+01 -3.000000e+00
      vertex   2.226245e+01 2.514731e+01 -2.500000e+00
      vertex   2.225311e+01 2.532354e+01 -2.500000e+00
    endloop
  endfacet
  facet normal -7.070427e-01 1.346369e-02 7.070427e-01
    outer loop
      vertex   2.295312e+01 2.566370e+01 -2.000000e+00
      vertex   2.295000e+01 2.550000e+01 -2.000000e+00
      vertex   2.355000e+01 2.550000e+01 -1.400000e+00
    endloop
  endfacet
  facet normal -7.070427e-01 -1.346369e-02 7.070427e-01
    outer loop
      vertex   2.355000e+01 2.550000e+01 -1.400000e+00
      vertex   2.295000e+01 2.550000e+01 -2.000000e+00
      vertex   2.295312e+01 2.533630e+01 -2.000000e+00
    endloop
  endfacet
  facet normal -7.068882e-01 -1.451678e-02 7.071763e-01
    outer loop
      vertex   2.355000e+01 2.550000e+01 -1.400000e+00
      vertex   2.295312e+01 2.533630e+01 -2.000000e+00
      vertex   2.355312e+01 2.534810e+01 -1.400000e+00
    endloop
  endfacet
  facet normal -7.061316e-01 -4.037807e-02 7.069284e-01
    outer loop
      vertex   2.355312e+01 2.534810e+01 -1.400000e+00
      vertex   2.295312e+01 2.533630e+01 -2.000000e+00
      vertex   2.296246e+01 2.517283e+01 -2.000000e+00
    endloop
  endfacet
  facet normal -7.055750e-01 -4.351838e-02 7.072977e-01
    outer loop
      vertex   2.355312e+01 2.534810e+01 -1.400000e+00
      vertex   2.296246e+01 2.517283e+01 -2.000000e+00
      vertex   2.356247e+01 2.519645e+01 -1.400000e+00
    endloop
  endfacet
  facet normal -7.041769e-01 -6.724074e-02 7.068335e-01
    outer loop
      vertex   2.356247e+01 2.519645e+01 -1.400000e+00
      vertex   2.296246e+01 2.517283e+01 -2.000000e+00
      vertex   2.297803e+01 2.500984e+01 -2.000000e+00
    endloop
  endfacet
  facet normal -7.030951e-01 -7.243896e-02 7.073965e-01
    outer loop
      vertex   2.356247e+01 2.519645e+01 -1.400000e+00
      vertex   2.297803e+01 2.500984e+01 -2.000000e+00
      vertex   2.357804e+01 2.504531e+01 -1.400000e+00
    endloop
  endfacet
  facet normal -7.011812e-01 -9.401053e-02 7.067580e-01
    outer loop
      vertex   2.357804e+01 2.504531e+01 -1.400000e+00
      vertex   2.297803e+01 2.500984e+01 -2.000000e+00
      vertex   2.299979e+01 2.484756e+01 -2.000000e+00
    endloop
  endfacet
  facet normal -6.994529e-01 -1.012326e-01 7.074727e-01
    outer loop
      vertex   2.357804e+01 2.504531e+01 -1.400000e+00
      vertex   2.299979e+01 2.484756e+01 -2.000000e+00
      vertex   2.359981e+01 2.489494e+01 -1.400000e+00
    endloop
  endfacet
  facet normal -6.971490e-01 -1.206464e-01 7.067020e-01
    outer loop
      vertex   2.359981e+01 2.489494e+01 -1.400000e+00
      vertex   2.299979e+01 2.484756e+01 -2.000000e+00
      vertex   2.302771e+01 2.468622e+01 -2.000000e+00
    endloop
  endfacet
  facet normal -6.946543e-01 -1.298534e-01 7.075263e-01
    outer loop
      vertex   2.359981e+01 2.489494e+01 -1.400000e+00
      vertex   2.302771e+01 2.468622e+01 -2.000000e+00
      vertex   2.362773e+01 2.474560e+01 -1.400000e+00
    endloop
  endfacet
  facet normal -6.920862e-01 -1.471075e-01 7.066655e-01
    outer loop
      vertex   2.362773e+01 2.474560e+01 -1.400000e+00
      vertex   2.302771e+01 2.468622e+01 -2.000000e+00
      vertex   2.306175e+01 2.452606e+01 -2.000000e+00
    endloop
  endfacet
  facet normal -6.887073e-01 -1.582560e-01 7.075573e-01
    outer loop
      vertex   2.362773e+01 2.474560e+01 -1.400000e+00
      vertex   2.306175e+01 2.452606e+01 -2.000000e+00
      vertex   2.366175e+01 2.459752e+01 -1.400000e+00
    endloop
  endfacet
  facet normal -6.860005e-01 -1.733532e-01 7.066484e-01
    outer loop
      vertex   2.366175e+01 2.459752e+01 -1.400000e+00
      vertex   2.306175e+01 2.452606e+01 -2.000000e+00
      vertex   2.310186e+01 2.436732e+01 -2.000000e+00
    endloop
  endfacet
  facet normal -6.816212e-01 -1.863953e-01 7.075658e-01
    outer loop
      vertex   2.366175e+01 2.459752e+01 -1.400000e+00
      vertex   2.310186e+01 2.436732e+01 -2.000000e+00
      vertex   2.370183e+01 2.445096e+01 -1.400000e+00
    endloop
  endfacet
  facet normal -6.789011e-01 -1.993434e-01 7.066509e-01
    outer loop
      vertex   2.370183e+01 2.445096e+01 -1.400000e+00
      vertex   2.310186e+01 2.436732e+01 -2.000000e+00
      vertex   2.314799e+01 2.421022e+01 -2.000000e+00
    endloop
  endfacet
  facet normal -6.734075e-01 -2.142264e-01 7.075517e-01
    outer loop
      vertex   2.370183e+01 2.445096e+01 -1.400000e+00
      vertex   2.314799e+01 2.421022e+01 -2.000000e+00
      vertex   2.374789e+01 2.430618e+01 -1.400000e+00
    endloop
  endfacet
  facet normal -6.707991e-01 -2.250381e-01 7.066728e-01
    outer loop
      vertex   2.374789e+01 2.430618e+01 -1.400000e+00
      vertex   2.314799e+01 2.421022e+01 -2.000000e+00
      vertex   2.320007e+01 2.405499e+01 -2.000000e+00
    endloop
  endfacet
  facet normal -6.640792e-01 -2.417051e-01 7.075150e-01
    outer loop
      vertex   2.374789e+01 2.430618e+01 -1.400000e+00
      vertex   2.320007e+01 2.405499e+01 -2.000000e+00
      vertex   2.379985e+01 2.416341e+01 -1.400000e+00
    endloop
  endfacet
  facet normal -6.617067e-01 -2.503982e-01 7.067142e-01
    outer loop
      vertex   2.379985e+01 2.416341e+01 -1.400000e+00
      vertex   2.320007e+01 2.405499e+01 -2.000000e+00
      vertex   2.325802e+01 2.390185e+01 -2.000000e+00
    endloop
  endfacet
  facet normal -6.536509e-01 -2.687876e-01 7.074558e-01
    outer loop
      vertex   2.379985e+01 2.416341e+01 -1.400000e+00
      vertex   2.325802e+01 2.390185e+01 -2.000000e+00
      vertex   2.385764e+01 2.402289e+01 -1.400000e+00
    endloop
  endfacet
  facet normal -6.516382e-01 -2.753846e-01 7.067751e-01
    outer loop
      vertex   2.385764e+01 2.402289e+01 -1.400000e+00
      vertex   2.325802e+01 2.390185e+01 -2.000000e+00
      vertex   2.332175e+01 2.375103e+01 -2.000000e+00
    endloop
  endfacet
  facet normal -6.421392e-01 -2.954309e-01 7.073739e-01
    outer loop
      vertex   2.385764e+01 2.402289e+01 -1.400000e+00
      vertex   2.332175e+01 2.375103e+01 -2.000000e+00
      vertex   2.392114e+01 2.388486e+01 -1.400000e+00
    endloop
  endfacet
  facet normal -6.406090e-01 -2.999593e-01 7.068554e-01
    outer loop
      vertex   2.392114e+01 2.388486e+01 -1.400000e+00
      vertex   2.332175e+01 2.375103e+01 -2.000000e+00
      vertex   2.339119e+01 2.360275e+01 -2.000000e+00
    endloop
  endfacet
  facet normal -6.295619e-01 -3.215924e-01 7.072695e-01
    outer loop
      vertex   2.392114e+01 2.388486e+01 -1.400000e+00
      vertex   2.339119e+01 2.360275e+01 -2.000000e+00
      vertex   2.399025e+01 2.374955e+01 -1.400000e+00
    endloop
  endfacet
  facet normal -6.286363e-01 -3.240846e-01 7.069551e-01
    outer loop
      vertex   2.399025e+01 2.374955e+01 -1.400000e+00
      vertex   2.339119e+01 2.360275e+01 -2.000000e+00
      vertex   2.346621e+01 2.345722e+01 -2.000000e+00
    endloop
  endfacet
  facet normal -6.159389e-01 -3.472304e-01 7.071424e-01
    outer loop
      vertex   2.399025e+01 2.374955e+01 -1.400000e+00
      vertex   2.346621e+01 2.345722e+01 -2.000000e+00
      vertex   2.406487e+01 2.361720e+01 -1.400000e+00
    endloop
  endfacet
  facet normal -6.157387e-01 -3.477237e-01 7.070743e-01
    outer loop
      vertex   2.406487e+01 2.361720e+01 -1.400000e+00
      vertex   2.346621e+01 2.345722e+01 -2.000000e+00
      vertex   2.354673e+01 2.331465e+01 -2.000000e+00
    endloop
  endfacet
  facet normal -6.021071e-01 -3.709457e-01 7.070123e-01
    outer loop
      vertex   2.406487e+01 2.361720e+01 -1.400000e+00
      vertex   2.354673e+01 2.331465e+01 -2.000000e+00
      vertex   2.363261e+01 2.317524e+01 -2.000000e+00
    endloop
  endfacet
  facet normal -6.011076e-01 -3.721900e-01 7.072088e-01
    outer loop
      vertex   2.406487e+01 2.361720e+01 -1.400000e+00
      vertex   2.363261e+01 2.317524e+01 -2.000000e+00
      vertex   2.414485e+01 2.348802e+01 -1.400000e+00
    endloop
  endfacet
  facet normal -5.876393e-01 -3.936603e-01 7.069028e-01
    outer loop
      vertex   2.414485e+01 2.348802e+01 -1.400000e+00
      vertex   2.363261e+01 2.317524e+01 -2.000000e+00
      vertex   2.372374e+01 2.303921e+01 -2.000000e+00
    endloop
  endfacet
  facet normal -5.852246e-01 -3.964898e-01 7.073245e-01
    outer loop
      vertex   2.414485e+01 2.348802e+01 -1.400000e+00
      vertex   2.372374e+01 2.303921e+01 -2.000000e+00
      vertex   2.423007e+01 2.336224e+01 -1.400000e+00
    endloop
  endfacet
  facet normal -5.722991e-01 -4.157997e-01 7.068128e-01
    outer loop
      vertex   2.423007e+01 2.336224e+01 -1.400000e+00
      vertex   2.372374e+01 2.303921e+01 -2.000000e+00
      vertex   2.381998e+01 2.290675e+01 -2.000000e+00
    endloop
  endfacet
  facet normal -5.683784e-01 -4.201265e-01 7.074177e-01
    outer loop
      vertex   2.423007e+01 2.336224e+01 -1.400000e+00
      vertex   2.381998e+01 2.290675e+01 -2.000000e+00
      vertex   2.432038e+01 2.324006e+01 -1.400000e+00
    endloop
  endfacet
  facet normal -5.561099e-01 -4.373297e-01 7.067422e-01
    outer loop
      vertex   2.432038e+01 2.324006e+01 -1.400000e+00
      vertex   2.381998e+01 2.290675e+01 -2.000000e+00
      vertex   2.392119e+01 2.277805e+01 -2.000000e+00
    endloop
  endfacet
  facet normal -5.505958e-01 -4.430628e-01 7.074882e-01
    outer loop
      vertex   2.432038e+01 2.324006e+01 -1.400000e+00
      vertex   2.392119e+01 2.277805e+01 -2.000000e+00
      vertex   2.441564e+01 2.312169e+01 -1.400000e+00
    endloop
  endfacet
  facet normal -5.390962e-01 -4.582172e-01 7.066911e-01
    outer loop
      vertex   2.441564e+01 2.312169e+01 -1.400000e+00
      vertex   2.392119e+01 2.277805e+01 -2.000000e+00
      vertex   2.402723e+01 2.265329e+01 -2.000000e+00
    endloop
  endfacet
  facet normal -5.319055e-01 -4.652624e-01 7.075361e-01
    outer loop
      vertex   2.441564e+01 2.312169e+01 -1.400000e+00
      vertex   2.402723e+01 2.265329e+01 -2.000000e+00
      vertex   2.451567e+01 2.300733e+01 -1.400000e+00
    endloop
  endfacet
  facet normal -5.212840e-01 -4.784302e-01 7.066594e-01
    outer loop
      vertex   2.451567e+01 2.300733e+01 -1.400000e+00
      vertex   2.402723e+01 2.265329e+01 -2.000000e+00
      vertex   2.413794e+01 2.253266e+01 -2.000000e+00
    endloop
  endfacet
  facet normal -5.123373e-01 -4.866900e-01 7.075615e-01
    outer loop
      vertex   2.451567e+01 2.300733e+01 -1.400000e+00
      vertex   2.413794e+01 2.253266e+01 -2.000000e+00
      vertex   2.462031e+01 2.289717e+01 -1.400000e+00
    endloop
  endfacet
  facet normal -5.027006e-01 -4.979375e-01 7.066472e-01
    outer loop
      vertex   2.462031e+01 2.289717e+01 -1.400000e+00
      vertex   2.413794e+01 2.253266e+01 -2.000000e+00
      vertex   2.425317e+01 2.241633e+01 -2.000000e+00
    endloop
  endfacet
  facet normal -4.919223e-01 -5.073117e-01 7.075643e-01
    outer loop
      vertex   2.462031e+01 2.289717e+01 -1.400000e+00
      vertex   2.425317e+01 2.241633e+01 -2.000000e+00
      vertex   2.472939e+01 2.279140e+01 -1.400000e+00
    endloop
  endfacet
  facet normal -4.833744e-01 -5.167094e-01 7.066545e-01
    outer loop
      vertex   2.472939e+01 2.279140e+01 -1.400000e+00
      vertex   2.425317e+01 2.241633e+01 -2.000000e+00
      vertex   2.437274e+01 2.230448e+01 -2.000000e+00
    endloop
  endfacet
  facet normal -4.706930e-01 -5.270946e-01 7.075446e-01
    outer loop
      vertex   2.472939e+01 2.279140e+01 -1.400000e+00
      vertex   2.437274e+01 2.230448e+01 -2.000000e+00
      vertex   2.484271e+01 2.269020e+01 -1.400000e+00
    endloop
  endfacet
  facet normal -4.633349e-01 -5.347170e-01 7.066813e-01
    outer loop
      vertex   2.484271e+01 2.269020e+01 -1.400000e+00
      vertex   2.437274e+01 2.230448e+01 -2.000000e+00
      vertex   2.449648e+01 2.219725e+01 -2.000000e+00
    endloop
  endfacet
  facet normal -4.486832e-01 -5.460072e-01 7.075023e-01
    outer loop
      vertex   2.484271e+01 2.269020e+01 -1.400000e+00
      vertex   2.449648e+01 2.219725e+01 -2.000000e+00
      vertex   2.496010e+01 2.259374e+01 -1.400000e+00
    endloop
  endfacet
  facet normal -4.426131e-01 -5.519328e-01 7.067276e-01
    outer loop
      vertex   2.496010e+01 2.259374e+01 -1.400000e+00
      vertex   2.449648e+01 2.219725e+01 -2.000000e+00
      vertex   2.462421e+01 2.209482e+01 -2.000000e+00
    endloop
  endfacet
  facet normal -4.259277e-01 -5.640194e-01 7.074374e-01
    outer loop
      vertex   2.496010e+01 2.259374e+01 -1.400000e+00
      vertex   2.462421e+01 2.209482e+01 -2.000000e+00
      vertex   2.508135e+01 2.250218e+01 -1.400000e+00
    endloop
  endfacet
  facet normal -4.212406e-01 -5.683305e-01 7.067933e-01
    outer loop
      vertex   2.508135e+01 2.250218e+01 -1.400000e+00
      vertex   2.462421e+01 2.209482e+01 -2.000000e+00
      vertex   2.475576e+01 2.199732e+01 -2.000000e+00
    endloop
  endfacet
  facet normal -4.024626e-01 -5.811023e-01 7.073499e-01
    outer loop
      vertex   2.508135e+01 2.250218e+01 -1.400000e+00
      vertex   2.475576e+01 2.199732e+01 -2.000000e+00
      vertex   2.520625e+01 2.241567e+01 -1.400000e+00
    endloop
  endfacet
  facet normal -3.992504e-01 -5.838852e-01 7.068785e-01
    outer loop
      vertex   2.520625e+01 2.241567e+01 -1.400000e+00
      vertex   2.475576e+01 2.199732e+01 -2.000000e+00
      vertex   2.489091e+01 2.190491e+01 -2.000000e+00
    endloop
  endfacet
  facet normal -3.783250e-01 -5.972286e-01 7.072399e-01
    outer loop
      vertex   2.520625e+01 2.241567e+01 -1.400000e+00
      vertex   2.489091e+01 2.190491e+01 -2.000000e+00
      vertex   2.533460e+01 2.233437e+01 -1.400000e+00
    endloop
  endfacet
  facet normal -3.766764e-01 -5.985731e-01 7.069831e-01
    outer loop
      vertex   2.533460e+01 2.233437e+01 -1.400000e+00
      vertex   2.489091e+01 2.190491e+01 -2.000000e+00
      vertex   2.502949e+01 2.181770e+01 -2.000000e+00
    endloop
  endfacet
  facet normal -3.535532e-01 -6.123721e-01 7.071071e-01
    outer loop
      vertex   2.533460e+01 2.233437e+01 -1.400000e+00
      vertex   2.502949e+01 2.181770e+01 -2.000000e+00
      vertex   2.517129e+01 2.173583e+01 -2.000000e+00
    endloop
  endfacet
  facet normal -3.535532e-01 -6.123721e-01 7.071071e-01
    outer loop
      vertex   2.533460e+01 2.233437e+01 -1.400000e+00
      vertex   2.517129e+01 2.173583e+01 -2.000000e+00
      vertex   2.546618e+01 2.225840e+01 -1.400000e+00
    endloop
  endfacet
  facet normal -3.300413e-01 -6.254979e-01 7.069831e-01
    outer loop
      vertex   2.546618e+01 2.225840e+01 -1.400000e+00
      vertex   2.517129e+01 2.173583e+01 -2.000000e+00
      vertex   2.531610e+01 2.165942e+01 -2.000000e+00
    endloop
  endfacet
  facet normal -3.280526e-01 -6.262534e-01 7.072399e-01
    outer loop
      vertex   2.546618e+01 2.225840e+01 -1.400000e+00
      vertex   2.531610e+01 2.165942e+01 -2.000000e+00
      vertex   2.560077e+01 2.218790e+01 -1.400000e+00
    endloop
  endfacet
  facet normal -3.060342e-01 -6.377036e-01 7.068785e-01
    outer loop
      vertex   2.560077e+01 2.218790e+01 -1.400000e+00
      vertex   2.531610e+01 2.165942e+01 -2.000000e+00
      vertex   2.546372e+01 2.158858e+01 -2.000000e+00
    endloop
  endfacet
  facet normal -3.020181e-01 -6.390940e-01 7.073499e-01
    outer loop
      vertex   2.560077e+01 2.218790e+01 -1.400000e+00
      vertex   2.546372e+01 2.158858e+01 -2.000000e+00
      vertex   2.573814e+01 2.212298e+01 -1.400000e+00
    endloop
  endfacet
  facet normal -2.815683e-01 -6.489703e-01 7.067933e-01
    outer loop
      vertex   2.573814e+01 2.212298e+01 -1.400000e+00
      vertex   2.546372e+01 2.158858e+01 -2.000000e+00
      vertex   2.561392e+01 2.152341e+01 -2.000000e+00
    endloop
  endfacet
  facet normal -2.754913e-01 -6.508739e-01 7.074374e-01
    outer loop
      vertex   2.573814e+01 2.212298e+01 -1.400000e+00
      vertex   2.561392e+01 2.152341e+01 -2.000000e+00
      vertex   2.587806e+01 2.206376e+01 -1.400000e+00
    endloop
  endfacet
  facet normal -2.566813e-01 -6.592805e-01 7.067276e-01
    outer loop
      vertex   2.587806e+01 2.206376e+01 -1.400000e+00
      vertex   2.561392e+01 2.152341e+01 -2.000000e+00
      vertex   2.576650e+01 2.146401e+01 -2.000000e+00
    endloop
  endfacet
  facet normal -2.485145e-01 -6.615746e-01 7.075023e-01
    outer loop
      vertex   2.587806e+01 2.206376e+01 -1.400000e+00
      vertex   2.576650e+01 2.146401e+01 -2.000000e+00
      vertex   2.602029e+01 2.201033e+01 -1.400000e+00
    endloop
  endfacet
  facet normal -2.314110e-01 -6.686183e-01 7.066813e-01
    outer loop
      vertex   2.602029e+01 2.201033e+01 -1.400000e+00
      vertex   2.576650e+01 2.146401e+01 -2.000000e+00
      vertex   2.592123e+01 2.141046e+01 -2.000000e+00
    endloop
  endfacet
  facet normal -2.211308e-01 -6.711794e-01 7.075446e-01
    outer loop
      vertex   2.602029e+01 2.201033e+01 -1.400000e+00
      vertex   2.592123e+01 2.141046e+01 -2.000000e+00
      vertex   2.616459e+01 2.196278e+01 -1.400000e+00
    endloop
  endfacet
  facet normal -2.057963e-01 -6.769692e-01 7.066545e-01
    outer loop
      vertex   2.616459e+01 2.196278e+01 -1.400000e+00
      vertex   2.592123e+01 2.141046e+01 -2.000000e+00
      vertex   2.607788e+01 2.136283e+01 -2.000000e+00
    endloop
  endfacet
  facet normal -1.933837e-01 -6.796731e-01 7.075643e-01
    outer loop
      vertex   2.616459e+01 2.196278e+01 -1.400000e+00
      vertex   2.607788e+01 2.136283e+01 -2.000000e+00
      vertex   2.631073e+01 2.192121e+01 -1.400000e+00
    endloop
  endfacet
  facet normal -1.798763e-01 -6.843203e-01 7.066472e-01
    outer loop
      vertex   2.631073e+01 2.192121e+01 -1.400000e+00
      vertex   2.607788e+01 2.136283e+01 -2.000000e+00
      vertex   2.623624e+01 2.132121e+01 -2.000000e+00
    endloop
  endfacet
  facet normal -1.653173e-01 -6.870421e-01 7.075615e-01
    outer loop
      vertex   2.631073e+01 2.192121e+01 -1.400000e+00
      vertex   2.623624e+01 2.132121e+01 -2.000000e+00
      vertex   2.645845e+01 2.188566e+01 -1.400000e+00
    endloop
  endfacet
  facet normal -1.536907e-01 -6.906603e-01 7.066594e-01
    outer loop
      vertex   2.645845e+01 2.188566e+01 -1.400000e+00
      vertex   2.623624e+01 2.132121e+01 -2.000000e+00
      vertex   2.639606e+01 2.128564e+01 -2.000000e+00
    endloop
  endfacet
  facet normal -1.369763e-01 -6.932749e-01 7.075361e-01
    outer loop
      vertex   2.645845e+01 2.188566e+01 -1.400000e+00
      vertex   2.639606e+01 2.128564e+01 -2.000000e+00
      vertex   2.660750e+01 2.185621e+01 -1.400000e+00
    endloop
  endfacet
  facet normal -1.272796e-01 -6.959796e-01 7.066911e-01
    outer loop
      vertex   2.660750e+01 2.185621e+01 -1.400000e+00
      vertex   2.639606e+01 2.128564e+01 -2.000000e+00
      vertex   2.655712e+01 2.125619e+01 -2.000000e+00
    endloop
  endfacet
  facet normal -1.084057e-01 -6.983614e-01 7.074882e-01
    outer loop
      vertex   2.660750e+01 2.185621e+01 -1.400000e+00
      vertex   2.655712e+01 2.125619e+01 -2.000000e+00
      vertex   2.675764e+01 2.183291e+01 -1.400000e+00
    endloop
  endfacet
  facet normal -1.006836e-01 -7.002701e-01 7.067422e-01
    outer loop
      vertex   2.675764e+01 2.183291e+01 -1.400000e+00
      vertex   2.655712e+01 2.125619e+01 -2.000000e+00
      vertex   2.671919e+01 2.123289e+01 -2.000000e+00
    endloop
  endfacet
  facet normal -7.965105e-02 -7.022933e-01 7.074177e-01
    outer loop
      vertex   2.675764e+01 2.183291e+01 -1.400000e+00
      vertex   2.671919e+01 2.123289e+01 -2.000000e+00
      vertex   2.690861e+01 2.181578e+01 -1.400000e+00
    endloop
  endfacet
  facet normal -7.394350e-02 -7.035254e-01 7.068128e-01
    outer loop
      vertex   2.690861e+01 2.181578e+01 -1.400000e+00
      vertex   2.671919e+01 2.123289e+01 -2.000000e+00
      vertex   2.688203e+01 2.121577e+01 -2.000000e+00
    endloop
  endfacet
  facet normal -5.075791e-02 -7.050643e-01 7.073245e-01
    outer loop
      vertex   2.690861e+01 2.181578e+01 -1.400000e+00
      vertex   2.688203e+01 2.121577e+01 -2.000000e+00
      vertex   2.706015e+01 2.180487e+01 -1.400000e+00
    endloop
  endfacet
  facet normal -4.710019e-02 -7.057407e-01 7.069028e-01
    outer loop
      vertex   2.706015e+01 2.180487e+01 -1.400000e+00
      vertex   2.688203e+01 2.121577e+01 -2.000000e+00
      vertex   2.704540e+01 2.120487e+01 -2.000000e+00
    endloop
  endfacet
  facet normal -2.177225e-02 -7.066694e-01 7.072088e-01
    outer loop
      vertex   2.706015e+01 2.180487e+01 -1.400000e+00
      vertex   2.704540e+01 2.120487e+01 -2.000000e+00
      vertex   2.721201e+01 2.180019e+01 -1.400000e+00
    endloop
  endfacet
  facet normal -2.019488e-02 -7.069129e-01 7.070123e-01
    outer loop
      vertex   2.721201e+01 2.180019e+01 -1.400000e+00
      vertex   2.704540e+01 2.120487e+01 -2.000000e+00
      vertex   2.720906e+01 2.120019e+01 -2.000000e+00
    endloop
  endfacet
  facet normal 6.731848e-03 -7.071072e-01 7.070743e-01
    outer loop
      vertex   2.721201e+01 2.180019e+01 -1.400000e+00
      vertex   2.720906e+01 2.120019e+01 -2.000000e+00
      vertex   2.737279e+01 2.120175e+01 -2.000000e+00
    endloop
  endfacet
  facet normal 7.259119e-03 -7.070339e-01 7.071424e-01
    outer loop
      vertex   2.721201e+01 2.180019e+01 -1.400000e+00
      vertex   2.737279e+01 2.120175e+01 -2.000000e+00
      vertex   2.736394e+01 2.180175e+01 -1.400000e+00
    endloop
  endfacet
  facet normal 3.365271e-02 -7.064573e-01 7.069551e-01
    outer loop
      vertex   2.736394e+01 2.180175e+01 -1.400000e+00
      vertex   2.737279e+01 2.120175e+01 -2.000000e+00
      vertex   2.753634e+01 2.120954e+01 -2.000000e+00
    endloop
  endfacet
  facet normal 3.627377e-02 -7.060128e-01 7.072695e-01
    outer loop
      vertex   2.736394e+01 2.180175e+01 -1.400000e+00
      vertex   2.753634e+01 2.120954e+01 -2.000000e+00
      vertex   2.751568e+01 2.180955e+01 -1.400000e+00
    endloop
  endfacet
  facet normal 6.053217e-02 -7.047633e-01 7.068554e-01
    outer loop
      vertex   2.751568e+01 2.180955e+01 -1.400000e+00
      vertex   2.753634e+01 2.120954e+01 -2.000000e+00
      vertex   2.769947e+01 2.122356e+01 -2.000000e+00
    endloop
  endfacet
  facet normal 6.521892e-02 -7.038243e-01 7.073739e-01
    outer loop
      vertex   2.751568e+01 2.180955e+01 -1.400000e+00
      vertex   2.769947e+01 2.122356e+01 -2.000000e+00
      vertex   2.766696e+01 2.182357e+01 -1.400000e+00
    endloop
  endfacet
  facet normal 8.732904e-02 -7.020275e-01 7.067751e-01
    outer loop
      vertex   2.766696e+01 2.182357e+01 -1.400000e+00
      vertex   2.769947e+01 2.122356e+01 -2.000000e+00
      vertex   2.786195e+01 2.124377e+01 -2.000000e+00
    endloop
  endfacet
  facet normal 9.404856e-02 -7.004721e-01 7.074558e-01
    outer loop
      vertex   2.766696e+01 2.182357e+01 -1.400000e+00
      vertex   2.786195e+01 2.124377e+01 -2.000000e+00
      vertex   2.781755e+01 2.184379e+01 -1.400000e+00
    endloop
  endfacet
  facet normal 1.140022e-01 -6.982539e-01 7.067142e-01
    outer loop
      vertex   2.781755e+01 2.184379e+01 -1.400000e+00
      vertex   2.786195e+01 2.124377e+01 -2.000000e+00
      vertex   2.802355e+01 2.127015e+01 -2.000000e+00
    endloop
  endfacet
  facet normal 1.227169e-01 -6.959620e-01 7.075150e-01
    outer loop
      vertex   2.781755e+01 2.184379e+01 -1.400000e+00
      vertex   2.802355e+01 2.127015e+01 -2.000000e+00
      vertex   2.796718e+01 2.187017e+01 -1.400000e+00
    endloop
  endfacet
  facet normal 1.405108e-01 -6.934481e-01 7.066728e-01
    outer loop
      vertex   2.796718e+01 2.187017e+01 -1.400000e+00
      vertex   2.802355e+01 2.127015e+01 -2.000000e+00
      vertex   2.818402e+01 2.130267e+01 -2.000000e+00
    endloop
  endfacet
  facet normal 1.511783e-01 -6.903012e-01 7.075517e-01
    outer loop
      vertex   2.796718e+01 2.187017e+01 -1.400000e+00
      vertex   2.818402e+01 2.130267e+01 -2.000000e+00
      vertex   2.811559e+01 2.190268e+01 -1.400000e+00
    endloop
  endfacet
  facet normal 1.668142e-01 -6.876173e-01 7.066509e-01
    outer loop
      vertex   2.811559e+01 2.190268e+01 -1.400000e+00
      vertex   2.818402e+01 2.130267e+01 -2.000000e+00
      vertex   2.834314e+01 2.134127e+01 -2.000000e+00
    endloop
  endfacet
  facet normal 1.793876e-01 -6.834989e-01 7.075658e-01
    outer loop
      vertex   2.811559e+01 2.190268e+01 -1.400000e+00
      vertex   2.834314e+01 2.134127e+01 -2.000000e+00
      vertex   2.826255e+01 2.194125e+01 -1.400000e+00
    endloop
  endfacet
  facet normal 1.928720e-01 -6.807704e-01 7.066484e-01
    outer loop
      vertex   2.826255e+01 2.194125e+01 -1.400000e+00
      vertex   2.834314e+01 2.134127e+01 -2.000000e+00
      vertex   2.850067e+01 2.138590e+01 -2.000000e+00
    endloop
  endfacet
  facet normal 2.072999e-01 -6.755660e-01 7.075573e-01
    outer loop
      vertex   2.826255e+01 2.194125e+01 -1.400000e+00
      vertex   2.850067e+01 2.138590e+01 -2.000000e+00
      vertex   2.840780e+01 2.198582e+01 -1.400000e+00
    endloop
  endfacet
  facet normal 2.186443e-01 -6.729179e-01 7.066655e-01
    outer loop
      vertex   2.840780e+01 2.198582e+01 -1.400000e+00
      vertex   2.850067e+01 2.138590e+01 -2.000000e+00
      vertex   2.865639e+01 2.143650e+01 -2.000000e+00
    endloop
  endfacet
  facet normal 2.348708e-01 -6.665150e-01 7.075263e-01
    outer loop
      vertex   2.840780e+01 2.198582e+01 -1.400000e+00
      vertex   2.865639e+01 2.143650e+01 -2.000000e+00
      vertex   2.855110e+01 2.203631e+01 -1.400000e+00
    endloop
  endfacet
  facet normal 2.440917e-01 -6.640719e-01 7.067020e-01
    outer loop
      vertex   2.855110e+01 2.203631e+01 -1.400000e+00
      vertex   2.865639e+01 2.143650e+01 -2.000000e+00
      vertex   2.881007e+01 2.149298e+01 -2.000000e+00
    endloop
  endfacet
  facet normal 2.620565e-01 -6.563603e-01 7.074727e-01
    outer loop
      vertex   2.855110e+01 2.203631e+01 -1.400000e+00
      vertex   2.881007e+01 2.149298e+01 -2.000000e+00
      vertex   2.869221e+01 2.209265e+01 -1.400000e+00
    endloop
  endfacet
  facet normal 2.691751e-01 -6.542460e-01 7.067580e-01
    outer loop
      vertex   2.869221e+01 2.209265e+01 -1.400000e+00
      vertex   2.881007e+01 2.149298e+01 -2.000000e+00
      vertex   2.896149e+01 2.155528e+01 -2.000000e+00
    endloop
  endfacet
  facet normal 2.888136e-01 -6.451177e-01 7.073965e-01
    outer loop
      vertex   2.869221e+01 2.209265e+01 -1.400000e+00
      vertex   2.896149e+01 2.155528e+01 -2.000000e+00
      vertex   2.883088e+01 2.215473e+01 -1.400000e+00
    endloop
  endfacet
  facet normal 2.938563e-01 -6.434555e-01 7.068335e-01
    outer loop
      vertex   2.883088e+01 2.215473e+01 -1.400000e+00
      vertex   2.896149e+01 2.155528e+01 -2.000000e+00
      vertex   2.911043e+01 2.162330e+01 -2.000000e+00
    endloop
  endfacet
  facet normal 3.150995e-01 -6.328051e-01 7.072977e-01
    outer loop
      vertex   2.883088e+01 2.215473e+01 -1.400000e+00
      vertex   2.911043e+01 2.162330e+01 -2.000000e+00
      vertex   2.896689e+01 2.222246e+01 -1.400000e+00
    endloop
  endfacet
  facet normal 3.180974e-01 -6.317170e-01 7.069284e-01
    outer loop
      vertex   2.896689e+01 2.222246e+01 -1.400000e+00
      vertex   2.911043e+01 2.162330e+01 -2.000000e+00
      vertex   2.925667e+01 2.169694e+01 -2.000000e+00
    endloop
  endfacet
  facet normal 3.408722e-01 -6.194415e-01 7.071763e-01
    outer loop
      vertex   2.896689e+01 2.222246e+01 -1.400000e+00
      vertex   2.925667e+01 2.169694e+01 -2.000000e+00
      vertex   2.910000e+01 2.229571e+01 -1.400000e+00
    endloop
  endfacet
  facet normal 3.418614e-01 -6.190488e-01 7.070427e-01
    outer loop
      vertex   2.910000e+01 2.229571e+01 -1.400000e+00
      vertex   2.925667e+01 2.169694e+01 -2.000000e+00
      vertex   2.940000e+01 2.177609e+01 -2.000000e+00
    endloop
  endfacet
  facet normal 3.651812e-01 -6.055851e-01 7.070427e-01
    outer loop
      vertex   2.910000e+01 2.229571e+01 -1.400000e+00
      vertex   2.940000e+01 2.177609e+01 -2.000000e+00
      vertex   2.954021e+01 2.186064e+01 -2.000000e+00
    endloop
  endfacet
  facet normal 3.660160e-01 -6.049247e-01 7.071763e-01
    outer loop
      vertex   2.910000e+01 2.229571e+01 -1.400000e+00
      vertex   2.954021e+01 2.186064e+01 -2.000000e+00
      vertex   2.922999e+01 2.237436e+01 -1.400000e+00
    endloop
  endfacet
  facet normal 3.880342e-01 -5.913389e-01 7.069284e-01
    outer loop
      vertex   2.922999e+01 2.237436e+01 -1.400000e+00
      vertex   2.954021e+01 2.186064e+01 -2.000000e+00
      vertex   2.967711e+01 2.195047e+01 -2.000000e+00
    endloop
  endfacet
  facet normal 3.904755e-01 -5.892867e-01 7.072977e-01
    outer loop
      vertex   2.922999e+01 2.237436e+01 -1.400000e+00
      vertex   2.967711e+01 2.195047e+01 -2.000000e+00
      vertex   2.935665e+01 2.245828e+01 -1.400000e+00
    endloop
  endfacet
  facet normal 4.103206e-01 -5.762147e-01 7.068335e-01
    outer loop
      vertex   2.935665e+01 2.245828e+01 -1.400000e+00
      vertex   2.967711e+01 2.195047e+01 -2.000000e+00
      vertex   2.981048e+01 2.204545e+01 -2.000000e+00
    endloop
  endfacet
  facet normal 4.142815e-01 -5.726788e-01 7.073965e-01
    outer loop
      vertex   2.935665e+01 2.245828e+01 -1.400000e+00
      vertex   2.981048e+01 2.204545e+01 -2.000000e+00
      vertex   2.947975e+01 2.254734e+01 -1.400000e+00
    endloop
  endfacet
  facet normal 4.320061e-01 -5.602355e-01 7.067580e-01
    outer loop
      vertex   2.947975e+01 2.254734e+01 -1.400000e+00
      vertex   2.981048e+01 2.204545e+01 -2.000000e+00
      vertex   2.994014e+01 2.214543e+01 -2.000000e+00
    endloop
  endfacet
  facet normal 4.373964e-01 -5.551277e-01 7.074727e-01
    outer loop
      vertex   2.947975e+01 2.254734e+01 -1.400000e+00
      vertex   2.994014e+01 2.214543e+01 -2.000000e+00
      vertex   2.959909e+01 2.264137e+01 -1.400000e+00
    endloop
  endfacet
  facet normal 4.530573e-01 -5.434255e-01 7.067020e-01
    outer loop
      vertex   2.959909e+01 2.264137e+01 -1.400000e+00
      vertex   2.994014e+01 2.214543e+01 -2.000000e+00
      vertex   3.006590e+01 2.225028e+01 -2.000000e+00
    endloop
  endfacet
  facet normal 4.597835e-01 -5.366616e-01 7.075263e-01
    outer loop
      vertex   2.959909e+01 2.264137e+01 -1.400000e+00
      vertex   3.006590e+01 2.225028e+01 -2.000000e+00
      vertex   2.971447e+01 2.274022e+01 -1.400000e+00
    endloop
  endfacet
  facet normal 4.734419e-01 -5.258105e-01 7.066655e-01
    outer loop
      vertex   2.971447e+01 2.274022e+01 -1.400000e+00
      vertex   3.006590e+01 2.225028e+01 -2.000000e+00
      vertex   3.018758e+01 2.235984e+01 -2.000000e+00
    endloop
  endfacet
  facet normal 4.814074e-01 -5.173100e-01 7.075573e-01
    outer loop
      vertex   2.971447e+01 2.274022e+01 -1.400000e+00
      vertex   3.018758e+01 2.235984e+01 -2.000000e+00
      vertex   2.982570e+01 2.284373e+01 -1.400000e+00
    endloop
  endfacet
  facet normal 4.931285e-01 -5.074172e-01 7.066484e-01
    outer loop
      vertex   2.982570e+01 2.284373e+01 -1.400000e+00
      vertex   3.018758e+01 2.235984e+01 -2.000000e+00
      vertex   3.030500e+01 2.247395e+01 -2.000000e+00
    endloop
  endfacet
  facet normal 5.022336e-01 -4.971037e-01 7.075658e-01
    outer loop
      vertex   2.982570e+01 2.284373e+01 -1.400000e+00
      vertex   3.030500e+01 2.247395e+01 -2.000000e+00
      vertex   2.993258e+01 2.295171e+01 -1.400000e+00
    endloop
  endfacet
  facet normal 5.120870e-01 -4.882740e-01 7.066509e-01
    outer loop
      vertex   2.993258e+01 2.295171e+01 -1.400000e+00
      vertex   3.030500e+01 2.247395e+01 -2.000000e+00
      vertex   3.041799e+01 2.259245e+01 -2.000000e+00
    endloop
  endfacet
  facet normal 5.222292e-01 -4.760749e-01 7.075517e-01
    outer loop
      vertex   2.993258e+01 2.295171e+01 -1.400000e+00
      vertex   3.041799e+01 2.259245e+01 -2.000000e+00
      vertex   3.003494e+01 2.306399e+01 -1.400000e+00
    endloop
  endfacet
  facet normal 5.302883e-01 -4.684100e-01 7.066728e-01
    outer loop
      vertex   3.003494e+01 2.306399e+01 -1.400000e+00
      vertex   3.041799e+01 2.259245e+01 -2.000000e+00
      vertex   3.052638e+01 2.271516e+01 -2.000000e+00
    endloop
  endfacet
  facet normal 5.413623e-01 -4.542569e-01 7.075150e-01
    outer loop
      vertex   3.003494e+01 2.306399e+01 -1.400000e+00
      vertex   3.052638e+01 2.271516e+01 -2.000000e+00
      vertex   3.013260e+01 2.318038e+01 -1.400000e+00
    endloop
  endfacet
  facet normal 5.477045e-01 -4.478558e-01 7.067142e-01
    outer loop
      vertex   3.013260e+01 2.318038e+01 -1.400000e+00
      vertex   3.052638e+01 2.271516e+01 -2.000000e+00
      vertex   3.063003e+01 2.284192e+01 -2.000000e+00
    endloop
  endfacet
  facet normal 5.596024e-01 -4.316845e-01 7.074558e-01
    outer loop
      vertex   3.013260e+01 2.318038e+01 -1.400000e+00
      vertex   3.063003e+01 2.284192e+01 -2.000000e+00
      vertex   3.022540e+01 2.330068e+01 -1.400000e+00
    endloop
  endfacet
  facet normal 5.643092e-01 -4.266429e-01 7.067751e-01
    outer loop
      vertex   3.022540e+01 2.330068e+01 -1.400000e+00
      vertex   3.063003e+01 2.284192e+01 -2.000000e+00
      vertex   3.072877e+01 2.297252e+01 -2.000000e+00
    endloop
  endfacet
  facet normal 5.769202e-01 -4.083934e-01 7.073739e-01
    outer loop
      vertex   3.022540e+01 2.330068e+01 -1.400000e+00
      vertex   3.072877e+01 2.297252e+01 -2.000000e+00
      vertex   3.031318e+01 2.342469e+01 -1.400000e+00
    endloop
  endfacet
  facet normal 5.800768e-01 -4.048041e-01 7.068554e-01
    outer loop
      vertex   3.031318e+01 2.342469e+01 -1.400000e+00
      vertex   3.072877e+01 2.297252e+01 -2.000000e+00
      vertex   3.082247e+01 2.310680e+01 -2.000000e+00
    endloop
  endfacet
  facet normal 5.932881e-01 -3.844204e-01 7.072695e-01
    outer loop
      vertex   3.031318e+01 2.342469e+01 -1.400000e+00
      vertex   3.082247e+01 2.310680e+01 -2.000000e+00
      vertex   3.039580e+01 2.355220e+01 -1.400000e+00
    endloop
  endfacet
  facet normal 5.949836e-01 -3.823728e-01 7.069551e-01
    outer loop
      vertex   3.039580e+01 2.355220e+01 -1.400000e+00
      vertex   3.082247e+01 2.310680e+01 -2.000000e+00
      vertex   3.091100e+01 2.324454e+01 -2.000000e+00
    endloop
  endfacet
  facet normal 6.086797e-01 -3.598035e-01 7.071424e-01
    outer loop
      vertex   3.039580e+01 2.355220e+01 -1.400000e+00
      vertex   3.091100e+01 2.324454e+01 -2.000000e+00
      vertex   3.047312e+01 2.368299e+01 -1.400000e+00
    endloop
  endfacet
  facet normal 6.090069e-01 -3.593836e-01 7.070743e-01
    outer loop
      vertex   3.047312e+01 2.368299e+01 -1.400000e+00
      vertex   3.091100e+01 2.324454e+01 -2.000000e+00
      vertex   3.099421e+01 2.338555e+01 -2.000000e+00
    endloop
  endfacet
  facet normal 6.223019e-01 -3.359672e-01 7.070123e-01
    outer loop
      vertex   3.047312e+01 2.368299e+01 -1.400000e+00
      vertex   3.099421e+01 2.338555e+01 -2.000000e+00
      vertex   3.107199e+01 2.352963e+01 -2.000000e+00
    endloop
  endfacet
  facet normal 6.228798e-01 -3.344794e-01 7.072088e-01
    outer loop
      vertex   3.047312e+01 2.368299e+01 -1.400000e+00
      vertex   3.107199e+01 2.352963e+01 -2.000000e+00
      vertex   3.054500e+01 2.381685e+01 -1.400000e+00
    endloop
  endfacet
  facet normal 6.347395e-01 -3.120804e-01 7.069028e-01
    outer loop
      vertex   3.054500e+01 2.381685e+01 -1.400000e+00
      vertex   3.107199e+01 2.352963e+01 -2.000000e+00
      vertex   3.114424e+01 2.367656e+01 -2.000000e+00
    endloop
  endfacet
  facet normal 6.359825e-01 -3.085745e-01 7.073245e-01
    outer loop
      vertex   3.054500e+01 2.381685e+01 -1.400000e+00
      vertex   3.114424e+01 2.367656e+01 -2.000000e+00
      vertex   3.061132e+01 2.395355e+01 -1.400000e+00
    endloop
  endfacet
  facet normal 6.462426e-01 -2.877258e-01 7.068128e-01
    outer loop
      vertex   3.061132e+01 2.395355e+01 -1.400000e+00
      vertex   3.114424e+01 2.367656e+01 -2.000000e+00
      vertex   3.121083e+01 2.382614e+01 -2.000000e+00
    endloop
  endfacet
  facet normal 6.480294e-01 -2.821668e-01 7.074177e-01
    outer loop
      vertex   3.061132e+01 2.395355e+01 -1.400000e+00
      vertex   3.121083e+01 2.382614e+01 -2.000000e+00
      vertex   3.067198e+01 2.409285e+01 -1.400000e+00
    endloop
  endfacet
  facet normal 6.567936e-01 -2.629405e-01 7.067422e-01
    outer loop
      vertex   3.067198e+01 2.409285e+01 -1.400000e+00
      vertex   3.121083e+01 2.382614e+01 -2.000000e+00
      vertex   3.127169e+01 2.397814e+01 -2.000000e+00
    endloop
  endfacet
  facet normal 6.590016e-01 -2.552986e-01 7.074882e-01
    outer loop
      vertex   3.067198e+01 2.409285e+01 -1.400000e+00
      vertex   3.127169e+01 2.397814e+01 -2.000000e+00
      vertex   3.072686e+01 2.423453e+01 -1.400000e+00
    endloop
  endfacet
  facet normal 6.663758e-01 -2.377624e-01 7.066911e-01
    outer loop
      vertex   3.072686e+01 2.423453e+01 -1.400000e+00
      vertex   3.127169e+01 2.397814e+01 -2.000000e+00
      vertex   3.132671e+01 2.413236e+01 -2.000000e+00
    endloop
  endfacet
  facet normal 6.688818e-01 -2.280125e-01 7.075361e-01
    outer loop
      vertex   3.072686e+01 2.423453e+01 -1.400000e+00
      vertex   3.132671e+01 2.413236e+01 -2.000000e+00
      vertex   3.077589e+01 2.437834e+01 -1.400000e+00
    endloop
  endfacet
  facet normal 6.749747e-01 -2.122301e-01 7.066594e-01
    outer loop
      vertex   3.077589e+01 2.437834e+01 -1.400000e+00
      vertex   3.132671e+01 2.413236e+01 -2.000000e+00
      vertex   3.137582e+01 2.428855e+01 -2.000000e+00
    endloop
  endfacet
  facet normal 6.776546e-01 -2.003521e-01 7.075615e-01
    outer loop
      vertex   3.077589e+01 2.437834e+01 -1.400000e+00
      vertex   3.137582e+01 2.428855e+01 -2.000000e+00
      vertex   3.081896e+01 2.452404e+01 -1.400000e+00
    endloop
  endfacet
  facet normal 6.825769e-01 -1.863827e-01 7.066472e-01
    outer loop
      vertex   3.081896e+01 2.452404e+01 -1.400000e+00
      vertex   3.137582e+01 2.428855e+01 -2.000000e+00
      vertex   3.141895e+01 2.444650e+01 -2.000000e+00
    endloop
  endfacet
  facet normal 6.853060e-01 -1.723614e-01 7.075643e-01
    outer loop
      vertex   3.081896e+01 2.452404e+01 -1.400000e+00
      vertex   3.141895e+01 2.444650e+01 -2.000000e+00
      vertex   3.085602e+01 2.467138e+01 -1.400000e+00
    endloop
  endfacet
  facet normal 6.891706e-01 -1.602598e-01 7.066545e-01
    outer loop
      vertex   3.085602e+01 2.467138e+01 -1.400000e+00
      vertex   3.141895e+01 2.444650e+01 -2.000000e+00
      vertex   3.145603e+01 2.460598e+01 -2.000000e+00
    endloop
  endfacet
  facet normal 6.918238e-01 -1.440848e-01 7.075446e-01
    outer loop
      vertex   3.085602e+01 2.467138e+01 -1.400000e+00
      vertex   3.145603e+01 2.460598e+01 -2.000000e+00
      vertex   3.088700e+01 2.482013e+01 -1.400000e+00
    endloop
  endfacet
  facet normal 6.947460e-01 -1.339013e-01 7.066813e-01
    outer loop
      vertex   3.088700e+01 2.482013e+01 -1.400000e+00
      vertex   3.145603e+01 2.460598e+01 -2.000000e+00
      vertex   3.148702e+01 2.476675e+01 -2.000000e+00
    endloop
  endfacet
  facet normal 6.971977e-01 -1.155674e-01 7.075023e-01
    outer loop
      vertex   3.088700e+01 2.482013e+01 -1.400000e+00
      vertex   3.148702e+01 2.476675e+01 -2.000000e+00
      vertex   3.091185e+01 2.497002e+01 -1.400000e+00
    endloop
  endfacet
  facet normal 6.992943e-01 -1.073478e-01 7.067276e-01
    outer loop
      vertex   3.091185e+01 2.497002e+01 -1.400000e+00
      vertex   3.148702e+01 2.476675e+01 -2.000000e+00
      vertex   3.151187e+01 2.492859e+01 -2.000000e+00
    endloop
  endfacet
  facet normal 7.014190e-01 -8.685449e-02 7.074374e-01
    outer loop
      vertex   3.091185e+01 2.497002e+01 -1.400000e+00
      vertex   3.151187e+01 2.492859e+01 -2.000000e+00
      vertex   3.093052e+01 2.512080e+01 -1.400000e+00
    endloop
  endfacet
  facet normal 7.028090e-01 -8.063981e-02 7.067933e-01
    outer loop
      vertex   3.093052e+01 2.512080e+01 -1.400000e+00
      vertex   3.151187e+01 2.492859e+01 -2.000000e+00
      vertex   3.153053e+01 2.509126e+01 -2.000000e+00
    endloop
  endfacet
  facet normal 7.044807e-01 -5.799167e-02 7.073499e-01
    outer loop
      vertex   3.093052e+01 2.512080e+01 -1.400000e+00
      vertex   3.153053e+01 2.509126e+01 -2.000000e+00
      vertex   3.094298e+01 2.527222e+01 -1.400000e+00
    endloop
  endfacet
  facet normal 7.052846e-01 -5.381844e-02 7.068785e-01
    outer loop
      vertex   3.094298e+01 2.527222e+01 -1.400000e+00
      vertex   3.153053e+01 2.509126e+01 -2.000000e+00
      vertex   3.154299e+01 2.525452e+01 -2.000000e+00
    endloop
  endfacet
  facet normal 7.063776e-01 -2.902482e-02 7.072399e-01
    outer loop
      vertex   3.094298e+01 2.527222e+01 -1.400000e+00
      vertex   3.154299e+01 2.525452e+01 -2.000000e+00
      vertex   3.094922e+01 2.542403e+01 -1.400000e+00
    endloop
  endfacet
  facet normal 7.067177e-01 -2.692476e-02 7.069831e-01
    outer loop
      vertex   3.094922e+01 2.542403e+01 -1.400000e+00
      vertex   3.154299e+01 2.525452e+01 -2.000000e+00
      vertex   3.154922e+01 2.541813e+01 -2.000000e+00
    endloop
  endfacet
  facet normal 7.071064e-01 0.000000e+00 7.071071e-01
    outer loop
      vertex   3.094922e+01 2.542403e+01 -1.400000e+00
      vertex   3.154922e+01 2.541813e+01 -2.000000e+00
      vertex   3.154922e+01 2.558187e+01 -2.000000e+00
    endloop
  endfacet
  facet normal 7.071064e-01 -0.000000e+00 7.071071e-01
    outer loop
      vertex   3.094922e+01 2.542403e+01 -1.400000e+00
      vertex   3.154922e+01 2.558187e+01 -2.000000e+00
      vertex   3.094922e+01 2.557597e+01 -1.400000e+00
    endloop
  endfacet
  facet normal 7.067177e-01 2.692476e-02 7.069831e-01
    outer loop
      vertex   3.094922e+01 2.557597e+01 -1.400000e+00
      vertex   3.154922e+01 2.558187e+01 -2.000000e+00
      vertex   3.154299e+01 2.574548e+01 -2.000000e+00
    endloop
  endfacet
  facet normal 7.063776e-01 2.902482e-02 7.072399e-01
    outer loop
      vertex   3.094922e+01 2.557597e+01 -1.400000e+00
      vertex   3.154299e+01 2.574548e+01 -2.000000e+00
      vertex   3.094298e+01 2.572778e+01 -1.400000e+00
    endloop
  endfacet
  facet normal 7.052846e-01 5.381844e-02 7.068785e-01
    outer loop
      vertex   3.094298e+01 2.572778e+01 -1.400000e+00
      vertex   3.154299e+01 2.574548e+01 -2.000000e+00
      vertex   3.153053e+01 2.590874e+01 -2.000000e+00
    endloop
  endfacet
  facet normal 7.044807e-01 5.799167e-02 7.073499e-01
    outer loop
      vertex   3.094298e+01 2.572778e+01 -1.400000e+00
      vertex   3.153053e+01 2.590874e+01 -2.000000e+00
      vertex   3.093052e+01 2.587920e+01 -1.400000e+00
    endloop
  endfacet
  facet normal 7.028090e-01 8.063981e-02 7.067933e-01
    outer loop
      vertex   3.093052e+01 2.587920e+01 -1.400000e+00
      vertex   3.153053e+01 2.590874e+01 -2.000000e+00
      vertex   3.151187e+01 2.607141e+01 -2.000000e+00
    endloop
  endfacet
  facet normal 7.014190e-01 8.685449e-02 7.074374e-01
    outer loop
      vertex   3.093052e+01 2.587920e+01 -1.400000e+00
      vertex   3.151187e+01 2.607141e+01 -2.000000e+00
      vertex   3.091185e+01 2.602998e+01 -1.400000e+00
    endloop
  endfacet
  facet normal 6.992943e-01 1.073478e-01 7.067276e-01
    outer loop
      vertex   3.091185e+01 2.602998e+01 -1.400000e+00
      vertex   3.151187e+01 2.607141e+01 -2.000000e+00
      vertex   3.148702e+01 2.623325e+01 -2.000000e+00
    endloop
  endfacet
  facet normal 6.971977e-01 1.155674e-01 7.075023e-01
    outer loop
      vertex   3.091185e+01 2.602998e+01 -1.400000e+00
      vertex   3.148702e+01 2.623325e+01 -2.000000e+00
      vertex   3.088700e+01 2.617987e+01 -1.400000e+00
    endloop
  endfacet
  facet normal 6.947460e-01 1.339013e-01 7.066813e-01
    outer loop
      vertex   3.088700e+01 2.617987e+01 -1.400000e+00
      vertex   3.148702e+01 2.623325e+01 -2.000000e+00
      vertex   3.145603e+01 2.639402e+01 -2.000000e+00
    endloop
  endfacet
  facet normal 6.918238e-01 1.440848e-01 7.075446e-01
    outer loop
      vertex   3.088700e+01 2.617987e+01 -1.400000e+00
      vertex   3.145603e+01 2.639402e+01 -2.000000e+00
      vertex   3.085602e+01 2.632862e+01 -1.400000e+00
    endloop
  endfacet
  facet normal 6.891706e-01 1.602598e-01 7.066545e-01
    outer loop
      vertex   3.085602e+01 2.632862e+01 -1.400000e+00
      vertex   3.145603e+01 2.639402e+01 -2.000000e+00
      vertex   3.141895e+01 2.655350e+01 -2.000000e+00
    endloop
  endfacet
  facet normal 6.853060e-01 1.723614e-01 7.075643e-01
    outer loop
      vertex   3.085602e+01 2.632862e+01 -1.400000e+00
      vertex   3.141895e+01 2.655350e+01 -2.000000e+00
      vertex   3.081896e+01 2.647596e+01 -1.400000e+00
    endloop
  endfacet
  facet normal 6.825769e-01 1.863827e-01 7.066472e-01
    outer loop
      vertex   3.081896e+01 2.647596e+01 -1.400000e+00
      vertex   3.141895e+01 2.655350e+01 -2.000000e+00
      vertex   3.137582e+01 2.671145e+01 -2.000000e+00
    endloop
  endfacet
  facet normal 6.776546e-01 2.003521e-01 7.075615e-01
    outer loop
      vertex   3.081896e+01 2.647596e+01 -1.400000e+00
      vertex   3.137582e+01 2.671145e+01 -2.000000e+00
      vertex   3.077589e+01 2.662166e+01 -1.400000e+00
    endloop
  endfacet
  facet normal 6.749747e-01 2.122301e-01 7.066594e-01
    outer loop
      vertex   3.077589e+01 2.662166e+01 -1.400000e+00
      vertex   3.137582e+01 2.671145e+01 -2.000000e+00
      vertex   3.132671e+01 2.686764e+01 -2.000000e+00
    endloop
  endfacet
  facet normal 6.688818e-01 2.280125e-01 7.075361e-01
    outer loop
      vertex   3.077589e+01 2.662166e+01 -1.400000e+00
      vertex   3.132671e+01 2.686764e+01 -2.000000e+00
      vertex   3.072686e+01 2.676547e+01 -1.400000e+00
    endloop
  endfacet
  facet normal 6.663758e-01 2.377624e-01 7.066911e-01
    outer loop
      vertex   3.072686e+01 2.676547e+01 -1.400000e+00
      vertex   3.132671e+01 2.686764e+01 -2.000000e+00
      vertex   3.127169e+01 2.702186e+01 -2.000000e+00
    endloop
  endfacet
  facet normal 6.590016e-01 2.552986e-01 7.074882e-01
    outer loop
      vertex   3.072686e+01 2.676547e+01 -1.400000e+00
      vertex   3.127169e+01 2.702186e+01 -2.000000e+00
      vertex   3.067198e+01 2.690715e+01 -1.400000e+00
    endloop
  endfacet
  facet normal 6.567936e-01 2.629405e-01 7.067422e-01
    outer loop
      vertex   3.067198e+01 2.690715e+01 -1.400000e+00
      vertex   3.127169e+01 2.702186e+01 -2.000000e+00
      vertex   3.121083e+01 2.717386e+01 -2.000000e+00
    endloop
  endfacet
  facet normal 6.480294e-01 2.821668e-01 7.074177e-01
    outer loop
      vertex   3.067198e+01 2.690715e+01 -1.400000e+00
      vertex   3.121083e+01 2.717386e+01 -2.000000e+00
      vertex   3.061132e+01 2.704645e+01 -1.400000e+00
    endloop
  endfacet
  facet normal 6.462426e-01 2.877258e-01 7.068128e-01
    outer loop
      vertex   3.061132e+01 2.704645e+01 -1.400000e+00
      vertex   3.121083e+01 2.717386e+01 -2.000000e+00
      vertex   3.114424e+01 2.732344e+01 -2.000000e+00
    endloop
  endfacet
  facet normal 6.359825e-01 3.085745e-01 7.073245e-01
    outer loop
      vertex   3.061132e+01 2.704645e+01 -1.400000e+00
      vertex   3.114424e+01 2.732344e+01 -2.000000e+00
      vertex   3.054500e+01 2.718315e+01 -1.400000e+00
    endloop
  endfacet
  facet normal 6.347395e-01 3.120804e-01 7.069028e-01
    outer loop
      vertex   3.054500e+01 2.718315e+01 -1.400000e+00
      vertex   3.114424e+01 2.732344e+01 -2.000000e+00
      vertex   3.107199e+01 2.747037e+01 -2.000000e+00
    endloop
  endfacet
  facet normal 6.228798e-01 3.344794e-01 7.072088e-01
    outer loop
      vertex   3.054500e+01 2.718315e+01 -1.400000e+00
      vertex   3.107199e+01 2.747037e+01 -2.000000e+00
      vertex   3.047312e+01 2.731701e+01 -1.400000e+00
    endloop
  endfacet
  facet normal 6.223019e-01 3.359672e-01 7.070123e-01
    outer loop
      vertex   3.047312e+01 2.731701e+01 -1.400000e+00
      vertex   3.107199e+01 2.747037e+01 -2.000000e+00
      vertex   3.099421e+01 2.761445e+01 -2.000000e+00
    endloop
  endfacet
  facet normal 6.090069e-01 3.593836e-01 7.070743e-01
    outer loop
      vertex   3.047312e+01 2.731701e+01 -1.400000e+00
      vertex   3.099421e+01 2.761445e+01 -2.000000e+00
      vertex   3.091100e+01 2.775546e+01 -2.000000e+00
    endloop
  endfacet
  facet normal 6.086797e-01 3.598035e-01 7.071424e-01
    outer loop
      vertex   3.047312e+01 2.731701e+01 -1.400000e+00
      vertex   3.091100e+01 2.775546e+01 -2.000000e+00
      vertex   3.039580e+01 2.744780e+01 -1.400000e+00
    endloop
  endfacet
  facet normal 5.949836e-01 3.823728e-01 7.069551e-01
    outer loop
      vertex   3.039580e+01 2.744780e+01 -1.400000e+00
      vertex   3.091100e+01 2.775546e+01 -2.000000e+00
      vertex   3.082247e+01 2.789320e+01 -2.000000e+00
    endloop
  endfacet
  facet normal 5.932881e-01 3.844204e-01 7.072695e-01
    outer loop
      vertex   3.039580e+01 2.744780e+01 -1.400000e+00
      vertex   3.082247e+01 2.789320e+01 -2.000000e+00
      vertex   3.031318e+01 2.757531e+01 -1.400000e+00
    endloop
  endfacet
  facet normal 5.800768e-01 4.048041e-01 7.068554e-01
    outer loop
      vertex   3.031318e+01 2.757531e+01 -1.400000e+00
      vertex   3.082247e+01 2.789320e+01 -2.000000e+00
      vertex   3.072877e+01 2.802748e+01 -2.000000e+00
    endloop
  endfacet
  facet normal 5.769202e-01 4.083934e-01 7.073739e-01
    outer loop
      vertex   3.031318e+01 2.757531e+01 -1.400000e+00
      vertex   3.072877e+01 2.802748e+01 -2.000000e+00
      vertex   3.022540e+01 2.769932e+01 -1.400000e+00
    endloop
  endfacet
  facet normal 5.643092e-01 4.266429e-01 7.067751e-01
    outer loop
      vertex   3.022540e+01 2.769932e+01 -1.400000e+00
      vertex   3.072877e+01 2.802748e+01 -2.000000e+00
      vertex   3.063003e+01 2.815808e+01 -2.000000e+00
    endloop
  endfacet
  facet normal 5.596024e-01 4.316845e-01 7.074558e-01
    outer loop
      vertex   3.022540e+01 2.769932e+01 -1.400000e+00
      vertex   3.063003e+01 2.815808e+01 -2.000000e+00
      vertex   3.013260e+01 2.781962e+01 -1.400000e+00
    endloop
  endfacet
  facet normal 5.477045e-01 4.478558e-01 7.067142e-01
    outer loop
      vertex   3.013260e+01 2.781962e+01 -1.400000e+00
      vertex   3.063003e+01 2.815808e+01 -2.000000e+00
      vertex   3.052638e+01 2.828484e+01 -2.000000e+00
    endloop
  endfacet
  facet normal 5.413623e-01 4.542569e-01 7.075150e-01
    outer loop
      vertex   3.013260e+01 2.781962e+01 -1.400000e+00
      vertex   3.052638e+01 2.828484e+01 -2.000000e+00
      vertex   3.003494e+01 2.793601e+01 -1.400000e+00
    endloop
  endfacet
  facet normal 5.302883e-01 4.684100e-01 7.066728e-01
    outer loop
      vertex   3.003494e+01 2.793601e+01 -1.400000e+00
      vertex   3.052638e+01 2.828484e+01 -2.000000e+00
      vertex   3.041799e+01 2.840755e+01 -2.000000e+00
    endloop
  endfacet
  facet normal 5.222292e-01 4.760749e-01 7.075517e-01
    outer loop
      vertex   3.003494e+01 2.793601e+01 -1.400000e+00
      vertex   3.041799e+01 2.840755e+01 -2.000000e+00
      vertex   2.993258e+01 2.804829e+01 -1.400000e+00
    endloop
  endfacet
  facet normal 5.120870e-01 4.882740e-01 7.066509e-01
    outer loop
      vertex   2.993258e+01 2.804829e+01 -1.400000e+00
      vertex   3.041799e+01 2.840755e+01 -2.000000e+00
      vertex   3.030500e+01 2.852605e+01 -2.000000e+00
    endloop
  endfacet
  facet normal 5.022336e-01 4.971037e-01 7.075658e-01
    outer loop
      vertex   2.993258e+01 2.804829e+01 -1.400000e+00
      vertex   3.030500e+01 2.852605e+01 -2.000000e+00
      vertex   2.982570e+01 2.815627e+01 -1.400000e+00
    endloop
  endfacet
  facet normal 4.931285e-01 5.074172e-01 7.066484e-01
    outer loop
      vertex   2.982570e+01 2.815627e+01 -1.400000e+00
      vertex   3.030500e+01 2.852605e+01 -2.000000e+00
      vertex   3.018758e+01 2.864016e+01 -2.000000e+00
    endloop
  endfacet
  facet normal 4.814074e-01 5.173100e-01 7.075573e-01
    outer loop
      vertex   2.982570e+01 2.815627e+01 -1.400000e+00
      vertex   3.018758e+01 2.864016e+01 -2.000000e+00
      vertex   2.971447e+01 2.825978e+01 -1.400000e+00
    endloop
  endfacet
  facet normal 4.734419e-01 5.258105e-01 7.066655e-01
    outer loop
      vertex   2.971447e+01 2.825978e+01 -1.400000e+00
      vertex   3.018758e+01 2.864016e+01 -2.000000e+00
      vertex   3.006590e+01 2.874972e+01 -2.000000e+00
    endloop
  endfacet
  facet normal 4.597835e-01 5.366616e-01 7.075263e-01
    outer loop
      vertex   2.971447e+01 2.825978e+01 -1.400000e+00
      vertex   3.006590e+01 2.874972e+01 -2.000000e+00
      vertex   2.959909e+01 2.835863e+01 -1.400000e+00
    endloop
  endfacet
  facet normal 4.530573e-01 5.434255e-01 7.067020e-01
    outer loop
      vertex   2.959909e+01 2.835863e+01 -1.400000e+00
      vertex   3.006590e+01 2.874972e+01 -2.000000e+00
      vertex   2.994014e+01 2.885457e+01 -2.000000e+00
    endloop
  endfacet
  facet normal 4.373964e-01 5.551277e-01 7.074727e-01
    outer loop
      vertex   2.959909e+01 2.835863e+01 -1.400000e+00
      vertex   2.994014e+01 2.885457e+01 -2.000000e+00
      vertex   2.947975e+01 2.845266e+01 -1.400000e+00
    endloop
  endfacet
  facet normal 4.320061e-01 5.602355e-01 7.067580e-01
    outer loop
      vertex   2.947975e+01 2.845266e+01 -1.400000e+00
      vertex   2.994014e+01 2.885457e+01 -2.000000e+00
      vertex   2.981048e+01 2.895455e+01 -2.000000e+00
    endloop
  endfacet
  facet normal 4.142815e-01 5.726788e-01 7.073965e-01
    outer loop
      vertex   2.947975e+01 2.845266e+01 -1.400000e+00
      vertex   2.981048e+01 2.895455e+01 -2.000000e+00
      vertex   2.935665e+01 2.854172e+01 -1.400000e+00
    endloop
  endfacet
  facet normal 4.103206e-01 5.762147e-01 7.068335e-01
    outer loop
      vertex   2.935665e+01 2.854172e+01 -1.400000e+00
      vertex   2.981048e+01 2.895455e+01 -2.000000e+00
      vertex   2.967711e+01 2.904953e+01 -2.000000e+00
    endloop
  endfacet
  facet normal 3.904755e-01 5.892867e-01 7.072977e-01
    outer loop
      vertex   2.935665e+01 2.854172e+01 -1.400000e+00
      vertex   2.967711e+01 2.904953e+01 -2.000000e+00
      vertex   2.922999e+01 2.862564e+01 -1.400000e+00
    endloop
  endfacet
  facet normal 3.880342e-01 5.913389e-01 7.069284e-01
    outer loop
      vertex   2.922999e+01 2.862564e+01 -1.400000e+00
      vertex   2.967711e+01 2.904953e+01 -2.000000e+00
      vertex   2.954021e+01 2.913936e+01 -2.000000e+00
    endloop
  endfacet
  facet normal 3.660160e-01 6.049247e-01 7.071763e-01
    outer loop
      vertex   2.922999e+01 2.862564e+01 -1.400000e+00
      vertex   2.954021e+01 2.913936e+01 -2.000000e+00
      vertex   2.910000e+01 2.870429e+01 -1.400000e+00
    endloop
  endfacet
  facet normal 3.651812e-01 6.055851e-01 7.070427e-01
    outer loop
      vertex   2.910000e+01 2.870429e+01 -1.400000e+00
      vertex   2.954021e+01 2.913936e+01 -2.000000e+00
      vertex   2.940000e+01 2.922391e+01 -2.000000e+00
    endloop
  endfacet
  facet normal 3.418614e-01 6.190488e-01 7.070427e-01
    outer loop
      vertex   2.910000e+01 2.870429e+01 -1.400000e+00
      vertex   2.940000e+01 2.922391e+01 -2.000000e+00
      vertex   2.925667e+01 2.930306e+01 -2.000000e+00
    endloop
  endfacet
  facet normal 3.408722e-01 6.194415e-01 7.071763e-01
    outer loop
      vertex   2.910000e+01 2.870429e+01 -1.400000e+00
      vertex   2.925667e+01 2.930306e+01 -2.000000e+00
      vertex   2.896689e+01 2.877754e+01 -1.400000e+00
    endloop
  endfacet
  facet normal 3.180974e-01 6.317170e-01 7.069284e-01
    outer loop
      vertex   2.896689e+01 2.877754e+01 -1.400000e+00
      vertex   2.925667e+01 2.930306e+01 -2.000000e+00
      vertex   2.911043e+01 2.937670e+01 -2.000000e+00
    endloop
  endfacet
  facet normal 3.150995e-01 6.328051e-01 7.072977e-01
    outer loop
      vertex   2.896689e+01 2.877754e+01 -1.400000e+00
      vertex   2.911043e+01 2.937670e+01 -2.000000e+00
      vertex   2.883088e+01 2.884527e+01 -1.400000e+00
    endloop
  endfacet
  facet normal 2.938563e-01 6.434555e-01 7.068335e-01
    outer loop
      vertex   2.883088e+01 2.884527e+01 -1.400000e+00
      vertex   2.911043e+01 2.937670e+01 -2.000000e+00
      vertex   2.896149e+01 2.944472e+01 -2.000000e+00
    endloop
  endfacet
  facet normal 2.888136e-01 6.451177e-01 7.073965e-01
    outer loop
      vertex   2.883088e+01 2.884527e+01 -1.400000e+00
      vertex   2.896149e+01 2.944472e+01 -2.000000e+00
      vertex   2.869221e+01 2.890735e+01 -1.400000e+00
    endloop
  endfacet
  facet normal 2.691751e-01 6.542460e-01 7.067580e-01
    outer loop
      vertex   2.869221e+01 2.890735e+01 -1.400000e+00
      vertex   2.896149e+01 2.944472e+01 -2.000000e+00
      vertex   2.881007e+01 2.950702e+01 -2.000000e+00
    endloop
  endfacet
  facet normal 2.620565e-01 6.563603e-01 7.074727e-01
    outer loop
      vertex   2.869221e+01 2.890735e+01 -1.400000e+00
      vertex   2.881007e+01 2.950702e+01 -2.000000e+00
      vertex   2.855110e+01 2.896369e+01 -1.400000e+00
    endloop
  endfacet
  facet normal 2.440917e-01 6.640719e-01 7.067020e-01
    outer loop
      vertex   2.855110e+01 2.896369e+01 -1.400000e+00
      vertex   2.881007e+01 2.950702e+01 -2.000000e+00
      vertex   2.865639e+01 2.956350e+01 -2.000000e+00
    endloop
  endfacet
  facet normal 2.348708e-01 6.665150e-01 7.075263e-01
    outer loop
      vertex   2.855110e+01 2.896369e+01 -1.400000e+00
      vertex   2.865639e+01 2.956350e+01 -2.000000e+00
      vertex   2.840780e+01 2.901418e+01 -1.400000e+00
    endloop
  endfacet
  facet normal 2.186443e-01 6.729179e-01 7.066655e-01
    outer loop
      vertex   2.840780e+01 2.901418e+01 -1.400000e+00
      vertex   2.865639e+01 2.956350e+01 -2.000000e+00
      vertex   2.850067e+01 2.961410e+01 -2.000000e+00
    endloop
  endfacet
  facet normal 2.072999e-01 6.755660e-01 7.075573e-01
    outer loop
      vertex   2.840780e+01 2.901418e+01 -1.400000e+00
      vertex   2.850067e+01 2.961410e+01 -2.000000e+00
      vertex   2.826255e+01 2.905875e+01 -1.400000e+00
    endloop
  endfacet
  facet normal 1.928720e-01 6.807704e-01 7.066484e-01
    outer loop
      vertex   2.826255e+01 2.905875e+01 -1.400000e+00
      vertex   2.850067e+01 2.961410e+01 -2.000000e+00
      vertex   2.834314e+01 2.965873e+01 -2.000000e+00
    endloop
  endfacet
  facet normal 1.793876e-01 6.834989e-01 7.075658e-01
    outer loop
      vertex   2.826255e+01 2.905875e+01 -1.400000e+00
      vertex   2.834314e+01 2.965873e+01 -2.000000e+00
      vertex   2.811559e+01 2.909732e+01 -1.400000e+00
    endloop
  endfacet
  facet normal 1.668142e-01 6.876173e-01 7.066509e-01
    outer loop
      vertex   2.811559e+01 2.909732e+01 -1.400000e+00
      vertex   2.834314e+01 2.965873e+01 -2.000000e+00
      vertex   2.818402e+01 2.969733e+01 -2.000000e+00
    endloop
  endfacet
  facet normal 1.511783e-01 6.903012e-01 7.075517e-01
    outer loop
      vertex   2.811559e+01 2.909732e+01 -1.400000e+00
      vertex   2.818402e+01 2.969733e+01 -2.000000e+00
      vertex   2.796718e+01 2.912983e+01 -1.400000e+00
    endloop
  endfacet
  facet normal 1.405108e-01 6.934481e-01 7.066728e-01
    outer loop
      vertex   2.796718e+01 2.912983e+01 -1.400000e+00
      vertex   2.818402e+01 2.969733e+01 -2.000000e+00
      vertex   2.802355e+01 2.972985e+01 -2.000000e+00
    endloop
  endfacet
  facet normal 1.227169e-01 6.959620e-01 7.075150e-01
    outer loop
      vertex   2.796718e+01 2.912983e+01 -1.400000e+00
      vertex   2.802355e+01 2.972985e+01 -2.000000e+00
      vertex   2.781755e+01 2.915621e+01 -1.400000e+00
    endloop
  endfacet
  facet normal 1.140022e-01 6.982539e-01 7.067142e-01
    outer loop
      vertex   2.781755e+01 2.915621e+01 -1.400000e+00
      vertex   2.802355e+01 2.972985e+01 -2.000000e+00
      vertex   2.786195e+01 2.975623e+01 -2.000000e+00
    endloop
  endfacet
  facet normal 9.404856e-02 7.004721e-01 7.074558e-01
    outer loop
      vertex   2.781755e+01 2.915621e+01 -1.400000e+00
      vertex   2.786195e+01 2.975623e+01 -2.000000e+00
      vertex   2.766696e+01 2.917643e+01 -1.400000e+00
    endloop
  endfacet
  facet normal 8.732904e-02 7.020275e-01 7.067751e-01
    outer loop
      vertex   2.766696e+01 2.917643e+01 -1.400000e+00
      vertex   2.786195e+01 2.975623e+01 -2.000000e+00
      vertex   2.769947e+01 2.977644e+01 -2.000000e+00
    endloop
  endfacet
  facet normal 6.521892e-02 7.038243e-01 7.073739e-01
    outer loop
      vertex   2.766696e+01 2.917643e+01 -1.400000e+00
      vertex   2.769947e+01 2.977644e+01 -2.000000e+00
      vertex   2.751568e+01 2.919045e+01 -1.400000e+00
    endloop
  endfacet
  facet normal 6.053217e-02 7.047633e-01 7.068554e-01
    outer loop
      vertex   2.751568e+01 2.919045e+01 -1.400000e+00
      vertex   2.769947e+01 2.977644e+01 -2.000000e+00
      vertex   2.753634e+01 2.979046e+01 -2.000000e+00
    endloop
  endfacet
  facet normal 3.627377e-02 7.060128e-01 7.072695e-01
    outer loop
      vertex   2.751568e+01 2.919045e+01 -1.400000e+00
      vertex   2.753634e+01 2.979046e+01 -2.000000e+00
      vertex   2.736394e+01 2.919825e+01 -1.400000e+00
    endloop
  endfacet
  facet normal 3.365271e-02 7.064573e-01 7.069551e-01
    outer loop
      vertex   2.736394e+01 2.919825e+01 -1.400000e+00
      vertex   2.753634e+01 2.979046e+01 -2.000000e+00
      vertex   2.737279e+01 2.979825e+01 -2.000000e+00
    endloop
  endfacet
  facet normal 7.259119e-03 7.070339e-01 7.071424e-01
    outer loop
      vertex   2.736394e+01 2.919825e+01 -1.400000e+00
      vertex   2.737279e+01 2.979825e+01 -2.000000e+00
      vertex   2.721201e+01 2.919981e+01 -1.400000e+00
    endloop
  endfacet
  facet normal 6.731848e-03 7.071072e-01 7.070743e-01
    outer loop
      vertex   2.721201e+01 2.919981e+01 -1.400000e+00
      vertex   2.737279e+01 2.979825e+01 -2.000000e+00
      vertex   2.720906e+01 2.979981e+01 -2.000000e+00
    endloop
  endfacet
  facet normal -2.019488e-02 7.069129e-01 7.070123e-01
    outer loop
      vertex   2.721201e+01 2.919981e+01 -1.400000e+00
      vertex   2.720906e+01 2.979981e+01 -2.000000e+00
      vertex   2.704540e+01 2.979513e+01 -2.000000e+00
    endloop
  endfacet
  facet normal -2.177225e-02 7.066694e-01 7.072088e-01
    outer loop
      vertex   2.721201e+01 2.919981e+01 -1.400000e+00
      vertex   2.704540e+01 2.979513e+01 -2.000000e+00
      vertex   2.706015e+01 2.919513e+01 -1.400000e+00
    endloop
  endfacet
  facet normal -4.710019e-02 7.057407e-01 7.069028e-01
    outer loop
      vertex   2.706015e+01 2.919513e+01 -1.400000e+00
      vertex   2.704540e+01 2.979513e+01 -2.000000e+00
      vertex   2.688203e+01 2.978423e+01 -2.000000e+00
    endloop
  endfacet
  facet normal -5.075791e-02 7.050643e-01 7.073245e-01
    outer loop
      vertex   2.706015e+01 2.919513e+01 -1.400000e+00
      vertex   2.688203e+01 2.978423e+01 -2.000000e+00
      vertex   2.690861e+01 2.918422e+01 -1.400000e+00
    endloop
  endfacet
  facet normal -7.394350e-02 7.035254e-01 7.068128e-01
    outer loop
      vertex   2.690861e+01 2.918422e+01 -1.400000e+00
      vertex   2.688203e+01 2.978423e+01 -2.000000e+00
      vertex   2.671919e+01 2.976711e+01 -2.000000e+00
    endloop
  endfacet
  facet normal -7.965105e-02 7.022933e-01 7.074177e-01
    outer loop
      vertex   2.690861e+01 2.918422e+01 -1.400000e+00
      vertex   2.671919e+01 2.976711e+01 -2.000000e+00
      vertex   2.675764e+01 2.916709e+01 -1.400000e+00
    endloop
  endfacet
  facet normal -1.006836e-01 7.002701e-01 7.067422e-01
    outer loop
      vertex   2.675764e+01 2.916709e+01 -1.400000e+00
      vertex   2.671919e+01 2.976711e+01 -2.000000e+00
      vertex   2.655712e+01 2.974381e+01 -2.000000e+00
    endloop
  endfacet
  facet normal -1.084057e-01 6.983614e-01 7.074882e-01
    outer loop
      vertex   2.675764e+01 2.916709e+01 -1.400000e+00
      vertex   2.655712e+01 2.974381e+01 -2.000000e+00
      vertex   2.660750e+01 2.914379e+01 -1.400000e+00
    endloop
  endfacet
  facet normal -1.272796e-01 6.959796e-01 7.066911e-01
    outer loop
      vertex   2.660750e+01 2.914379e+01 -1.400000e+00
      vertex   2.655712e+01 2.974381e+01 -2.000000e+00
      vertex   2.639606e+01 2.971436e+01 -2.000000e+00
    endloop
  endfacet
  facet normal -1.369763e-01 6.932749e-01 7.075361e-01
    outer loop
      vertex   2.660750e+01 2.914379e+01 -1.400000e+00
      vertex   2.639606e+01 2.971436e+01 -2.000000e+00
      vertex   2.645845e+01 2.911434e+01 -1.400000e+00
    endloop
  endfacet
  facet normal -1.536907e-01 6.906603e-01 7.066594e-01
    outer loop
      vertex   2.645845e+01 2.911434e+01 -1.400000e+00
      vertex   2.639606e+01 2.971436e+01 -2.000000e+00
      vertex   2.623624e+01 2.967879e+01 -2.000000e+00
    endloop
  endfacet
  facet normal -1.653173e-01 6.870421e-01 7.075615e-01
    outer loop
      vertex   2.645845e+01 2.911434e+01 -1.400000e+00
      vertex   2.623624e+01 2.967879e+01 -2.000000e+00
      vertex   2.631073e+01 2.907879e+01 -1.400000e+00
    endloop
  endfacet
  facet normal -1.798763e-01 6.843203e-01 7.066472e-01
    outer loop
      vertex   2.631073e+01 2.907879e+01 -1.400000e+00
      vertex   2.623624e+01 2.967879e+01 -2.000000e+00
      vertex   2.607788e+01 2.963717e+01 -2.000000e+00
    endloop
  endfacet
  facet normal -1.933837e-01 6.796731e-01 7.075643e-01
    outer loop
      vertex   2.631073e+01 2.907879e+01 -1.400000e+00
      vertex   2.607788e+01 2.963717e+01 -2.000000e+00
      vertex   2.616459e+01 2.903722e+01 -1.400000e+00
    endloop
  endfacet
  facet normal -2.057963e-01 6.769692e-01 7.066545e-01
    outer loop
      vertex   2.616459e+01 2.903722e+01 -1.400000e+00
      vertex   2.607788e+01 2.963717e+01 -2.000000e+00
      vertex   2.592123e+01 2.958954e+01 -2.000000e+00
    endloop
  endfacet
  facet normal -2.211308e-01 6.711794e-01 7.075446e-01
    outer loop
      vertex   2.616459e+01 2.903722e+01 -1.400000e+00
      vertex   2.592123e+01 2.958954e+01 -2.000000e+00
      vertex   2.602029e+01 2.898967e+01 -1.400000e+00
    endloop
  endfacet
  facet normal -2.314110e-01 6.686183e-01 7.066813e-01
    outer loop
      vertex   2.602029e+01 2.898967e+01 -1.400000e+00
      vertex   2.592123e+01 2.958954e+01 -2.000000e+00
      vertex   2.576650e+01 2.953599e+01 -2.000000e+00
    endloop
  endfacet
  facet normal -2.485145e-01 6.615746e-01 7.075023e-01
    outer loop
      vertex   2.602029e+01 2.898967e+01 -1.400000e+00
      vertex   2.576650e+01 2.953599e+01 -2.000000e+00
      vertex   2.587806e+01 2.893624e+01 -1.400000e+00
    endloop
  endfacet
  facet normal -2.566813e-01 6.592805e-01 7.067276e-01
    outer loop
      vertex   2.587806e+01 2.893624e+01 -1.400000e+00
      vertex   2.576650e+01 2.953599e+01 -2.000000e+00
      vertex   2.561392e+01 2.947659e+01 -2.000000e+00
    endloop
  endfacet
  facet normal -2.754913e-01 6.508739e-01 7.074374e-01
    outer loop
      vertex   2.587806e+01 2.893624e+01 -1.400000e+00
      vertex   2.561392e+01 2.947659e+01 -2.000000e+00
      vertex   2.573814e+01 2.887702e+01 -1.400000e+00
    endloop
  endfacet
  facet normal -2.815683e-01 6.489703e-01 7.067933e-01
    outer loop
      vertex   2.573814e+01 2.887702e+01 -1.400000e+00
      vertex   2.561392e+01 2.947659e+01 -2.000000e+00
      vertex   2.546372e+01 2.941142e+01 -2.000000e+00
    endloop
  endfacet
  facet normal -3.020181e-01 6.390940e-01 7.073499e-01
    outer loop
      vertex   2.573814e+01 2.887702e+01 -1.400000e+00
      vertex   2.546372e+01 2.941142e+01 -2.000000e+00
      vertex   2.560077e+01 2.881210e+01 -1.400000e+00
    endloop
  endfacet
  facet normal -3.060342e-01 6.377036e-01 7.068785e-01
    outer loop
      vertex   2.560077e+01 2.881210e+01 -1.400000e+00
      vertex   2.546372e+01 2.941142e+01 -2.000000e+00
      vertex   2.531610e+01 2.934058e+01 -2.000000e+00
    endloop
  endfacet
  facet normal -3.280526e-01 6.262534e-01 7.072399e-01
    outer loop
      vertex   2.560077e+01 2.881210e+01 -1.400000e+00
      vertex   2.531610e+01 2.934058e+01 -2.000000e+00
      vertex   2.546618e+01 2.874160e+01 -1.400000e+00
    endloop
  endfacet
  facet normal -3.300413e-01 6.254979e-01 7.069831e-01
    outer loop
      vertex   2.546618e+01 2.874160e+01 -1.400000e+00
      vertex   2.531610e+01 2.934058e+01 -2.000000e+00
      vertex   2.517129e+01 2.926417e+01 -2.000000e+00
    endloop
  endfacet
  facet normal -3.535532e-01 6.123721e-01 7.071071e-01
    outer loop
      vertex   2.546618e+01 2.874160e+01 -1.400000e+00
      vertex   2.517129e+01 2.926417e+01 -2.000000e+00
      vertex   2.502949e+01 2.918230e+01 -2.000000e+00
    endloop
  endfacet
  facet normal -3.535532e-01 6.123721e-01 7.071071e-01
    outer loop
      vertex   2.546618e+01 2.874160e+01 -1.400000e+00
      vertex   2.502949e+01 2.918230e+01 -2.000000e+00
      vertex   2.533460e+01 2.866563e+01 -1.400000e+00
    endloop
  endfacet
  facet normal -3.766764e-01 5.985731e-01 7.069831e-01
    outer loop
      vertex   2.533460e+01 2.866563e+01 -1.400000e+00
      vertex   2.502949e+01 2.918230e+01 -2.000000e+00
      vertex   2.489091e+01 2.909509e+01 -2.000000e+00
    endloop
  endfacet
  facet normal -3.783250e-01 5.972286e-01 7.072399e-01
    outer loop
      vertex   2.533460e+01 2.866563e+01 -1.400000e+00
      vertex   2.489091e+01 2.909509e+01 -2.000000e+00
      vertex   2.520625e+01 2.858433e+01 -1.400000e+00
    endloop
  endfacet
  facet normal -3.992504e-01 5.838852e-01 7.068785e-01
    outer loop
      vertex   2.520625e+01 2.858433e+01 -1.400000e+00
      vertex   2.489091e+01 2.909509e+01 -2.000000e+00
      vertex   2.475576e+01 2.900268e+01 -2.000000e+00
    endloop
  endfacet
  facet normal -4.024626e-01 5.811023e-01 7.073499e-01
    outer loop
      vertex   2.520625e+01 2.858433e+01 -1.400000e+00
      vertex   2.475576e+01 2.900268e+01 -2.000000e+00
      vertex   2.508135e+01 2.849782e+01 -1.400000e+00
    endloop
  endfacet
  facet normal -4.212406e-01 5.683305e-01 7.067933e-01
    outer loop
      vertex   2.508135e+01 2.849782e+01 -1.400000e+00
      vertex   2.475576e+01 2.900268e+01 -2.000000e+00
      vertex   2.462421e+01 2.890518e+01 -2.000000e+00
    endloop
  endfacet
  facet normal -4.259277e-01 5.640194e-01 7.074374e-01
    outer loop
      vertex   2.508135e+01 2.849782e+01 -1.400000e+00
      vertex   2.462421e+01 2.890518e+01 -2.000000e+00
      vertex   2.496010e+01 2.840626e+01 -1.400000e+00
    endloop
  endfacet
  facet normal -4.426131e-01 5.519328e-01 7.067276e-01
    outer loop
      vertex   2.496010e+01 2.840626e+01 -1.400000e+00
      vertex   2.462421e+01 2.890518e+01 -2.000000e+00
      vertex   2.449648e+01 2.880275e+01 -2.000000e+00
    endloop
  endfacet
  facet normal -4.486832e-01 5.460072e-01 7.075023e-01
    outer loop
      vertex   2.496010e+01 2.840626e+01 -1.400000e+00
      vertex   2.449648e+01 2.880275e+01 -2.000000e+00
      vertex   2.484271e+01 2.830980e+01 -1.400000e+00
    endloop
  endfacet
  facet normal -4.633349e-01 5.347170e-01 7.066813e-01
    outer loop
      vertex   2.484271e+01 2.830980e+01 -1.400000e+00
      vertex   2.449648e+01 2.880275e+01 -2.000000e+00
      vertex   2.437274e+01 2.869552e+01 -2.000000e+00
    endloop
  endfacet
  facet normal -4.706930e-01 5.270946e-01 7.075446e-01
    outer loop
      vertex   2.484271e+01 2.830980e+01 -1.400000e+00
      vertex   2.437274e+01 2.869552e+01 -2.000000e+00
      vertex   2.472939e+01 2.820860e+01 -1.400000e+00
    endloop
  endfacet
  facet normal -4.833744e-01 5.167094e-01 7.066545e-01
    outer loop
      vertex   2.472939e+01 2.820860e+01 -1.400000e+00
      vertex   2.437274e+01 2.869552e+01 -2.000000e+00
      vertex   2.425317e+01 2.858367e+01 -2.000000e+00
    endloop
  endfacet
  facet normal -4.919223e-01 5.073117e-01 7.075643e-01
    outer loop
      vertex   2.472939e+01 2.820860e+01 -1.400000e+00
      vertex   2.425317e+01 2.858367e+01 -2.000000e+00
      vertex   2.462031e+01 2.810283e+01 -1.400000e+00
    endloop
  endfacet
  facet normal -5.027006e-01 4.979375e-01 7.066472e-01
    outer loop
      vertex   2.462031e+01 2.810283e+01 -1.400000e+00
      vertex   2.425317e+01 2.858367e+01 -2.000000e+00
      vertex   2.413794e+01 2.846734e+01 -2.000000e+00
    endloop
  endfacet
  facet normal -5.123373e-01 4.866900e-01 7.075615e-01
    outer loop
      vertex   2.462031e+01 2.810283e+01 -1.400000e+00
      vertex   2.413794e+01 2.846734e+01 -2.000000e+00
      vertex   2.451567e+01 2.799267e+01 -1.400000e+00
    endloop
  endfacet
  facet normal -5.212840e-01 4.784302e-01 7.066594e-01
    outer loop
      vertex   2.451567e+01 2.799267e+01 -1.400000e+00
      vertex   2.413794e+01 2.846734e+01 -2.000000e+00
      vertex   2.402723e+01 2.834671e+01 -2.000000e+00
    endloop
  endfacet
  facet normal -5.319055e-01 4.652624e-01 7.075361e-01
    outer loop
      vertex   2.451567e+01 2.799267e+01 -1.400000e+00
      vertex   2.402723e+01 2.834671e+01 -2.000000e+00
      vertex   2.441564e+01 2.787831e+01 -1.400000e+00
    endloop
  endfacet
  facet normal -5.390962e-01 4.582172e-01 7.066911e-01
    outer loop
      vertex   2.441564e+01 2.787831e+01 -1.400000e+00
      vertex   2.402723e+01 2.834671e+01 -2.000000e+00
      vertex   2.392119e+01 2.822195e+01 -2.000000e+00
    endloop
  endfacet
  facet normal -5.505958e-01 4.430628e-01 7.074882e-01
    outer loop
      vertex   2.441564e+01 2.787831e+01 -1.400000e+00
      vertex   2.392119e+01 2.822195e+01 -2.000000e+00
      vertex   2.432038e+01 2.775994e+01 -1.400000e+00
    endloop
  endfacet
  facet normal -5.561099e-01 4.373297e-01 7.067422e-01
    outer loop
      vertex   2.432038e+01 2.775994e+01 -1.400000e+00
      vertex   2.392119e+01 2.822195e+01 -2.000000e+00
      vertex   2.381998e+01 2.809325e+01 -2.000000e+00
    endloop
  endfacet
  facet normal -5.683784e-01 4.201265e-01 7.074177e-01
    outer loop
      vertex   2.432038e+01 2.775994e+01 -1.400000e+00
      vertex   2.381998e+01 2.809325e+01 -2.000000e+00
      vertex   2.423007e+01 2.763776e+01 -1.400000e+00
    endloop
  endfacet
  facet normal -5.722991e-01 4.157997e-01 7.068128e-01
    outer loop
      vertex   2.423007e+01 2.763776e+01 -1.400000e+00
      vertex   2.381998e+01 2.809325e+01 -2.000000e+00
      vertex   2.372374e+01 2.796079e+01 -2.000000e+00
    endloop
  endfacet
  facet normal -5.852246e-01 3.964898e-01 7.073245e-01
    outer loop
      vertex   2.423007e+01 2.763776e+01 -1.400000e+00
      vertex   2.372374e+01 2.796079e+01 -2.000000e+00
      vertex   2.414485e+01 2.751198e+01 -1.400000e+00
    endloop
  endfacet
  facet normal -5.876393e-01 3.936603e-01 7.069028e-01
    outer loop
      vertex   2.414485e+01 2.751198e+01 -1.400000e+00
      vertex   2.372374e+01 2.796079e+01 -2.000000e+00
      vertex   2.363261e+01 2.782476e+01 -2.000000e+00
    endloop
  endfacet
  facet normal -6.011076e-01 3.721900e-01 7.072088e-01
    outer loop
      vertex   2.414485e+01 2.751198e+01 -1.400000e+00
      vertex   2.363261e+01 2.782476e+01 -2.000000e+00
      vertex   2.406487e+01 2.738280e+01 -1.400000e+00
    endloop
  endfacet
  facet normal -6.021071e-01 3.709457e-01 7.070123e-01
    outer loop
      vertex   2.406487e+01 2.738280e+01 -1.400000e+00
      vertex   2.363261e+01 2.782476e+01 -2.000000e+00
      vertex   2.354673e+01 2.768535e+01 -2.000000e+00
    endloop
  endfacet
  facet normal -6.157387e-01 3.477237e-01 7.070743e-01
    outer loop
      vertex   2.406487e+01 2.738280e+01 -1.400000e+00
      vertex   2.354673e+01 2.768535e+01 -2.000000e+00
      vertex   2.346621e+01 2.754278e+01 -2.000000e+00
    endloop
  endfacet
  facet normal -6.159389e-01 3.472304e-01 7.071424e-01
    outer loop
      vertex   2.406487e+01 2.738280e+01 -1.400000e+00
      vertex   2.346621e+01 2.754278e+01 -2.000000e+00
      vertex   2.399025e+01 2.725045e+01 -1.400000e+00
    endloop
  endfacet
  facet normal -6.286363e-01 3.240846e-01 7.069551e-01
    outer loop
      vertex   2.399025e+01 2.725045e+01 -1.400000e+00
      vertex   2.346621e+01 2.754278e+01 -2.000000e+00
      vertex   2.339119e+01 2.739725e+01 -2.000000e+00
    endloop
  endfacet
  facet normal -6.295619e-01 3.215924e-01 7.072695e-01
    outer loop
      vertex   2.399025e+01 2.725045e+01 -1.400000e+00
      vertex   2.339119e+01 2.739725e+01 -2.000000e+00
      vertex   2.392114e+01 2.711514e+01 -1.400000e+00
    endloop
  endfacet
  facet normal -6.406090e-01 2.999593e-01 7.068554e-01
    outer loop
      vertex   2.392114e+01 2.711514e+01 -1.400000e+00
      vertex   2.339119e+01 2.739725e+01 -2.000000e+00
      vertex   2.332175e+01 2.724897e+01 -2.000000e+00
    endloop
  endfacet
  facet normal -6.421392e-01 2.954309e-01 7.073739e-01
    outer loop
      vertex   2.392114e+01 2.711514e+01 -1.400000e+00
      vertex   2.332175e+01 2.724897e+01 -2.000000e+00
      vertex   2.385764e+01 2.697711e+01 -1.400000e+00
    endloop
  endfacet
  facet normal -6.516382e-01 2.753846e-01 7.067751e-01
    outer loop
      vertex   2.385764e+01 2.697711e+01 -1.400000e+00
      vertex   2.332175e+01 2.724897e+01 -2.000000e+00
      vertex   2.325802e+01 2.709815e+01 -2.000000e+00
    endloop
  endfacet
  facet normal -6.536509e-01 2.687876e-01 7.074558e-01
    outer loop
      vertex   2.385764e+01 2.697711e+01 -1.400000e+00
      vertex   2.325802e+01 2.709815e+01 -2.000000e+00
      vertex   2.379985e+01 2.683659e+01 -1.400000e+00
    endloop
  endfacet
  facet normal -6.617067e-01 2.503982e-01 7.067142e-01
    outer loop
      vertex   2.379985e+01 2.683659e+01 -1.400000e+00
      vertex   2.325802e+01 2.709815e+01 -2.000000e+00
      vertex   2.320007e+01 2.694501e+01 -2.000000e+00
    endloop
  endfacet
  facet normal -6.640792e-01 2.417051e-01 7.075150e-01
    outer loop
      vertex   2.379985e+01 2.683659e+01 -1.400000e+00
      vertex   2.320007e+01 2.694501e+01 -2.000000e+00
      vertex   2.374789e+01 2.669382e+01 -1.400000e+00
    endloop
  endfacet
  facet normal -6.707991e-01 2.250381e-01 7.066728e-01
    outer loop
      vertex   2.374789e+01 2.669382e+01 -1.400000e+00
      vertex   2.320007e+01 2.694501e+01 -2.000000e+00
      vertex   2.314799e+01 2.678978e+01 -2.000000e+00
    endloop
  endfacet
  facet normal -6.734075e-01 2.142264e-01 7.075517e-01
    outer loop
      vertex   2.374789e+01 2.669382e+01 -1.400000e+00
      vertex   2.314799e+01 2.678978e+01 -2.000000e+00
      vertex   2.370183e+01 2.654904e+01 -1.400000e+00
    endloop
  endfacet
  facet normal -6.789011e-01 1.993434e-01 7.066509e-01
    outer loop
      vertex   2.370183e+01 2.654904e+01 -1.400000e+00
      vertex   2.314799e+01 2.678978e+01 -2.000000e+00
      vertex   2.310186e+01 2.663268e+01 -2.000000e+00
    endloop
  endfacet
  facet normal -6.816212e-01 1.863953e-01 7.075658e-01
    outer loop
      vertex   2.370183e+01 2.654904e+01 -1.400000e+00
      vertex   2.310186e+01 2.663268e+01 -2.000000e+00
      vertex   2.366175e+01 2.640248e+01 -1.400000e+00
    endloop
  endfacet
  facet normal -6.860005e-01 1.733532e-01 7.066484e-01
    outer loop
      vertex   2.366175e+01 2.640248e+01 -1.400000e+00
      vertex   2.310186e+01 2.663268e+01 -2.000000e+00
      vertex   2.306175e+01 2.647394e+01 -2.000000e+00
    endloop
  endfacet
  facet normal -6.887073e-01 1.582560e-01 7.075573e-01
    outer loop
      vertex   2.366175e+01 2.640248e+01 -1.400000e+00
      vertex   2.306175e+01 2.647394e+01 -2.000000e+00
      vertex   2.362773e+01 2.625440e+01 -1.400000e+00
    endloop
  endfacet
  facet normal -6.920862e-01 1.471075e-01 7.066655e-01
    outer loop
      vertex   2.362773e+01 2.625440e+01 -1.400000e+00
      vertex   2.306175e+01 2.647394e+01 -2.000000e+00
      vertex   2.302771e+01 2.631378e+01 -2.000000e+00
    endloop
  endfacet
  facet normal -6.946543e-01 1.298534e-01 7.075263e-01
    outer loop
      vertex   2.362773e+01 2.625440e+01 -1.400000e+00
      vertex   2.302771e+01 2.631378e+01 -2.000000e+00
      vertex   2.359981e+01 2.610506e+01 -1.400000e+00
    endloop
  endfacet
  facet normal -6.971490e-01 1.206464e-01 7.067020e-01
    outer loop
      vertex   2.359981e+01 2.610506e+01 -1.400000e+00
      vertex   2.302771e+01 2.631378e+01 -2.000000e+00
      vertex   2.299979e+01 2.615244e+01 -2.000000e+00
    endloop
  endfacet
  facet normal -6.994529e-01 1.012326e-01 7.074727e-01
    outer loop
      vertex   2.359981e+01 2.610506e+01 -1.400000e+00
      vertex   2.299979e+01 2.615244e+01 -2.000000e+00
      vertex   2.357804e+01 2.595469e+01 -1.400000e+00
    endloop
  endfacet
  facet normal -7.011812e-01 9.401053e-02 7.067580e-01
    outer loop
      vertex   2.357804e+01 2.595469e+01 -1.400000e+00
      vertex   2.299979e+01 2.615244e+01 -2.000000e+00
      vertex   2.297803e+01 2.599016e+01 -2.000000e+00
    endloop
  endfacet
  facet normal -7.030951e-01 7.243896e-02 7.073965e-01
    outer loop
      vertex   2.357804e+01 2.595469e+01 -1.400000e+00
      vertex   2.297803e+01 2.599016e+01 -2.000000e+00
      vertex   2.356247e+01 2.580355e+01 -1.400000e+00
    endloop
  endfacet
  facet normal -7.041769e-01 6.724074e-02 7.068335e-01
    outer loop
      vertex   2.356247e+01 2.580355e+01 -1.400000e+00
      vertex   2.297803e+01 2.599016e+01 -2.000000e+00
      vertex   2.296246e+01 2.582717e+01 -2.000000e+00
    endloop
  endfacet
  facet normal -7.055750e-01 4.351838e-02 7.072977e-01
    outer loop
      vertex   2.356247e+01 2.580355e+01 -1.400000e+00
      vertex   2.296246e+01 2.582717e+01 -2.000000e+00
      vertex   2.355312e+01 2.565190e+01 -1.400000e+00
    endloop
  endfacet
  facet normal -7.061316e-01 4.037807e-02 7.069284e-01
    outer loop
      vertex   2.355312e+01 2.565190e+01 -1.400000e+00
      vertex   2.296246e+01 2.582717e+01 -2.000000e+00
      vertex   2.295312e+01 2.566370e+01 -2.000000e+00
    endloop
  endfacet
  facet normal -7.068882e-01 1.451678e-02 7.071763e-01
    outer loop
      vertex   2.355312e+01 2.565190e+01 -1.400000e+00
      vertex   2.295312e+01 2.566370e+01 -2.000000e+00
      vertex   2.355000e+01 2.550000e+01 -1.400000e+00
    endloop
  endfacet
  facet normal 9.997891e-01 -2.053184e-02 3.999804e-04
    outer loop
      vertex   3.094688e+01 2.534810e+01 2.500000e+00
      vertex   3.094922e+01 2.542403e+01 5.500000e-01
      vertex   3.095000e+01 2.550000e+01 2.500000e+00
    endloop
  endfacet
  facet normal 9.999999e-01 0.000000e+00 -3.999804e-04
    outer loop
      vertex   3.095000e+01 2.550000e+01 2.500000e+00
      vertex   3.094922e+01 2.542403e+01 5.500000e-01
      vertex   3.094922e+01 2.557597e+01 5.500000e-01
    endloop
  endfacet
  facet normal 9.997891e-01 2.053184e-02 3.999804e-04
    outer loop
      vertex   3.095000e+01 2.550000e+01 2.500000e+00
      vertex   3.094922e+01 2.557597e+01 5.500000e-01
      vertex   3.094688e+01 2.565190e+01 2.500000e+00
    endloop
  endfacet
  facet normal 9.991568e-01 4.105503e-02 -3.999804e-04
    outer loop
      vertex   3.094688e+01 2.565190e+01 2.500000e+00
      vertex   3.094922e+01 2.557597e+01 5.500000e-01
      vertex   3.094298e+01 2.572778e+01 5.500000e-01
    endloop
  endfacet
  facet normal 9.981032e-01 6.156090e-02 3.999804e-04
    outer loop
      vertex   3.094688e+01 2.565190e+01 2.500000e+00
      vertex   3.094298e+01 2.572778e+01 5.500000e-01
      vertex   3.093753e+01 2.580355e+01 2.500000e+00
    endloop
  endfacet
  facet normal 9.966289e-01 8.204082e-02 -3.999804e-04
    outer loop
      vertex   3.093753e+01 2.580355e+01 2.500000e+00
      vertex   3.094298e+01 2.572778e+01 5.500000e-01
      vertex   3.093052e+01 2.587920e+01 5.500000e-01
    endloop
  endfacet
  facet normal 9.947344e-01 1.024862e-01 3.999804e-04
    outer loop
      vertex   3.093753e+01 2.580355e+01 2.500000e+00
      vertex   3.093052e+01 2.587920e+01 5.500000e-01
      vertex   3.092196e+01 2.595469e+01 2.500000e+00
    endloop
  endfacet
  facet normal 9.924204e-01 1.228883e-01 -3.999804e-04
    outer loop
      vertex   3.092196e+01 2.595469e+01 2.500000e+00
      vertex   3.093052e+01 2.587920e+01 5.500000e-01
      vertex   3.091185e+01 2.602998e+01 5.500000e-01
    endloop
  endfacet
  facet normal 9.896881e-01 1.432386e-01 3.999804e-04
    outer loop
      vertex   3.092196e+01 2.595469e+01 2.500000e+00
      vertex   3.091185e+01 2.602998e+01 5.500000e-01
      vertex   3.090019e+01 2.610506e+01 2.500000e+00
    endloop
  endfacet
  facet normal 9.865385e-01 1.635285e-01 -3.999804e-04
    outer loop
      vertex   3.090019e+01 2.610506e+01 2.500000e+00
      vertex   3.091185e+01 2.602998e+01 5.500000e-01
      vertex   3.088700e+01 2.617987e+01 5.500000e-01
    endloop
  endfacet
  facet normal 9.829730e-01 1.837495e-01 3.999804e-04
    outer loop
      vertex   3.090019e+01 2.610506e+01 2.500000e+00
      vertex   3.088700e+01 2.617987e+01 5.500000e-01
      vertex   3.087227e+01 2.625440e+01 2.500000e+00
    endloop
  endfacet
  facet normal 9.789931e-01 2.038930e-01 -3.999804e-04
    outer loop
      vertex   3.087227e+01 2.625440e+01 2.500000e+00
      vertex   3.088700e+01 2.617987e+01 5.500000e-01
      vertex   3.085602e+01 2.632862e+01 5.500000e-01
    endloop
  endfacet
  facet normal 9.746004e-01 2.239506e-01 3.999804e-04
    outer loop
      vertex   3.087227e+01 2.625440e+01 2.500000e+00
      vertex   3.085602e+01 2.632862e+01 5.500000e-01
      vertex   3.083825e+01 2.640248e+01 2.500000e+00
    endloop
  endfacet
  facet normal 9.697969e-01 2.439137e-01 -3.999804e-04
    outer loop
      vertex   3.083825e+01 2.640248e+01 2.500000e+00
      vertex   3.085602e+01 2.632862e+01 5.500000e-01
      vertex   3.081896e+01 2.647596e+01 5.500000e-01
    endloop
  endfacet
  facet normal 9.645844e-01 2.637740e-01 3.999804e-04
    outer loop
      vertex   3.083825e+01 2.640248e+01 2.500000e+00
      vertex   3.081896e+01 2.647596e+01 5.500000e-01
      vertex   3.079817e+01 2.654904e+01 2.500000e+00
    endloop
  endfacet
  facet normal 9.589653e-01 2.835231e-01 -3.999804e-04
    outer loop
      vertex   3.079817e+01 2.654904e+01 2.500000e+00
      vertex   3.081896e+01 2.647596e+01 5.500000e-01
      vertex   3.077589e+01 2.662166e+01 5.500000e-01
    endloop
  endfacet
  facet normal 9.529419e-01 3.031526e-01 3.999804e-04
    outer loop
      vertex   3.079817e+01 2.654904e+01 2.500000e+00
      vertex   3.077589e+01 2.662166e+01 5.500000e-01
      vertex   3.075211e+01 2.669382e+01 2.500000e+00
    endloop
  endfacet
  facet normal 9.465168e-01 3.226544e-01 -3.999804e-04
    outer loop
      vertex   3.075211e+01 2.669382e+01 2.500000e+00
      vertex   3.077589e+01 2.662166e+01 5.500000e-01
      vertex   3.072686e+01 2.676547e+01 5.500000e-01
    endloop
  endfacet
  facet normal 9.396925e-01 3.420201e-01 3.999804e-04
    outer loop
      vertex   3.075211e+01 2.669382e+01 2.500000e+00
      vertex   3.072686e+01 2.676547e+01 5.500000e-01
      vertex   3.070015e+01 2.683659e+01 2.500000e+00
    endloop
  endfacet
  facet normal 9.324722e-01 3.612416e-01 -3.999804e-04
    outer loop
      vertex   3.070015e+01 2.683659e+01 2.500000e+00
      vertex   3.072686e+01 2.676547e+01 5.500000e-01
      vertex   3.067198e+01 2.690715e+01 5.500000e-01
    endloop
  endfacet
  facet normal 9.248586e-01 3.803109e-01 3.999804e-04
    outer loop
      vertex   3.070015e+01 2.683659e+01 2.500000e+00
      vertex   3.067198e+01 2.690715e+01 5.500000e-01
      vertex   3.064236e+01 2.697711e+01 2.500000e+00
    endloop
  endfacet
  facet normal 9.168552e-01 3.992197e-01 -3.999804e-04
    outer loop
      vertex   3.064236e+01 2.697711e+01 2.500000e+00
      vertex   3.067198e+01 2.690715e+01 5.500000e-01
      vertex   3.061132e+01 2.704645e+01 5.500000e-01
    endloop
  endfacet
  facet normal 9.084652e-01 4.179603e-01 3.999804e-04
    outer loop
      vertex   3.064236e+01 2.697711e+01 2.500000e+00
      vertex   3.061132e+01 2.704645e+01 5.500000e-01
      vertex   3.057886e+01 2.711514e+01 2.500000e+00
    endloop
  endfacet
  facet normal 8.996922e-01 4.365247e-01 -3.999804e-04
    outer loop
      vertex   3.057886e+01 2.711514e+01 2.500000e+00
      vertex   3.061132e+01 2.704645e+01 5.500000e-01
      vertex   3.054500e+01 2.718315e+01 5.500000e-01
    endloop
  endfacet
  facet normal 8.905399e-01 4.549050e-01 3.999804e-04
    outer loop
      vertex   3.057886e+01 2.711514e+01 2.500000e+00
      vertex   3.054500e+01 2.718315e+01 5.500000e-01
      vertex   3.050975e+01 2.725045e+01 2.500000e+00
    endloop
  endfacet
  facet normal 8.810121e-01 4.730935e-01 -3.999804e-04
    outer loop
      vertex   3.050975e+01 2.725045e+01 2.500000e+00
      vertex   3.054500e+01 2.718315e+01 5.500000e-01
      vertex   3.047312e+01 2.731701e+01 5.500000e-01
    endloop
  endfacet
  facet normal 8.711129e-01 4.910826e-01 3.999804e-04
    outer loop
      vertex   3.050975e+01 2.725045e+01 2.500000e+00
      vertex   3.047312e+01 2.731701e+01 5.500000e-01
      vertex   3.043513e+01 2.738280e+01 2.500000e+00
    endloop
  endfacet
  facet normal 8.608465e-01 5.088646e-01 -3.999804e-04
    outer loop
      vertex   3.043513e+01 2.738280e+01 2.500000e+00
      vertex   3.047312e+01 2.731701e+01 5.500000e-01
      vertex   3.039580e+01 2.744780e+01 5.500000e-01
    endloop
  endfacet
  facet normal 8.502171e-01 5.264321e-01 3.999804e-04
    outer loop
      vertex   3.043513e+01 2.738280e+01 2.500000e+00
      vertex   3.039580e+01 2.744780e+01 5.500000e-01
      vertex   3.035515e+01 2.751198e+01 2.500000e+00
    endloop
  endfacet
  facet normal 8.392292e-01 5.437777e-01 -3.999804e-04
    outer loop
      vertex   3.035515e+01 2.751198e+01 2.500000e+00
      vertex   3.039580e+01 2.744780e+01 5.500000e-01
      vertex   3.031318e+01 2.757531e+01 5.500000e-01
    endloop
  endfacet
  facet normal 8.278876e-01 5.608940e-01 3.999804e-04
    outer loop
      vertex   3.035515e+01 2.751198e+01 2.500000e+00
      vertex   3.031318e+01 2.757531e+01 5.500000e-01
      vertex   3.026993e+01 2.763776e+01 2.500000e+00
    endloop
  endfacet
  facet normal 8.161968e-01 5.777738e-01 -3.999804e-04
    outer loop
      vertex   3.026993e+01 2.763776e+01 2.500000e+00
      vertex   3.031318e+01 2.757531e+01 5.500000e-01
      vertex   3.022540e+01 2.769932e+01 5.500000e-01
    endloop
  endfacet
  facet normal 8.041620e-01 5.944100e-01 3.999804e-04
    outer loop
      vertex   3.026993e+01 2.763776e+01 2.500000e+00
      vertex   3.022540e+01 2.769932e+01 5.500000e-01
      vertex   3.017962e+01 2.775994e+01 2.500000e+00
    endloop
  endfacet
  facet normal 7.917882e-01 6.107956e-01 -3.999804e-04
    outer loop
      vertex   3.017962e+01 2.775994e+01 2.500000e+00
      vertex   3.022540e+01 2.769932e+01 5.500000e-01
      vertex   3.013260e+01 2.781962e+01 5.500000e-01
    endloop
  endfacet
  facet normal 7.790805e-01 6.269238e-01 3.999804e-04
    outer loop
      vertex   3.017962e+01 2.775994e+01 2.500000e+00
      vertex   3.013260e+01 2.781962e+01 5.500000e-01
      vertex   3.008436e+01 2.787831e+01 2.500000e+00
    endloop
  endfacet
  facet normal 7.660444e-01 6.427876e-01 -3.999804e-04
    outer loop
      vertex   3.008436e+01 2.787831e+01 2.500000e+00
      vertex   3.013260e+01 2.781962e+01 5.500000e-01
      vertex   3.003494e+01 2.793601e+01 5.500000e-01
    endloop
  endfacet
  facet normal 7.526853e-01 6.583804e-01 3.999804e-04
    outer loop
      vertex   3.008436e+01 2.787831e+01 2.500000e+00
      vertex   3.003494e+01 2.793601e+01 5.500000e-01
      vertex   2.998433e+01 2.799267e+01 2.500000e+00
    endloop
  endfacet
  facet normal 7.390089e-01 6.736956e-01 -3.999804e-04
    outer loop
      vertex   2.998433e+01 2.799267e+01 2.500000e+00
      vertex   3.003494e+01 2.793601e+01 5.500000e-01
      vertex   2.993258e+01 2.804829e+01 5.500000e-01
    endloop
  endfacet
  facet normal 7.250209e-01 6.887268e-01 3.999804e-04
    outer loop
      vertex   2.998433e+01 2.799267e+01 2.500000e+00
      vertex   2.993258e+01 2.804829e+01 5.500000e-01
      vertex   2.987969e+01 2.810283e+01 2.500000e+00
    endloop
  endfacet
  facet normal 7.107272e-01 7.034676e-01 -3.999804e-04
    outer loop
      vertex   2.987969e+01 2.810283e+01 2.500000e+00
      vertex   2.993258e+01 2.804829e+01 5.500000e-01
      vertex   2.982570e+01 2.815627e+01 5.500000e-01
    endloop
  endfacet
  facet normal 6.961339e-01 7.179119e-01 3.999804e-04
    outer loop
      vertex   2.987969e+01 2.810283e+01 2.500000e+00
      vertex   2.982570e+01 2.815627e+01 5.500000e-01
      vertex   2.977061e+01 2.820860e+01 2.500000e+00
    endloop
  endfacet
  facet normal 6.812471e-01 7.320534e-01 -3.999804e-04
    outer loop
      vertex   2.977061e+01 2.820860e+01 2.500000e+00
      vertex   2.982570e+01 2.815627e+01 5.500000e-01
      vertex   2.971447e+01 2.825978e+01 5.500000e-01
    endloop
  endfacet
  facet normal 6.660731e-01 7.458864e-01 3.999804e-04
    outer loop
      vertex   2.977061e+01 2.820860e+01 2.500000e+00
      vertex   2.971447e+01 2.825978e+01 5.500000e-01
      vertex   2.965729e+01 2.830980e+01 2.500000e+00
    endloop
  endfacet
  facet normal 6.506182e-01 7.594049e-01 -3.999804e-04
    outer loop
      vertex   2.965729e+01 2.830980e+01 2.500000e+00
      vertex   2.971447e+01 2.825978e+01 5.500000e-01
      vertex   2.959909e+01 2.835863e+01 5.500000e-01
    endloop
  endfacet
  facet normal 6.348891e-01 7.726032e-01 3.999804e-04
    outer loop
      vertex   2.965729e+01 2.830980e+01 2.500000e+00
      vertex   2.959909e+01 2.835863e+01 5.500000e-01
      vertex   2.953990e+01 2.840626e+01 2.500000e+00
    endloop
  endfacet
  facet normal 6.188923e-01 7.854757e-01 -3.999804e-04
    outer loop
      vertex   2.953990e+01 2.840626e+01 2.500000e+00
      vertex   2.959909e+01 2.835863e+01 5.500000e-01
      vertex   2.947975e+01 2.845266e+01 5.500000e-01
    endloop
  endfacet
  facet normal 6.026346e-01 7.980172e-01 3.999804e-04
    outer loop
      vertex   2.953990e+01 2.840626e+01 2.500000e+00
      vertex   2.947975e+01 2.845266e+01 5.500000e-01
      vertex   2.941865e+01 2.849782e+01 2.500000e+00
    endloop
  endfacet
  facet normal 5.861228e-01 8.102221e-01 -3.999804e-04
    outer loop
      vertex   2.941865e+01 2.849782e+01 2.500000e+00
      vertex   2.947975e+01 2.845266e+01 5.500000e-01
      vertex   2.935665e+01 2.854172e+01 5.500000e-01
    endloop
  endfacet
  facet normal 5.693639e-01 8.220855e-01 3.999804e-04
    outer loop
      vertex   2.941865e+01 2.849782e+01 2.500000e+00
      vertex   2.935665e+01 2.854172e+01 5.500000e-01
      vertex   2.929375e+01 2.858433e+01 2.500000e+00
    endloop
  endfacet
  facet normal 5.523649e-01 8.336023e-01 -3.999804e-04
    outer loop
      vertex   2.929375e+01 2.858433e+01 2.500000e+00
      vertex   2.935665e+01 2.854172e+01 5.500000e-01
      vertex   2.922999e+01 2.862564e+01 5.500000e-01
    endloop
  endfacet
  facet normal 5.351331e-01 8.447677e-01 3.999804e-04
    outer loop
      vertex   2.929375e+01 2.858433e+01 2.500000e+00
      vertex   2.922999e+01 2.862564e+01 5.500000e-01
      vertex   2.916540e+01 2.866563e+01 2.500000e+00
    endloop
  endfacet
  facet normal 5.176757e-01 8.555769e-01 -3.999804e-04
    outer loop
      vertex   2.916540e+01 2.866563e+01 2.500000e+00
      vertex   2.922999e+01 2.862564e+01 5.500000e-01
      vertex   2.910000e+01 2.870429e+01 5.500000e-01
    endloop
  endfacet
  facet normal 5.000000e-01 8.660253e-01 3.999804e-04
    outer loop
      vertex   2.916540e+01 2.866563e+01 2.500000e+00
      vertex   2.910000e+01 2.870429e+01 5.500000e-01
      vertex   2.903382e+01 2.874160e+01 2.500000e+00
    endloop
  endfacet
  facet normal 4.821135e-01 8.761087e-01 -3.999804e-04
    outer loop
      vertex   2.903382e+01 2.874160e+01 2.500000e+00
      vertex   2.910000e+01 2.870429e+01 5.500000e-01
      vertex   2.896689e+01 2.877754e+01 5.500000e-01
    endloop
  endfacet
  facet normal 4.640237e-01 8.858227e-01 3.999804e-04
    outer loop
      vertex   2.903382e+01 2.874160e+01 2.500000e+00
      vertex   2.896689e+01 2.877754e+01 5.500000e-01
      vertex   2.889923e+01 2.881210e+01 2.500000e+00
    endloop
  endfacet
  facet normal 4.457383e-01 8.951632e-01 -3.999804e-04
    outer loop
      vertex   2.889923e+01 2.881210e+01 2.500000e+00
      vertex   2.896689e+01 2.877754e+01 5.500000e-01
      vertex   2.883088e+01 2.884527e+01 5.500000e-01
    endloop
  endfacet
  facet normal 4.272650e-01 9.041263e-01 3.999804e-04
    outer loop
      vertex   2.889923e+01 2.881210e+01 2.500000e+00
      vertex   2.883088e+01 2.884527e+01 5.500000e-01
      vertex   2.876186e+01 2.887702e+01 2.500000e+00
    endloop
  endfacet
  facet normal 4.086116e-01 9.127083e-01 -3.999804e-04
    outer loop
      vertex   2.876186e+01 2.887702e+01 2.500000e+00
      vertex   2.883088e+01 2.884527e+01 5.500000e-01
      vertex   2.869221e+01 2.890735e+01 5.500000e-01
    endloop
  endfacet
  facet normal 3.897858e-01 9.209054e-01 3.999804e-04
    outer loop
      vertex   2.876186e+01 2.887702e+01 2.500000e+00
      vertex   2.869221e+01 2.890735e+01 5.500000e-01
      vertex   2.862194e+01 2.893624e+01 2.500000e+00
    endloop
  endfacet
  facet normal 3.707958e-01 9.287143e-01 -3.999804e-04
    outer loop
      vertex   2.862194e+01 2.893624e+01 2.500000e+00
      vertex   2.869221e+01 2.890735e+01 5.500000e-01
      vertex   2.855110e+01 2.896369e+01 5.500000e-01
    endloop
  endfacet
  facet normal 3.516494e-01 9.361317e-01 3.999804e-04
    outer loop
      vertex   2.862194e+01 2.893624e+01 2.500000e+00
      vertex   2.855110e+01 2.896369e+01 5.500000e-01
      vertex   2.847971e+01 2.898967e+01 2.500000e+00
    endloop
  endfacet
  facet normal 3.323548e-01 9.431544e-01 -3.999804e-04
    outer loop
      vertex   2.847971e+01 2.898967e+01 2.500000e+00
      vertex   2.855110e+01 2.896369e+01 5.500000e-01
      vertex   2.840780e+01 2.901418e+01 5.500000e-01
    endloop
  endfacet
  facet normal 3.129200e-01 9.497794e-01 3.999804e-04
    outer loop
      vertex   2.847971e+01 2.898967e+01 2.500000e+00
      vertex   2.840780e+01 2.901418e+01 5.500000e-01
      vertex   2.833541e+01 2.903722e+01 2.500000e+00
    endloop
  endfacet
  facet normal 2.933533e-01 9.560040e-01 -3.999804e-04
    outer loop
      vertex   2.833541e+01 2.903722e+01 2.500000e+00
      vertex   2.840780e+01 2.901418e+01 5.500000e-01
      vertex   2.826255e+01 2.905875e+01 5.500000e-01
    endloop
  endfacet
  facet normal 2.736630e-01 9.618256e-01 3.999804e-04
    outer loop
      vertex   2.833541e+01 2.903722e+01 2.500000e+00
      vertex   2.826255e+01 2.905875e+01 5.500000e-01
      vertex   2.818927e+01 2.907879e+01 2.500000e+00
    endloop
  endfacet
  facet normal 2.538572e-01 9.672416e-01 -3.999804e-04
    outer loop
      vertex   2.818927e+01 2.907879e+01 2.500000e+00
      vertex   2.826255e+01 2.905875e+01 5.500000e-01
      vertex   2.811559e+01 2.909732e+01 5.500000e-01
    endloop
  endfacet
  facet normal 2.339445e-01 9.722499e-01 3.999804e-04
    outer loop
      vertex   2.818927e+01 2.907879e+01 2.500000e+00
      vertex   2.811559e+01 2.909732e+01 5.500000e-01
      vertex   2.804155e+01 2.911434e+01 2.500000e+00
    endloop
  endfacet
  facet normal 2.139331e-01 9.768482e-01 -3.999804e-04
    outer loop
      vertex   2.804155e+01 2.911434e+01 2.500000e+00
      vertex   2.811559e+01 2.909732e+01 5.500000e-01
      vertex   2.796718e+01 2.912983e+01 5.500000e-01
    endloop
  endfacet
  facet normal 1.938315e-01 9.810348e-01 3.999804e-04
    outer loop
      vertex   2.804155e+01 2.911434e+01 2.500000e+00
      vertex   2.796718e+01 2.912983e+01 5.500000e-01
      vertex   2.789250e+01 2.914379e+01 2.500000e+00
    endloop
  endfacet
  facet normal 1.736482e-01 9.848077e-01 -3.999804e-04
    outer loop
      vertex   2.789250e+01 2.914379e+01 2.500000e+00
      vertex   2.796718e+01 2.912983e+01 5.500000e-01
      vertex   2.781755e+01 2.915621e+01 5.500000e-01
    endloop
  endfacet
  facet normal 1.533916e-01 9.881654e-01 3.999804e-04
    outer loop
      vertex   2.789250e+01 2.914379e+01 2.500000e+00
      vertex   2.781755e+01 2.915621e+01 5.500000e-01
      vertex   2.774236e+01 2.916709e+01 2.500000e+00
    endloop
  endfacet
  facet normal 1.330705e-01 9.911065e-01 -3.999804e-04
    outer loop
      vertex   2.774236e+01 2.916709e+01 2.500000e+00
      vertex   2.781755e+01 2.915621e+01 5.500000e-01
      vertex   2.766696e+01 2.917643e+01 5.500000e-01
    endloop
  endfacet
  facet normal 1.126932e-01 9.936298e-01 3.999804e-04
    outer loop
      vertex   2.774236e+01 2.916709e+01 2.500000e+00
      vertex   2.766696e+01 2.917643e+01 5.500000e-01
      vertex   2.759139e+01 2.918422e+01 2.500000e+00
    endloop
  endfacet
  facet normal 9.226835e-02 9.957341e-01 -3.999804e-04
    outer loop
      vertex   2.759139e+01 2.918422e+01 2.500000e+00
      vertex   2.766696e+01 2.917643e+01 5.500000e-01
      vertex   2.751568e+01 2.919045e+01 5.500000e-01
    endloop
  endfacet
  facet normal 7.180465e-02 9.974186e-01 3.999804e-04
    outer loop
      vertex   2.759139e+01 2.918422e+01 2.500000e+00
      vertex   2.751568e+01 2.919045e+01 5.500000e-01
      vertex   2.743985e+01 2.919513e+01 2.500000e+00
    endloop
  endfacet
  facet normal 5.131067e-02 9.986827e-01 -3.999804e-04
    outer loop
      vertex   2.743985e+01 2.919513e+01 2.500000e+00
      vertex   2.751568e+01 2.919045e+01 5.500000e-01
      vertex   2.736394e+01 2.919825e+01 5.500000e-01
    endloop
  endfacet
  facet normal 3.079506e-02 9.995256e-01 3.999804e-04
    outer loop
      vertex   2.743985e+01 2.919513e+01 2.500000e+00
      vertex   2.736394e+01 2.919825e+01 5.500000e-01
      vertex   2.728799e+01 2.919981e+01 2.500000e+00
    endloop
  endfacet
  facet normal 1.026646e-02 9.999472e-01 -3.999804e-04
    outer loop
      vertex   2.728799e+01 2.919981e+01 2.500000e+00
      vertex   2.736394e+01 2.919825e+01 5.500000e-01
      vertex   2.721201e+01 2.919981e+01 5.500000e-01
    endloop
  endfacet
  facet normal -1.026646e-02 9.999472e-01 3.999804e-04
    outer loop
      vertex   2.728799e+01 2.919981e+01 2.500000e+00
      vertex   2.721201e+01 2.919981e+01 5.500000e-01
      vertex   2.713606e+01 2.919825e+01 2.500000e+00
    endloop
  endfacet
  facet normal -3.079506e-02 9.995256e-01 -3.999804e-04
    outer loop
      vertex   2.713606e+01 2.919825e+01 2.500000e+00
      vertex   2.721201e+01 2.919981e+01 5.500000e-01
      vertex   2.706015e+01 2.919513e+01 5.500000e-01
    endloop
  endfacet
  facet normal -5.131067e-02 9.986827e-01 3.999804e-04
    outer loop
      vertex   2.713606e+01 2.919825e+01 2.500000e+00
      vertex   2.706015e+01 2.919513e+01 5.500000e-01
      vertex   2.698432e+01 2.919045e+01 2.500000e+00
    endloop
  endfacet
  facet normal -7.180465e-02 9.974186e-01 -3.999804e-04
    outer loop
      vertex   2.698432e+01 2.919045e+01 2.500000e+00
      vertex   2.706015e+01 2.919513e+01 5.500000e-01
      vertex   2.690861e+01 2.918422e+01 5.500000e-01
    endloop
  endfacet
  facet normal -9.226835e-02 9.957341e-01 3.999804e-04
    outer loop
      vertex   2.698432e+01 2.919045e+01 2.500000e+00
      vertex   2.690861e+01 2.918422e+01 5.500000e-01
      vertex   2.683304e+01 2.917643e+01 2.500000e+00
    endloop
  endfacet
  facet normal -1.126932e-01 9.936298e-01 -3.999804e-04
    outer loop
      vertex   2.683304e+01 2.917643e+01 2.500000e+00
      vertex   2.690861e+01 2.918422e+01 5.500000e-01
      vertex   2.675764e+01 2.916709e+01 5.500000e-01
    endloop
  endfacet
  facet normal -1.330705e-01 9.911065e-01 3.999804e-04
    outer loop
      vertex   2.683304e+01 2.917643e+01 2.500000e+00
      vertex   2.675764e+01 2.916709e+01 5.500000e-01
      vertex   2.668245e+01 2.915621e+01 2.500000e+00
    endloop
  endfacet
  facet normal -1.533916e-01 9.881654e-01 -3.999804e-04
    outer loop
      vertex   2.668245e+01 2.915621e+01 2.500000e+00
      vertex   2.675764e+01 2.916709e+01 5.500000e-01
      vertex   2.660750e+01 2.914379e+01 5.500000e-01
    endloop
  endfacet
  facet normal -1.736482e-01 9.848077e-01 3.999804e-04
    outer loop
      vertex   2.668245e+01 2.915621e+01 2.500000e+00
      vertex   2.660750e+01 2.914379e+01 5.500000e-01
      vertex   2.653282e+01 2.912983e+01 2.500000e+00
    endloop
  endfacet
  facet normal -1.938315e-01 9.810348e-01 -3.999804e-04
    outer loop
      vertex   2.653282e+01 2.912983e+01 2.500000e+00
      vertex   2.660750e+01 2.914379e+01 5.500000e-01
      vertex   2.645845e+01 2.911434e+01 5.500000e-01
    endloop
  endfacet
  facet normal -2.139331e-01 9.768482e-01 3.999804e-04
    outer loop
      vertex   2.653282e+01 2.912983e+01 2.500000e+00
      vertex   2.645845e+01 2.911434e+01 5.500000e-01
      vertex   2.638441e+01 2.909732e+01 2.500000e+00
    endloop
  endfacet
  facet normal -2.339445e-01 9.722499e-01 -3.999804e-04
    outer loop
      vertex   2.638441e+01 2.909732e+01 2.500000e+00
      vertex   2.645845e+01 2.911434e+01 5.500000e-01
      vertex   2.631073e+01 2.907879e+01 5.500000e-01
    endloop
  endfacet
  facet normal -2.538572e-01 9.672416e-01 3.999804e-04
    outer loop
      vertex   2.638441e+01 2.909732e+01 2.500000e+00
      vertex   2.631073e+01 2.907879e+01 5.500000e-01
      vertex   2.623745e+01 2.905875e+01 2.500000e+00
    endloop
  endfacet
  facet normal -2.736630e-01 9.618256e-01 -3.999804e-04
    outer loop
      vertex   2.623745e+01 2.905875e+01 2.500000e+00
      vertex   2.631073e+01 2.907879e+01 5.500000e-01
      vertex   2.616459e+01 2.903722e+01 5.500000e-01
    endloop
  endfacet
  facet normal -2.933533e-01 9.560040e-01 3.999804e-04
    outer loop
      vertex   2.623745e+01 2.905875e+01 2.500000e+00
      vertex   2.616459e+01 2.903722e+01 5.500000e-01
      vertex   2.609220e+01 2.901418e+01 2.500000e+00
    endloop
  endfacet
  facet normal -3.129200e-01 9.497794e-01 -3.999804e-04
    outer loop
      vertex   2.609220e+01 2.901418e+01 2.500000e+00
      vertex   2.616459e+01 2.903722e+01 5.500000e-01
      vertex   2.602029e+01 2.898967e+01 5.500000e-01
    endloop
  endfacet
  facet normal -3.323548e-01 9.431544e-01 3.999804e-04
    outer loop
      vertex   2.609220e+01 2.901418e+01 2.500000e+00
      vertex   2.602029e+01 2.898967e+01 5.500000e-01
      vertex   2.594890e+01 2.896369e+01 2.500000e+00
    endloop
  endfacet
  facet normal -3.516494e-01 9.361317e-01 -3.999804e-04
    outer loop
      vertex   2.594890e+01 2.896369e+01 2.500000e+00
      vertex   2.602029e+01 2.898967e+01 5.500000e-01
      vertex   2.587806e+01 2.893624e+01 5.500000e-01
    endloop
  endfacet
  facet normal -3.707958e-01 9.287143e-01 3.999804e-04
    outer loop
      vertex   2.594890e+01 2.896369e+01 2.500000e+00
      vertex   2.587806e+01 2.893624e+01 5.500000e-01
      vertex   2.580779e+01 2.890735e+01 2.500000e+00
    endloop
  endfacet
  facet normal -3.897858e-01 9.209054e-01 -3.999804e-04
    outer loop
      vertex   2.580779e+01 2.890735e+01 2.500000e+00
      vertex   2.587806e+01 2.893624e+01 5.500000e-01
      vertex   2.573814e+01 2.887702e+01 5.500000e-01
    endloop
  endfacet
  facet normal -4.086116e-01 9.127083e-01 3.999804e-04
    outer loop
      vertex   2.580779e+01 2.890735e+01 2.500000e+00
      vertex   2.573814e+01 2.887702e+01 5.500000e-01
      vertex   2.566912e+01 2.884527e+01 2.500000e+00
    endloop
  endfacet
  facet normal -4.272650e-01 9.041263e-01 -3.999804e-04
    outer loop
      vertex   2.566912e+01 2.884527e+01 2.500000e+00
      vertex   2.573814e+01 2.887702e+01 5.500000e-01
      vertex   2.560077e+01 2.881210e+01 5.500000e-01
    endloop
  endfacet
  facet normal -4.457383e-01 8.951632e-01 3.999804e-04
    outer loop
      vertex   2.566912e+01 2.884527e+01 2.500000e+00
      vertex   2.560077e+01 2.881210e+01 5.500000e-01
      vertex   2.553311e+01 2.877754e+01 2.500000e+00
    endloop
  endfacet
  facet normal -4.640237e-01 8.858227e-01 -3.999804e-04
    outer loop
      vertex   2.553311e+01 2.877754e+01 2.500000e+00
      vertex   2.560077e+01 2.881210e+01 5.500000e-01
      vertex   2.546618e+01 2.874160e+01 5.500000e-01
    endloop
  endfacet
  facet normal -4.821135e-01 8.761087e-01 3.999804e-04
    outer loop
      vertex   2.553311e+01 2.877754e+01 2.500000e+00
      vertex   2.546618e+01 2.874160e+01 5.500000e-01
      vertex   2.540000e+01 2.870429e+01 2.500000e+00
    endloop
  endfacet
  facet normal -5.000000e-01 8.660253e-01 -3.999804e-04
    outer loop
      vertex   2.540000e+01 2.870429e+01 2.500000e+00
      vertex   2.546618e+01 2.874160e+01 5.500000e-01
      vertex   2.533460e+01 2.866563e+01 5.500000e-01
    endloop
  endfacet
  facet normal -5.176757e-01 8.555769e-01 3.999804e-04
    outer loop
      vertex   2.540000e+01 2.870429e+01 2.500000e+00
      vertex   2.533460e+01 2.866563e+01 5.500000e-01
      vertex   2.527001e+01 2.862564e+01 2.500000e+00
    endloop
  endfacet
  facet normal -5.351331e-01 8.447677e-01 -3.999804e-04
    outer loop
      vertex   2.527001e+01 2.862564e+01 2.500000e+00
      vertex   2.533460e+01 2.866563e+01 5.500000e-01
      vertex   2.520625e+01 2.858433e+01 5.500000e-01
    endloop
  endfacet
  facet normal -5.523649e-01 8.336023e-01 3.999804e-04
    outer loop
      vertex   2.527001e+01 2.862564e+01 2.500000e+00
      vertex   2.520625e+01 2.858433e+01 5.500000e-01
      vertex   2.514335e+01 2.854172e+01 2.500000e+00
    endloop
  endfacet
  facet normal -5.693639e-01 8.220855e-01 -3.999804e-04
    outer loop
      vertex   2.514335e+01 2.854172e+01 2.500000e+00
      vertex   2.520625e+01 2.858433e+01 5.500000e-01
      vertex   2.508135e+01 2.849782e+01 5.500000e-01
    endloop
  endfacet
  facet normal -5.861228e-01 8.102221e-01 3.999804e-04
    outer loop
      vertex   2.514335e+01 2.854172e+01 2.500000e+00
      vertex   2.508135e+01 2.849782e+01 5.500000e-01
      vertex   2.502025e+01 2.845266e+01 2.500000e+00
    endloop
  endfacet
  facet normal -6.026346e-01 7.980172e-01 -3.999804e-04
    outer loop
      vertex   2.502025e+01 2.845266e+01 2.500000e+00
      vertex   2.508135e+01 2.849782e+01 5.500000e-01
      vertex   2.496010e+01 2.840626e+01 5.500000e-01
    endloop
  endfacet
  facet normal -6.188923e-01 7.854757e-01 3.999804e-04
    outer loop
      vertex   2.502025e+01 2.845266e+01 2.500000e+00
      vertex   2.496010e+01 2.840626e+01 5.500000e-01
      vertex   2.490091e+01 2.835863e+01 2.500000e+00
    endloop
  endfacet
  facet normal -6.348891e-01 7.726032e-01 -3.999804e-04
    outer loop
      vertex   2.490091e+01 2.835863e+01 2.500000e+00
      vertex   2.496010e+01 2.840626e+01 5.500000e-01
      vertex   2.484271e+01 2.830980e+01 5.500000e-01
    endloop
  endfacet
  facet normal -6.506182e-01 7.594049e-01 3.999804e-04
    outer loop
      vertex   2.490091e+01 2.835863e+01 2.500000e+00
      vertex   2.484271e+01 2.830980e+01 5.500000e-01
      vertex   2.478553e+01 2.825978e+01 2.500000e+00
    endloop
  endfacet
  facet normal -6.660731e-01 7.458864e-01 -3.999804e-04
    outer loop
      vertex   2.478553e+01 2.825978e+01 2.500000e+00
      vertex   2.484271e+01 2.830980e+01 5.500000e-01
      vertex   2.472939e+01 2.820860e+01 5.500000e-01
    endloop
  endfacet
  facet normal -6.812471e-01 7.320534e-01 3.999804e-04
    outer loop
      vertex   2.478553e+01 2.825978e+01 2.500000e+00
      vertex   2.472939e+01 2.820860e+01 5.500000e-01
      vertex   2.467430e+01 2.815627e+01 2.500000e+00
    endloop
  endfacet
  facet normal -6.961339e-01 7.179119e-01 -3.999804e-04
    outer loop
      vertex   2.467430e+01 2.815627e+01 2.500000e+00
      vertex   2.472939e+01 2.820860e+01 5.500000e-01
      vertex   2.462031e+01 2.810283e+01 5.500000e-01
    endloop
  endfacet
  facet normal -7.107272e-01 7.034676e-01 3.999804e-04
    outer loop
      vertex   2.467430e+01 2.815627e+01 2.500000e+00
      vertex   2.462031e+01 2.810283e+01 5.500000e-01
      vertex   2.456742e+01 2.804829e+01 2.500000e+00
    endloop
  endfacet
  facet normal -7.250209e-01 6.887268e-01 -3.999804e-04
    outer loop
      vertex   2.456742e+01 2.804829e+01 2.500000e+00
      vertex   2.462031e+01 2.810283e+01 5.500000e-01
      vertex   2.451567e+01 2.799267e+01 5.500000e-01
    endloop
  endfacet
  facet normal -7.390089e-01 6.736956e-01 3.999804e-04
    outer loop
      vertex   2.456742e+01 2.804829e+01 2.500000e+00
      vertex   2.451567e+01 2.799267e+01 5.500000e-01
      vertex   2.446506e+01 2.793601e+01 2.500000e+00
    endloop
  endfacet
  facet normal -7.526853e-01 6.583804e-01 -3.999804e-04
    outer loop
      vertex   2.446506e+01 2.793601e+01 2.500000e+00
      vertex   2.451567e+01 2.799267e+01 5.500000e-01
      vertex   2.441564e+01 2.787831e+01 5.500000e-01
    endloop
  endfacet
  facet normal -7.660444e-01 6.427876e-01 3.999804e-04
    outer loop
      vertex   2.446506e+01 2.793601e+01 2.500000e+00
      vertex   2.441564e+01 2.787831e+01 5.500000e-01
      vertex   2.436740e+01 2.781962e+01 2.500000e+00
    endloop
  endfacet
  facet normal -7.790805e-01 6.269238e-01 -3.999804e-04
    outer loop
      vertex   2.436740e+01 2.781962e+01 2.500000e+00
      vertex   2.441564e+01 2.787831e+01 5.500000e-01
      vertex   2.432038e+01 2.775994e+01 5.500000e-01
    endloop
  endfacet
  facet normal -7.917882e-01 6.107956e-01 3.999804e-04
    outer loop
      vertex   2.436740e+01 2.781962e+01 2.500000e+00
      vertex   2.432038e+01 2.775994e+01 5.500000e-01
      vertex   2.427460e+01 2.769932e+01 2.500000e+00
    endloop
  endfacet
  facet normal -8.041620e-01 5.944100e-01 -3.999804e-04
    outer loop
      vertex   2.427460e+01 2.769932e+01 2.500000e+00
      vertex   2.432038e+01 2.775994e+01 5.500000e-01
      vertex   2.423007e+01 2.763776e+01 5.500000e-01
    endloop
  endfacet
  facet normal -8.161968e-01 5.777738e-01 3.999804e-04
    outer loop
      vertex   2.427460e+01 2.769932e+01 2.500000e+00
      vertex   2.423007e+01 2.763776e+01 5.500000e-01
      vertex   2.418682e+01 2.757531e+01 2.500000e+00
    endloop
  endfacet
  facet normal -8.278876e-01 5.608940e-01 -3.999804e-04
    outer loop
      vertex   2.418682e+01 2.757531e+01 2.500000e+00
      vertex   2.423007e+01 2.763776e+01 5.500000e-01
      vertex   2.414485e+01 2.751198e+01 5.500000e-01
    endloop
  endfacet
  facet normal -8.392292e-01 5.437777e-01 3.999804e-04
    outer loop
      vertex   2.418682e+01 2.757531e+01 2.500000e+00
      vertex   2.414485e+01 2.751198e+01 5.500000e-01
      vertex   2.410420e+01 2.744780e+01 2.500000e+00
    endloop
  endfacet
  facet normal -8.502171e-01 5.264321e-01 -3.999804e-04
    outer loop
      vertex   2.410420e+01 2.744780e+01 2.500000e+00
      vertex   2.414485e+01 2.751198e+01 5.500000e-01
      vertex   2.406487e+01 2.738280e+01 5.500000e-01
    endloop
  endfacet
  facet normal -8.608465e-01 5.088646e-01 3.999804e-04
    outer loop
      vertex   2.410420e+01 2.744780e+01 2.500000e+00
      vertex   2.406487e+01 2.738280e+01 5.500000e-01
      vertex   2.402688e+01 2.731701e+01 2.500000e+00
    endloop
  endfacet
  facet normal -8.711129e-01 4.910826e-01 -3.999804e-04
    outer loop
      vertex   2.402688e+01 2.731701e+01 2.500000e+00
      vertex   2.406487e+01 2.738280e+01 5.500000e-01
      vertex   2.399025e+01 2.725045e+01 5.500000e-01
    endloop
  endfacet
  facet normal -8.810121e-01 4.730935e-01 3.999804e-04
    outer loop
      vertex   2.402688e+01 2.731701e+01 2.500000e+00
      vertex   2.399025e+01 2.725045e+01 5.500000e-01
      vertex   2.395500e+01 2.718315e+01 2.500000e+00
    endloop
  endfacet
  facet normal -8.905399e-01 4.549050e-01 -3.999804e-04
    outer loop
      vertex   2.395500e+01 2.718315e+01 2.500000e+00
      vertex   2.399025e+01 2.725045e+01 5.500000e-01
      vertex   2.392114e+01 2.711514e+01 5.500000e-01
    endloop
  endfacet
  facet normal -8.996922e-01 4.365247e-01 3.999804e-04
    outer loop
      vertex   2.395500e+01 2.718315e+01 2.500000e+00
      vertex   2.392114e+01 2.711514e+01 5.500000e-01
      vertex   2.388868e+01 2.704645e+01 2.500000e+00
    endloop
  endfacet
  facet normal -9.084652e-01 4.179603e-01 -3.999804e-04
    outer loop
      vertex   2.388868e+01 2.704645e+01 2.500000e+00
      vertex   2.392114e+01 2.711514e+01 5.500000e-01
      vertex   2.385764e+01 2.697711e+01 5.500000e-01
    endloop
  endfacet
  facet normal -9.168552e-01 3.992197e-01 3.999804e-04
    outer loop
      vertex   2.388868e+01 2.704645e+01 2.500000e+00
      vertex   2.385764e+01 2.697711e+01 5.500000e-01
      vertex   2.382802e+01 2.690715e+01 2.500000e+00
    endloop
  endfacet
  facet normal -9.248586e-01 3.803109e-01 -3.999804e-04
    outer loop
      vertex   2.382802e+01 2.690715e+01 2.500000e+00
      vertex   2.385764e+01 2.697711e+01 5.500000e-01
      vertex   2.379985e+01 2.683659e+01 5.500000e-01
    endloop
  endfacet
  facet normal -9.324722e-01 3.612416e-01 3.999804e-04
    outer loop
      vertex   2.382802e+01 2.690715e+01 2.500000e+00
      vertex   2.379985e+01 2.683659e+01 5.500000e-01
      vertex   2.377314e+01 2.676547e+01 2.500000e+00
    endloop
  endfacet
  facet normal -9.396925e-01 3.420201e-01 -3.999804e-04
    outer loop
      vertex   2.377314e+01 2.676547e+01 2.500000e+00
      vertex   2.379985e+01 2.683659e+01 5.500000e-01
      vertex   2.374789e+01 2.669382e+01 5.500000e-01
    endloop
  endfacet
  facet normal -9.465168e-01 3.226544e-01 3.999804e-04
    outer loop
      vertex   2.377314e+01 2.676547e+01 2.500000e+00
      vertex   2.374789e+01 2.669382e+01 5.500000e-01
      vertex   2.372411e+01 2.662166e+01 2.500000e+00
    endloop
  endfacet
  facet normal -9.529419e-01 3.031526e-01 -3.999804e-04
    outer loop
      vertex   2.372411e+01 2.662166e+01 2.500000e+00
      vertex   2.374789e+01 2.669382e+01 5.500000e-01
      vertex   2.370183e+01 2.654904e+01 5.500000e-01
    endloop
  endfacet
  facet normal -9.589653e-01 2.835231e-01 3.999804e-04
    outer loop
      vertex   2.372411e+01 2.662166e+01 2.500000e+00
      vertex   2.370183e+01 2.654904e+01 5.500000e-01
      vertex   2.368104e+01 2.647596e+01 2.500000e+00
    endloop
  endfacet
  facet normal -9.645844e-01 2.637740e-01 -3.999804e-04
    outer loop
      vertex   2.368104e+01 2.647596e+01 2.500000e+00
      vertex   2.370183e+01 2.654904e+01 5.500000e-01
      vertex   2.366175e+01 2.640248e+01 5.500000e-01
    endloop
  endfacet
  facet normal -9.697969e-01 2.439137e-01 3.999804e-04
    outer loop
      vertex   2.368104e+01 2.647596e+01 2.500000e+00
      vertex   2.366175e+01 2.640248e+01 5.500000e-01
      vertex   2.364398e+01 2.632862e+01 2.500000e+00
    endloop
  endfacet
  facet normal -9.746004e-01 2.239506e-01 -3.999804e-04
    outer loop
      vertex   2.364398e+01 2.632862e+01 2.500000e+00
      vertex   2.366175e+01 2.640248e+01 5.500000e-01
      vertex   2.362773e+01 2.625440e+01 5.500000e-01
    endloop
  endfacet
  facet normal -9.789931e-01 2.038930e-01 3.999804e-04
    outer loop
      vertex   2.364398e+01 2.632862e+01 2.500000e+00
      vertex   2.362773e+01 2.625440e+01 5.500000e-01
      vertex   2.361300e+01 2.617987e+01 2.500000e+00
    endloop
  endfacet
  facet normal -9.829730e-01 1.837495e-01 -3.999804e-04
    outer loop
      vertex   2.361300e+01 2.617987e+01 2.500000e+00
      vertex   2.362773e+01 2.625440e+01 5.500000e-01
      vertex   2.359981e+01 2.610506e+01 5.500000e-01
    endloop
  endfacet
  facet normal -9.865385e-01 1.635285e-01 3.999804e-04
    outer loop
      vertex   2.361300e+01 2.617987e+01 2.500000e+00
      vertex   2.359981e+01 2.610506e+01 5.500000e-01
      vertex   2.358815e+01 2.602998e+01 2.500000e+00
    endloop
  endfacet
  facet normal -9.896881e-01 1.432386e-01 -3.999804e-04
    outer loop
      vertex   2.358815e+01 2.602998e+01 2.500000e+00
      vertex   2.359981e+01 2.610506e+01 5.500000e-01
      vertex   2.357804e+01 2.595469e+01 5.500000e-01
    endloop
  endfacet
  facet normal -9.924204e-01 1.228883e-01 3.999804e-04
    outer loop
      vertex   2.358815e+01 2.602998e+01 2.500000e+00
      vertex   2.357804e+01 2.595469e+01 5.500000e-01
      vertex   2.356948e+01 2.587920e+01 2.500000e+00
    endloop
  endfacet
  facet normal -9.947344e-01 1.024862e-01 -3.999804e-04
    outer loop
      vertex   2.356948e+01 2.587920e+01 2.500000e+00
      vertex   2.357804e+01 2.595469e+01 5.500000e-01
      vertex   2.356247e+01 2.580355e+01 5.500000e-01
    endloop
  endfacet
  facet normal -9.966289e-01 8.204082e-02 3.999804e-04
    outer loop
      vertex   2.356948e+01 2.587920e+01 2.500000e+00
      vertex   2.356247e+01 2.580355e+01 5.500000e-01
      vertex   2.355702e+01 2.572778e+01 2.500000e+00
    endloop
  endfacet
  facet normal -9.981032e-01 6.156090e-02 -3.999804e-04
    outer loop
      vertex   2.355702e+01 2.572778e+01 2.500000e+00
      vertex   2.356247e+01 2.580355e+01 5.500000e-01
      vertex   2.355312e+01 2.565190e+01 5.500000e-01
    endloop
  endfacet
  facet normal -9.991568e-01 4.105503e-02 3.999804e-04
    outer loop
      vertex   2.355702e+01 2.572778e+01 2.500000e+00
      vertex   2.355312e+01 2.565190e+01 5.500000e-01
      vertex   2.355078e+01 2.557597e+01 2.500000e+00
    endloop
  endfacet
  facet normal -9.997891e-01 2.053184e-02 -3.999804e-04
    outer loop
      vertex   2.355078e+01 2.557597e+01 2.500000e+00
      vertex   2.355312e+01 2.565190e+01 5.500000e-01
      vertex   2.355000e+01 2.550000e+01 5.500000e-01
    endloop
  endfacet
  facet normal -9.999999e-01 0.000000e+00 3.999804e-04
    outer loop
      vertex   2.355078e+01 2.557597e+01 2.500000e+00
      vertex   2.355000e+01 2.550000e+01 5.500000e-01
      vertex   2.355078e+01 2.542403e+01 2.500000e+00
    endloop
  endfacet
  facet normal -9.997891e-01 -2.053184e-02 -3.999804e-04
    outer loop
      vertex   2.355078e+01 2.542403e+01 2.500000e+00
      vertex   2.355000e+01 2.550000e+01 5.500000e-01
      vertex   2.355312e+01 2.534810e+01 5.500000e-01
    endloop
  endfacet
  facet normal -9.991568e-01 -4.105503e-02 3.999804e-04
    outer loop
      vertex   2.355078e+01 2.542403e+01 2.500000e+00
      vertex   2.355312e+01 2.534810e+01 5.500000e-01
      vertex   2.355702e+01 2.527222e+01 2.500000e+00
    endloop
  endfacet
  facet normal -9.981032e-01 -6.156090e-02 -3.999804e-04
    outer loop
      vertex   2.355702e+01 2.527222e+01 2.500000e+00
      vertex   2.355312e+01 2.534810e+01 5.500000e-01
      vertex   2.356247e+01 2.519645e+01 5.500000e-01
    endloop
  endfacet
  facet normal -9.966289e-01 -8.204082e-02 3.999804e-04
    outer loop
      vertex   2.355702e+01 2.527222e+01 2.500000e+00
      vertex   2.356247e+01 2.519645e+01 5.500000e-01
      vertex   2.356948e+01 2.512080e+01 2.500000e+00
    endloop
  endfacet
  facet normal -9.947344e-01 -1.024862e-01 -3.999804e-04
    outer loop
      vertex   2.356948e+01 2.512080e+01 2.500000e+00
      vertex   2.356247e+01 2.519645e+01 5.500000e-01
      vertex   2.357804e+01 2.504531e+01 5.500000e-01
    endloop
  endfacet
  facet normal -9.924204e-01 -1.228883e-01 3.999804e-04
    outer loop
      vertex   2.356948e+01 2.512080e+01 2.500000e+00
      vertex   2.357804e+01 2.504531e+01 5.500000e-01
      vertex   2.358815e+01 2.497002e+01 2.500000e+00
    endloop
  endfacet
  facet normal -9.896881e-01 -1.432386e-01 -3.999804e-04
    outer loop
      vertex   2.358815e+01 2.497002e+01 2.500000e+00
      vertex   2.357804e+01 2.504531e+01 5.500000e-01
      vertex   2.359981e+01 2.489494e+01 5.500000e-01
    endloop
  endfacet
  facet normal -9.865385e-01 -1.635285e-01 3.999804e-04
    outer loop
      vertex   2.358815e+01 2.497002e+01 2.500000e+00
      vertex   2.359981e+01 2.489494e+01 5.500000e-01
      vertex   2.361300e+01 2.482013e+01 2.500000e+00
    endloop
  endfacet
  facet normal -9.829730e-01 -1.837495e-01 -3.999804e-04
    outer loop
      vertex   2.361300e+01 2.482013e+01 2.500000e+00
      vertex   2.359981e+01 2.489494e+01 5.500000e-01
      vertex   2.362773e+01 2.474560e+01 5.500000e-01
    endloop
  endfacet
  facet normal -9.789931e-01 -2.038930e-01 3.999804e-04
    outer loop
      vertex   2.361300e+01 2.482013e+01 2.500000e+00
      vertex   2.362773e+01 2.474560e+01 5.500000e-01
      vertex   2.364398e+01 2.467138e+01 2.500000e+00
    endloop
  endfacet
  facet normal -9.746004e-01 -2.239506e-01 -3.999804e-04
    outer loop
      vertex   2.364398e+01 2.467138e+01 2.500000e+00
      vertex   2.362773e+01 2.474560e+01 5.500000e-01
      vertex   2.366175e+01 2.459752e+01 5.500000e-01
    endloop
  endfacet
  facet normal -9.697969e-01 -2.439137e-01 3.999804e-04
    outer loop
      vertex   2.364398e+01 2.467138e+01 2.500000e+00
      vertex   2.366175e+01 2.459752e+01 5.500000e-01
      vertex   2.368104e+01 2.452404e+01 2.500000e+00
    endloop
  endfacet
  facet normal -9.645844e-01 -2.637740e-01 -3.999804e-04
    outer loop
      vertex   2.368104e+01 2.452404e+01 2.500000e+00
      vertex   2.366175e+01 2.459752e+01 5.500000e-01
      vertex   2.370183e+01 2.445096e+01 5.500000e-01
    endloop
  endfacet
  facet normal -9.589653e-01 -2.835231e-01 3.999804e-04
    outer loop
      vertex   2.368104e+01 2.452404e+01 2.500000e+00
      vertex   2.370183e+01 2.445096e+01 5.500000e-01
      vertex   2.372411e+01 2.437834e+01 2.500000e+00
    endloop
  endfacet
  facet normal -9.529419e-01 -3.031526e-01 -3.999804e-04
    outer loop
      vertex   2.372411e+01 2.437834e+01 2.500000e+00
      vertex   2.370183e+01 2.445096e+01 5.500000e-01
      vertex   2.374789e+01 2.430618e+01 5.500000e-01
    endloop
  endfacet
  facet normal -9.465168e-01 -3.226544e-01 3.999804e-04
    outer loop
      vertex   2.372411e+01 2.437834e+01 2.500000e+00
      vertex   2.374789e+01 2.430618e+01 5.500000e-01
      vertex   2.377314e+01 2.423453e+01 2.500000e+00
    endloop
  endfacet
  facet normal -9.396925e-01 -3.420201e-01 -3.999804e-04
    outer loop
      vertex   2.377314e+01 2.423453e+01 2.500000e+00
      vertex   2.374789e+01 2.430618e+01 5.500000e-01
      vertex   2.379985e+01 2.416341e+01 5.500000e-01
    endloop
  endfacet
  facet normal -9.324722e-01 -3.612416e-01 3.999804e-04
    outer loop
      vertex   2.377314e+01 2.423453e+01 2.500000e+00
      vertex   2.379985e+01 2.416341e+01 5.500000e-01
      vertex   2.382802e+01 2.409285e+01 2.500000e+00
    endloop
  endfacet
  facet normal -9.248586e-01 -3.803109e-01 -3.999804e-04
    outer loop
      vertex   2.382802e+01 2.409285e+01 2.500000e+00
      vertex   2.379985e+01 2.416341e+01 5.500000e-01
      vertex   2.385764e+01 2.402289e+01 5.500000e-01
    endloop
  endfacet
  facet normal -9.168552e-01 -3.992197e-01 3.999804e-04
    outer loop
      vertex   2.382802e+01 2.409285e+01 2.500000e+00
      vertex   2.385764e+01 2.402289e+01 5.500000e-01
      vertex   2.388868e+01 2.395355e+01 2.500000e+00
    endloop
  endfacet
  facet normal -9.084652e-01 -4.179603e-01 -3.999804e-04
    outer loop
      vertex   2.388868e+01 2.395355e+01 2.500000e+00
      vertex   2.385764e+01 2.402289e+01 5.500000e-01
      vertex   2.392114e+01 2.388486e+01 5.500000e-01
    endloop
  endfacet
  facet normal -8.996922e-01 -4.365247e-01 3.999804e-04
    outer loop
      vertex   2.388868e+01 2.395355e+01 2.500000e+00
      vertex   2.392114e+01 2.388486e+01 5.500000e-01
      vertex   2.395500e+01 2.381685e+01 2.500000e+00
    endloop
  endfacet
  facet normal -8.905399e-01 -4.549050e-01 -3.999804e-04
    outer loop
      vertex   2.395500e+01 2.381685e+01 2.500000e+00
      vertex   2.392114e+01 2.388486e+01 5.500000e-01
      vertex   2.399025e+01 2.374955e+01 5.500000e-01
    endloop
  endfacet
  facet normal -8.810121e-01 -4.730935e-01 3.999804e-04
    outer loop
      vertex   2.395500e+01 2.381685e+01 2.500000e+00
      vertex   2.399025e+01 2.374955e+01 5.500000e-01
      vertex   2.402688e+01 2.368299e+01 2.500000e+00
    endloop
  endfacet
  facet normal -8.711129e-01 -4.910826e-01 -3.999804e-04
    outer loop
      vertex   2.402688e+01 2.368299e+01 2.500000e+00
      vertex   2.399025e+01 2.374955e+01 5.500000e-01
      vertex   2.406487e+01 2.361720e+01 5.500000e-01
    endloop
  endfacet
  facet normal -8.608465e-01 -5.088646e-01 3.999804e-04
    outer loop
      vertex   2.402688e+01 2.368299e+01 2.500000e+00
      vertex   2.406487e+01 2.361720e+01 5.500000e-01
      vertex   2.410420e+01 2.355220e+01 2.500000e+00
    endloop
  endfacet
  facet normal -8.502171e-01 -5.264321e-01 -3.999804e-04
    outer loop
      vertex   2.410420e+01 2.355220e+01 2.500000e+00
      vertex   2.406487e+01 2.361720e+01 5.500000e-01
      vertex   2.414485e+01 2.348802e+01 5.500000e-01
    endloop
  endfacet
  facet normal -8.392292e-01 -5.437777e-01 3.999804e-04
    outer loop
      vertex   2.410420e+01 2.355220e+01 2.500000e+00
      vertex   2.414485e+01 2.348802e+01 5.500000e-01
      vertex   2.418682e+01 2.342469e+01 2.500000e+00
    endloop
  endfacet
  facet normal -8.278876e-01 -5.608940e-01 -3.999804e-04
    outer loop
      vertex   2.418682e+01 2.342469e+01 2.500000e+00
      vertex   2.414485e+01 2.348802e+01 5.500000e-01
      vertex   2.423007e+01 2.336224e+01 5.500000e-01
    endloop
  endfacet
  facet normal -8.161968e-01 -5.777738e-01 3.999804e-04
    outer loop
      vertex   2.418682e+01 2.342469e+01 2.500000e+00
      vertex   2.423007e+01 2.336224e+01 5.500000e-01
      vertex   2.427460e+01 2.330068e+01 2.500000e+00
    endloop
  endfacet
  facet normal -8.041620e-01 -5.944100e-01 -3.999804e-04
    outer loop
      vertex   2.427460e+01 2.330068e+01 2.500000e+00
      vertex   2.423007e+01 2.336224e+01 5.500000e-01
      vertex   2.432038e+01 2.324006e+01 5.500000e-01
    endloop
  endfacet
  facet normal -7.917882e-01 -6.107956e-01 3.999804e-04
    outer loop
      vertex   2.427460e+01 2.330068e+01 2.500000e+00
      vertex   2.432038e+01 2.324006e+01 5.500000e-01
      vertex   2.436740e+01 2.318038e+01 2.500000e+00
    endloop
  endfacet
  facet normal -7.790805e-01 -6.269238e-01 -3.999804e-04
    outer loop
      vertex   2.436740e+01 2.318038e+01 2.500000e+00
      vertex   2.432038e+01 2.324006e+01 5.500000e-01
      vertex   2.441564e+01 2.312169e+01 5.500000e-01
    endloop
  endfacet
  facet normal -7.660444e-01 -6.427876e-01 3.999804e-04
    outer loop
      vertex   2.436740e+01 2.318038e+01 2.500000e+00
      vertex   2.441564e+01 2.312169e+01 5.500000e-01
      vertex   2.446506e+01 2.306399e+01 2.500000e+00
    endloop
  endfacet
  facet normal -7.526853e-01 -6.583804e-01 -3.999804e-04
    outer loop
      vertex   2.446506e+01 2.306399e+01 2.500000e+00
      vertex   2.441564e+01 2.312169e+01 5.500000e-01
      vertex   2.451567e+01 2.300733e+01 5.500000e-01
    endloop
  endfacet
  facet normal -7.390089e-01 -6.736956e-01 3.999804e-04
    outer loop
      vertex   2.446506e+01 2.306399e+01 2.500000e+00
      vertex   2.451567e+01 2.300733e+01 5.500000e-01
      vertex   2.456742e+01 2.295171e+01 2.500000e+00
    endloop
  endfacet
  facet normal -7.250209e-01 -6.887268e-01 -3.999804e-04
    outer loop
      vertex   2.456742e+01 2.295171e+01 2.500000e+00
      vertex   2.451567e+01 2.300733e+01 5.500000e-01
      vertex   2.462031e+01 2.289717e+01 5.500000e-01
    endloop
  endfacet
  facet normal -7.107272e-01 -7.034676e-01 3.999804e-04
    outer loop
      vertex   2.456742e+01 2.295171e+01 2.500000e+00
      vertex   2.462031e+01 2.289717e+01 5.500000e-01
      vertex   2.467430e+01 2.284373e+01 2.500000e+00
    endloop
  endfacet
  facet normal -6.961339e-01 -7.179119e-01 -3.999804e-04
    outer loop
      vertex   2.467430e+01 2.284373e+01 2.500000e+00
      vertex   2.462031e+01 2.289717e+01 5.500000e-01
      vertex   2.472939e+01 2.279140e+01 5.500000e-01
    endloop
  endfacet
  facet normal -6.812471e-01 -7.320534e-01 3.999804e-04
    outer loop
      vertex   2.467430e+01 2.284373e+01 2.500000e+00
      vertex   2.472939e+01 2.279140e+01 5.500000e-01
      vertex   2.478553e+01 2.274022e+01 2.500000e+00
    endloop
  endfacet
  facet normal -6.660731e-01 -7.458864e-01 -3.999804e-04
    outer loop
      vertex   2.478553e+01 2.274022e+01 2.500000e+00
      vertex   2.472939e+01 2.279140e+01 5.500000e-01
      vertex   2.484271e+01 2.269020e+01 5.500000e-01
    endloop
  endfacet
  facet normal -6.506182e-01 -7.594049e-01 3.999804e-04
    outer loop
      vertex   2.478553e+01 2.274022e+01 2.500000e+00
      vertex   2.484271e+01 2.269020e+01 5.500000e-01
      vertex   2.490091e+01 2.264137e+01 2.500000e+00
    endloop
  endfacet
  facet normal -6.348891e-01 -7.726032e-01 -3.999804e-04
    outer loop
      vertex   2.490091e+01 2.264137e+01 2.500000e+00
      vertex   2.484271e+01 2.269020e+01 5.500000e-01
      vertex   2.496010e+01 2.259374e+01 5.500000e-01
    endloop
  endfacet
  facet normal -6.188923e-01 -7.854757e-01 3.999804e-04
    outer loop
      vertex   2.490091e+01 2.264137e+01 2.500000e+00
      vertex   2.496010e+01 2.259374e+01 5.500000e-01
      vertex   2.502025e+01 2.254734e+01 2.500000e+00
    endloop
  endfacet
  facet normal -6.026346e-01 -7.980172e-01 -3.999804e-04
    outer loop
      vertex   2.502025e+01 2.254734e+01 2.500000e+00
      vertex   2.496010e+01 2.259374e+01 5.500000e-01
      vertex   2.508135e+01 2.250218e+01 5.500000e-01
    endloop
  endfacet
  facet normal -5.861228e-01 -8.102221e-01 3.999804e-04
    outer loop
      vertex   2.502025e+01 2.254734e+01 2.500000e+00
      vertex   2.508135e+01 2.250218e+01 5.500000e-01
      vertex   2.514335e+01 2.245828e+01 2.500000e+00
    endloop
  endfacet
  facet normal -5.693639e-01 -8.220855e-01 -3.999804e-04
    outer loop
      vertex   2.514335e+01 2.245828e+01 2.500000e+00
      vertex   2.508135e+01 2.250218e+01 5.500000e-01
      vertex   2.520625e+01 2.241567e+01 5.500000e-01
    endloop
  endfacet
  facet normal -5.523649e-01 -8.336023e-01 3.999804e-04
    outer loop
      vertex   2.514335e+01 2.245828e+01 2.500000e+00
      vertex   2.520625e+01 2.241567e+01 5.500000e-01
      vertex   2.527001e+01 2.237436e+01 2.500000e+00
    endloop
  endfacet
  facet normal -5.351331e-01 -8.447677e-01 -3.999804e-04
    outer loop
      vertex   2.527001e+01 2.237436e+01 2.500000e+00
      vertex   2.520625e+01 2.241567e+01 5.500000e-01
      vertex   2.533460e+01 2.233437e+01 5.500000e-01
    endloop
  endfacet
  facet normal -5.176757e-01 -8.555769e-01 3.999804e-04
    outer loop
      vertex   2.527001e+01 2.237436e+01 2.500000e+00
      vertex   2.533460e+01 2.233437e+01 5.500000e-01
      vertex   2.540000e+01 2.229571e+01 2.500000e+00
    endloop
  endfacet
  facet normal -5.000000e-01 -8.660253e-01 -3.999804e-04
    outer loop
      vertex   2.540000e+01 2.229571e+01 2.500000e+00
      vertex   2.533460e+01 2.233437e+01 5.500000e-01
      vertex   2.546618e+01 2.225840e+01 5.500000e-01
    endloop
  endfacet
  facet normal -4.821135e-01 -8.761087e-01 3.999804e-04
    outer loop
      vertex   2.540000e+01 2.229571e+01 2.500000e+00
      vertex   2.546618e+01 2.225840e+01 5.500000e-01
      vertex   2.553311e+01 2.222246e+01 2.500000e+00
    endloop
  endfacet
  facet normal -4.640237e-01 -8.858227e-01 -3.999804e-04
    outer loop
      vertex   2.553311e+01 2.222246e+01 2.500000e+00
      vertex   2.546618e+01 2.225840e+01 5.500000e-01
      vertex   2.560077e+01 2.218790e+01 5.500000e-01
    endloop
  endfacet
  facet normal -4.457383e-01 -8.951632e-01 3.999804e-04
    outer loop
      vertex   2.553311e+01 2.222246e+01 2.500000e+00
      vertex   2.560077e+01 2.218790e+01 5.500000e-01
      vertex   2.566912e+01 2.215473e+01 2.500000e+00
    endloop
  endfacet
  facet normal -4.272650e-01 -9.041263e-01 -3.999804e-04
    outer loop
      vertex   2.566912e+01 2.215473e+01 2.500000e+00
      vertex   2.560077e+01 2.218790e+01 5.500000e-01
      vertex   2.573814e+01 2.212298e+01 5.500000e-01
    endloop
  endfacet
  facet normal -4.086116e-01 -9.127083e-01 3.999804e-04
    outer loop
      vertex   2.566912e+01 2.215473e+01 2.500000e+00
      vertex   2.573814e+01 2.212298e+01 5.500000e-01
      vertex   2.580779e+01 2.209265e+01 2.500000e+00
    endloop
  endfacet
  facet normal -3.897858e-01 -9.209054e-01 -3.999804e-04
    outer loop
      vertex   2.580779e+01 2.209265e+01 2.500000e+00
      vertex   2.573814e+01 2.212298e+01 5.500000e-01
      vertex   2.587806e+01 2.206376e+01 5.500000e-01
    endloop
  endfacet
  facet normal -3.707958e-01 -9.287143e-01 3.999804e-04
    outer loop
      vertex   2.580779e+01 2.209265e+01 2.500000e+00
      vertex   2.587806e+01 2.206376e+01 5.500000e-01
      vertex   2.594890e+01 2.203631e+01 2.500000e+00
    endloop
  endfacet
  facet normal -3.516494e-01 -9.361317e-01 -3.999804e-04
    outer loop
      vertex   2.594890e+01 2.203631e+01 2.500000e+00
      vertex   2.587806e+01 2.206376e+01 5.500000e-01
      vertex   2.602029e+01 2.201033e+01 5.500000e-01
    endloop
  endfacet
  facet normal -3.323548e-01 -9.431544e-01 3.999804e-04
    outer loop
      vertex   2.594890e+01 2.203631e+01 2.500000e+00
      vertex   2.602029e+01 2.201033e+01 5.500000e-01
      vertex   2.609220e+01 2.198582e+01 2.500000e+00
    endloop
  endfacet
  facet normal -3.129200e-01 -9.497794e-01 -3.999804e-04
    outer loop
      vertex   2.609220e+01 2.198582e+01 2.500000e+00
      vertex   2.602029e+01 2.201033e+01 5.500000e-01
      vertex   2.616459e+01 2.196278e+01 5.500000e-01
    endloop
  endfacet
  facet normal -2.933533e-01 -9.560040e-01 3.999804e-04
    outer loop
      vertex   2.609220e+01 2.198582e+01 2.500000e+00
      vertex   2.616459e+01 2.196278e+01 5.500000e-01
      vertex   2.623745e+01 2.194125e+01 2.500000e+00
    endloop
  endfacet
  facet normal -2.736630e-01 -9.618256e-01 -3.999804e-04
    outer loop
      vertex   2.623745e+01 2.194125e+01 2.500000e+00
      vertex   2.616459e+01 2.196278e+01 5.500000e-01
      vertex   2.631073e+01 2.192121e+01 5.500000e-01
    endloop
  endfacet
  facet normal -2.538572e-01 -9.672416e-01 3.999804e-04
    outer loop
      vertex   2.623745e+01 2.194125e+01 2.500000e+00
      vertex   2.631073e+01 2.192121e+01 5.500000e-01
      vertex   2.638441e+01 2.190268e+01 2.500000e+00
    endloop
  endfacet
  facet normal -2.339445e-01 -9.722499e-01 -3.999804e-04
    outer loop
      vertex   2.638441e+01 2.190268e+01 2.500000e+00
      vertex   2.631073e+01 2.192121e+01 5.500000e-01
      vertex   2.645845e+01 2.188566e+01 5.500000e-01
    endloop
  endfacet
  facet normal -2.139331e-01 -9.768482e-01 3.999804e-04
    outer loop
      vertex   2.638441e+01 2.190268e+01 2.500000e+00
      vertex   2.645845e+01 2.188566e+01 5.500000e-01
      vertex   2.653282e+01 2.187017e+01 2.500000e+00
    endloop
  endfacet
  facet normal -1.938315e-01 -9.810348e-01 -3.999804e-04
    outer loop
      vertex   2.653282e+01 2.187017e+01 2.500000e+00
      vertex   2.645845e+01 2.188566e+01 5.500000e-01
      vertex   2.660750e+01 2.185621e+01 5.500000e-01
    endloop
  endfacet
  facet normal -1.736482e-01 -9.848077e-01 3.999804e-04
    outer loop
      vertex   2.653282e+01 2.187017e+01 2.500000e+00
      vertex   2.660750e+01 2.185621e+01 5.500000e-01
      vertex   2.668245e+01 2.184379e+01 2.500000e+00
    endloop
  endfacet
  facet normal -1.533916e-01 -9.881654e-01 -3.999804e-04
    outer loop
      vertex   2.668245e+01 2.184379e+01 2.500000e+00
      vertex   2.660750e+01 2.185621e+01 5.500000e-01
      vertex   2.675764e+01 2.183291e+01 5.500000e-01
    endloop
  endfacet
  facet normal -1.330705e-01 -9.911065e-01 3.999804e-04
    outer loop
      vertex   2.668245e+01 2.184379e+01 2.500000e+00
      vertex   2.675764e+01 2.183291e+01 5.500000e-01
      vertex   2.683304e+01 2.182357e+01 2.500000e+00
    endloop
  endfacet
  facet normal -1.126932e-01 -9.936298e-01 -3.999804e-04
    outer loop
      vertex   2.683304e+01 2.182357e+01 2.500000e+00
      vertex   2.675764e+01 2.183291e+01 5.500000e-01
      vertex   2.690861e+01 2.181578e+01 5.500000e-01
    endloop
  endfacet
  facet normal -9.226835e-02 -9.957341e-01 3.999804e-04
    outer loop
      vertex   2.683304e+01 2.182357e+01 2.500000e+00
      vertex   2.690861e+01 2.181578e+01 5.500000e-01
      vertex   2.698432e+01 2.180955e+01 2.500000e+00
    endloop
  endfacet
  facet normal -7.180465e-02 -9.974186e-01 -3.999804e-04
    outer loop
      vertex   2.698432e+01 2.180955e+01 2.500000e+00
      vertex   2.690861e+01 2.181578e+01 5.500000e-01
      vertex   2.706015e+01 2.180487e+01 5.500000e-01
    endloop
  endfacet
  facet normal -5.131067e-02 -9.986827e-01 3.999804e-04
    outer loop
      vertex   2.698432e+01 2.180955e+01 2.500000e+00
      vertex   2.706015e+01 2.180487e+01 5.500000e-01
      vertex   2.713606e+01 2.180175e+01 2.500000e+00
    endloop
  endfacet
  facet normal -3.079506e-02 -9.995256e-01 -3.999804e-04
    outer loop
      vertex   2.713606e+01 2.180175e+01 2.500000e+00
      vertex   2.706015e+01 2.180487e+01 5.500000e-01
      vertex   2.721201e+01 2.180019e+01 5.500000e-01
    endloop
  endfacet
  facet normal -1.026646e-02 -9.999472e-01 3.999804e-04
    outer loop
      vertex   2.713606e+01 2.180175e+01 2.500000e+00
      vertex   2.721201e+01 2.180019e+01 5.500000e-01
      vertex   2.728799e+01 2.180019e+01 2.500000e+00
    endloop
  endfacet
  facet normal 1.026646e-02 -9.999472e-01 -3.999804e-04
    outer loop
      vertex   2.728799e+01 2.180019e+01 2.500000e+00
      vertex   2.721201e+01 2.180019e+01 5.500000e-01
      vertex   2.736394e+01 2.180175e+01 5.500000e-01
    endloop
  endfacet
  facet normal 3.079506e-02 -9.995256e-01 3.999804e-04
    outer loop
      vertex   2.728799e+01 2.180019e+01 2.500000e+00
      vertex   2.736394e+01 2.180175e+01 5.500000e-01
      vertex   2.743985e+01 2.180487e+01 2.500000e+00
    endloop
  endfacet
  facet normal 5.131067e-02 -9.986827e-01 -3.999804e-04
    outer loop
      vertex   2.743985e+01 2.180487e+01 2.500000e+00
      vertex   2.736394e+01 2.180175e+01 5.500000e-01
      vertex   2.751568e+01 2.180955e+01 5.500000e-01
    endloop
  endfacet
  facet normal 7.180465e-02 -9.974186e-01 3.999804e-04
    outer loop
      vertex   2.743985e+01 2.180487e+01 2.500000e+00
      vertex   2.751568e+01 2.180955e+01 5.500000e-01
      vertex   2.759139e+01 2.181578e+01 2.500000e+00
    endloop
  endfacet
  facet normal 9.226835e-02 -9.957341e-01 -3.999804e-04
    outer loop
      vertex   2.759139e+01 2.181578e+01 2.500000e+00
      vertex   2.751568e+01 2.180955e+01 5.500000e-01
      vertex   2.766696e+01 2.182357e+01 5.500000e-01
    endloop
  endfacet
  facet normal 1.126932e-01 -9.936298e-01 3.999804e-04
    outer loop
      vertex   2.759139e+01 2.181578e+01 2.500000e+00
      vertex   2.766696e+01 2.182357e+01 5.500000e-01
      vertex   2.774236e+01 2.183291e+01 2.500000e+00
    endloop
  endfacet
  facet normal 1.330705e-01 -9.911065e-01 -3.999804e-04
    outer loop
      vertex   2.774236e+01 2.183291e+01 2.500000e+00
      vertex   2.766696e+01 2.182357e+01 5.500000e-01
      vertex   2.781755e+01 2.184379e+01 5.500000e-01
    endloop
  endfacet
  facet normal 1.533916e-01 -9.881654e-01 3.999804e-04
    outer loop
      vertex   2.774236e+01 2.183291e+01 2.500000e+00
      vertex   2.781755e+01 2.184379e+01 5.500000e-01
      vertex   2.789250e+01 2.185621e+01 2.500000e+00
    endloop
  endfacet
  facet normal 1.736482e-01 -9.848077e-01 -3.999804e-04
    outer loop
      vertex   2.789250e+01 2.185621e+01 2.500000e+00
      vertex   2.781755e+01 2.184379e+01 5.500000e-01
      vertex   2.796718e+01 2.187017e+01 5.500000e-01
    endloop
  endfacet
  facet normal 1.938315e-01 -9.810348e-01 3.999804e-04
    outer loop
      vertex   2.789250e+01 2.185621e+01 2.500000e+00
      vertex   2.796718e+01 2.187017e+01 5.500000e-01
      vertex   2.804155e+01 2.188566e+01 2.500000e+00
    endloop
  endfacet
  facet normal 2.139331e-01 -9.768482e-01 -3.999804e-04
    outer loop
      vertex   2.804155e+01 2.188566e+01 2.500000e+00
      vertex   2.796718e+01 2.187017e+01 5.500000e-01
      vertex   2.811559e+01 2.190268e+01 5.500000e-01
    endloop
  endfacet
  facet normal 2.339445e-01 -9.722499e-01 3.999804e-04
    outer loop
      vertex   2.804155e+01 2.188566e+01 2.500000e+00
      vertex   2.811559e+01 2.190268e+01 5.500000e-01
      vertex   2.818927e+01 2.192121e+01 2.500000e+00
    endloop
  endfacet
  facet normal 2.538572e-01 -9.672416e-01 -3.999804e-04
    outer loop
      vertex   2.818927e+01 2.192121e+01 2.500000e+00
      vertex   2.811559e+01 2.190268e+01 5.500000e-01
      vertex   2.826255e+01 2.194125e+01 5.500000e-01
    endloop
  endfacet
  facet normal 2.736630e-01 -9.618256e-01 3.999804e-04
    outer loop
      vertex   2.818927e+01 2.192121e+01 2.500000e+00
      vertex   2.826255e+01 2.194125e+01 5.500000e-01
      vertex   2.833541e+01 2.196278e+01 2.500000e+00
    endloop
  endfacet
  facet normal 2.933533e-01 -9.560040e-01 -3.999804e-04
    outer loop
      vertex   2.833541e+01 2.196278e+01 2.500000e+00
      vertex   2.826255e+01 2.194125e+01 5.500000e-01
      vertex   2.840780e+01 2.198582e+01 5.500000e-01
    endloop
  endfacet
  facet normal 3.129200e-01 -9.497794e-01 3.999804e-04
    outer loop
      vertex   2.833541e+01 2.196278e+01 2.500000e+00
      vertex   2.840780e+01 2.198582e+01 5.500000e-01
      vertex   2.847971e+01 2.201033e+01 2.500000e+00
    endloop
  endfacet
  facet normal 3.323548e-01 -9.431544e-01 -3.999804e-04
    outer loop
      vertex   2.847971e+01 2.201033e+01 2.500000e+00
      vertex   2.840780e+01 2.198582e+01 5.500000e-01
      vertex   2.855110e+01 2.203631e+01 5.500000e-01
    endloop
  endfacet
  facet normal 3.516494e-01 -9.361317e-01 3.999804e-04
    outer loop
      vertex   2.847971e+01 2.201033e+01 2.500000e+00
      vertex   2.855110e+01 2.203631e+01 5.500000e-01
      vertex   2.862194e+01 2.206376e+01 2.500000e+00
    endloop
  endfacet
  facet normal 3.707958e-01 -9.287143e-01 -3.999804e-04
    outer loop
      vertex   2.862194e+01 2.206376e+01 2.500000e+00
      vertex   2.855110e+01 2.203631e+01 5.500000e-01
      vertex   2.869221e+01 2.209265e+01 5.500000e-01
    endloop
  endfacet
  facet normal 3.897858e-01 -9.209054e-01 3.999804e-04
    outer loop
      vertex   2.862194e+01 2.206376e+01 2.500000e+00
      vertex   2.869221e+01 2.209265e+01 5.500000e-01
      vertex   2.876186e+01 2.212298e+01 2.500000e+00
    endloop
  endfacet
  facet normal 4.086116e-01 -9.127083e-01 -3.999804e-04
    outer loop
      vertex   2.876186e+01 2.212298e+01 2.500000e+00
      vertex   2.869221e+01 2.209265e+01 5.500000e-01
      vertex   2.883088e+01 2.215473e+01 5.500000e-01
    endloop
  endfacet
  facet normal 4.272650e-01 -9.041263e-01 3.999804e-04
    outer loop
      vertex   2.876186e+01 2.212298e+01 2.500000e+00
      vertex   2.883088e+01 2.215473e+01 5.500000e-01
      vertex   2.889923e+01 2.218790e+01 2.500000e+00
    endloop
  endfacet
  facet normal 4.457383e-01 -8.951632e-01 -3.999804e-04
    outer loop
      vertex   2.889923e+01 2.218790e+01 2.500000e+00
      vertex   2.883088e+01 2.215473e+01 5.500000e-01
      vertex   2.896689e+01 2.222246e+01 5.500000e-01
    endloop
  endfacet
  facet normal 4.640237e-01 -8.858227e-01 3.999804e-04
    outer loop
      vertex   2.889923e+01 2.218790e+01 2.500000e+00
      vertex   2.896689e+01 2.222246e+01 5.500000e-01
      vertex   2.903382e+01 2.225840e+01 2.500000e+00
    endloop
  endfacet
  facet normal 4.821135e-01 -8.761087e-01 -3.999804e-04
    outer loop
      vertex   2.903382e+01 2.225840e+01 2.500000e+00
      vertex   2.896689e+01 2.222246e+01 5.500000e-01
      vertex   2.910000e+01 2.229571e+01 5.500000e-01
    endloop
  endfacet
  facet normal 5.000000e-01 -8.660253e-01 3.999804e-04
    outer loop
      vertex   2.903382e+01 2.225840e+01 2.500000e+00
      vertex   2.910000e+01 2.229571e+01 5.500000e-01
      vertex   2.916540e+01 2.233437e+01 2.500000e+00
    endloop
  endfacet
  facet normal 5.176757e-01 -8.555769e-01 -3.999804e-04
    outer loop
      vertex   2.916540e+01 2.233437e+01 2.500000e+00
      vertex   2.910000e+01 2.229571e+01 5.500000e-01
      vertex   2.922999e+01 2.237436e+01 5.500000e-01
    endloop
  endfacet
  facet normal 5.351331e-01 -8.447677e-01 3.999804e-04
    outer loop
      vertex   2.916540e+01 2.233437e+01 2.500000e+00
      vertex   2.922999e+01 2.237436e+01 5.500000e-01
      vertex   2.929375e+01 2.241567e+01 2.500000e+00
    endloop
  endfacet
  facet normal 5.523649e-01 -8.336023e-01 -3.999804e-04
    outer loop
      vertex   2.929375e+01 2.241567e+01 2.500000e+00
      vertex   2.922999e+01 2.237436e+01 5.500000e-01
      vertex   2.935665e+01 2.245828e+01 5.500000e-01
    endloop
  endfacet
  facet normal 5.693639e-01 -8.220855e-01 3.999804e-04
    outer loop
      vertex   2.929375e+01 2.241567e+01 2.500000e+00
      vertex   2.935665e+01 2.245828e+01 5.500000e-01
      vertex   2.941865e+01 2.250218e+01 2.500000e+00
    endloop
  endfacet
  facet normal 5.861228e-01 -8.102221e-01 -3.999804e-04
    outer loop
      vertex   2.941865e+01 2.250218e+01 2.500000e+00
      vertex   2.935665e+01 2.245828e+01 5.500000e-01
      vertex   2.947975e+01 2.254734e+01 5.500000e-01
    endloop
  endfacet
  facet normal 6.026346e-01 -7.980172e-01 3.999804e-04
    outer loop
      vertex   2.941865e+01 2.250218e+01 2.500000e+00
      vertex   2.947975e+01 2.254734e+01 5.500000e-01
      vertex   2.953990e+01 2.259374e+01 2.500000e+00
    endloop
  endfacet
  facet normal 6.188923e-01 -7.854757e-01 -3.999804e-04
    outer loop
      vertex   2.953990e+01 2.259374e+01 2.500000e+00
      vertex   2.947975e+01 2.254734e+01 5.500000e-01
      vertex   2.959909e+01 2.264137e+01 5.500000e-01
    endloop
  endfacet
  facet normal 6.348891e-01 -7.726032e-01 3.999804e-04
    outer loop
      vertex   2.953990e+01 2.259374e+01 2.500000e+00
      vertex   2.959909e+01 2.264137e+01 5.500000e-01
      vertex   2.965729e+01 2.269020e+01 2.500000e+00
    endloop
  endfacet
  facet normal 6.506182e-01 -7.594049e-01 -3.999804e-04
    outer loop
      vertex   2.965729e+01 2.269020e+01 2.500000e+00
      vertex   2.959909e+01 2.264137e+01 5.500000e-01
      vertex   2.971447e+01 2.274022e+01 5.500000e-01
    endloop
  endfacet
  facet normal 6.660731e-01 -7.458864e-01 3.999804e-04
    outer loop
      vertex   2.965729e+01 2.269020e+01 2.500000e+00
      vertex   2.971447e+01 2.274022e+01 5.500000e-01
      vertex   2.977061e+01 2.279140e+01 2.500000e+00
    endloop
  endfacet
  facet normal 6.812471e-01 -7.320534e-01 -3.999804e-04
    outer loop
      vertex   2.977061e+01 2.279140e+01 2.500000e+00
      vertex   2.971447e+01 2.274022e+01 5.500000e-01
      vertex   2.982570e+01 2.284373e+01 5.500000e-01
    endloop
  endfacet
  facet normal 6.961339e-01 -7.179119e-01 3.999804e-04
    outer loop
      vertex   2.977061e+01 2.279140e+01 2.500000e+00
      vertex   2.982570e+01 2.284373e+01 5.500000e-01
      vertex   2.987969e+01 2.289717e+01 2.500000e+00
    endloop
  endfacet
  facet normal 7.107272e-01 -7.034676e-01 -3.999804e-04
    outer loop
      vertex   2.987969e+01 2.289717e+01 2.500000e+00
      vertex   2.982570e+01 2.284373e+01 5.500000e-01
      vertex   2.993258e+01 2.295171e+01 5.500000e-01
    endloop
  endfacet
  facet normal 7.250209e-01 -6.887268e-01 3.999804e-04
    outer loop
      vertex   2.987969e+01 2.289717e+01 2.500000e+00
      vertex   2.993258e+01 2.295171e+01 5.500000e-01
      vertex   2.998433e+01 2.300733e+01 2.500000e+00
    endloop
  endfacet
  facet normal 7.390089e-01 -6.736956e-01 -3.999804e-04
    outer loop
      vertex   2.998433e+01 2.300733e+01 2.500000e+00
      vertex   2.993258e+01 2.295171e+01 5.500000e-01
      vertex   3.003494e+01 2.306399e+01 5.500000e-01
    endloop
  endfacet
  facet normal 7.526853e-01 -6.583804e-01 3.999804e-04
    outer loop
      vertex   2.998433e+01 2.300733e+01 2.500000e+00
      vertex   3.003494e+01 2.306399e+01 5.500000e-01
      vertex   3.008436e+01 2.312169e+01 2.500000e+00
    endloop
  endfacet
  facet normal 7.660444e-01 -6.427876e-01 -3.999804e-04
    outer loop
      vertex   3.008436e+01 2.312169e+01 2.500000e+00
      vertex   3.003494e+01 2.306399e+01 5.500000e-01
      vertex   3.013260e+01 2.318038e+01 5.500000e-01
    endloop
  endfacet
  facet normal 7.790805e-01 -6.269238e-01 3.999804e-04
    outer loop
      vertex   3.008436e+01 2.312169e+01 2.500000e+00
      vertex   3.013260e+01 2.318038e+01 5.500000e-01
      vertex   3.017962e+01 2.324006e+01 2.500000e+00
    endloop
  endfacet
  facet normal 7.917882e-01 -6.107956e-01 -3.999804e-04
    outer loop
      vertex   3.017962e+01 2.324006e+01 2.500000e+00
      vertex   3.013260e+01 2.318038e+01 5.500000e-01
      vertex   3.022540e+01 2.330068e+01 5.500000e-01
    endloop
  endfacet
  facet normal 8.041620e-01 -5.944100e-01 3.999804e-04
    outer loop
      vertex   3.017962e+01 2.324006e+01 2.500000e+00
      vertex   3.022540e+01 2.330068e+01 5.500000e-01
      vertex   3.026993e+01 2.336224e+01 2.500000e+00
    endloop
  endfacet
  facet normal 8.161968e-01 -5.777738e-01 -3.999804e-04
    outer loop
      vertex   3.026993e+01 2.336224e+01 2.500000e+00
      vertex   3.022540e+01 2.330068e+01 5.500000e-01
      vertex   3.031318e+01 2.342469e+01 5.500000e-01
    endloop
  endfacet
  facet normal 8.278876e-01 -5.608940e-01 3.999804e-04
    outer loop
      vertex   3.026993e+01 2.336224e+01 2.500000e+00
      vertex   3.031318e+01 2.342469e+01 5.500000e-01
      vertex   3.035515e+01 2.348802e+01 2.500000e+00
    endloop
  endfacet
  facet normal 8.392292e-01 -5.437777e-01 -3.999804e-04
    outer loop
      vertex   3.035515e+01 2.348802e+01 2.500000e+00
      vertex   3.031318e+01 2.342469e+01 5.500000e-01
      vertex   3.039580e+01 2.355220e+01 5.500000e-01
    endloop
  endfacet
  facet normal 8.502171e-01 -5.264321e-01 3.999804e-04
    outer loop
      vertex   3.035515e+01 2.348802e+01 2.500000e+00
      vertex   3.039580e+01 2.355220e+01 5.500000e-01
      vertex   3.043513e+01 2.361720e+01 2.500000e+00
    endloop
  endfacet
  facet normal 8.608465e-01 -5.088646e-01 -3.999804e-04
    outer loop
      vertex   3.043513e+01 2.361720e+01 2.500000e+00
      vertex   3.039580e+01 2.355220e+01 5.500000e-01
      vertex   3.047312e+01 2.368299e+01 5.500000e-01
    endloop
  endfacet
  facet normal 8.711129e-01 -4.910826e-01 3.999804e-04
    outer loop
      vertex   3.043513e+01 2.361720e+01 2.500000e+00
      vertex   3.047312e+01 2.368299e+01 5.500000e-01
      vertex   3.050975e+01 2.374955e+01 2.500000e+00
    endloop
  endfacet
  facet normal 8.810121e-01 -4.730935e-01 -3.999804e-04
    outer loop
      vertex   3.050975e+01 2.374955e+01 2.500000e+00
      vertex   3.047312e+01 2.368299e+01 5.500000e-01
      vertex   3.054500e+01 2.381685e+01 5.500000e-01
    endloop
  endfacet
  facet normal 8.905399e-01 -4.549050e-01 3.999804e-04
    outer loop
      vertex   3.050975e+01 2.374955e+01 2.500000e+00
      vertex   3.054500e+01 2.381685e+01 5.500000e-01
      vertex   3.057886e+01 2.388486e+01 2.500000e+00
    endloop
  endfacet
  facet normal 8.996922e-01 -4.365247e-01 -3.999804e-04
    outer loop
      vertex   3.057886e+01 2.388486e+01 2.500000e+00
      vertex   3.054500e+01 2.381685e+01 5.500000e-01
      vertex   3.061132e+01 2.395355e+01 5.500000e-01
    endloop
  endfacet
  facet normal 9.084652e-01 -4.179603e-01 3.999804e-04
    outer loop
      vertex   3.057886e+01 2.388486e+01 2.500000e+00
      vertex   3.061132e+01 2.395355e+01 5.500000e-01
      vertex   3.064236e+01 2.402289e+01 2.500000e+00
    endloop
  endfacet
  facet normal 9.168552e-01 -3.992197e-01 -3.999804e-04
    outer loop
      vertex   3.064236e+01 2.402289e+01 2.500000e+00
      vertex   3.061132e+01 2.395355e+01 5.500000e-01
      vertex   3.067198e+01 2.409285e+01 5.500000e-01
    endloop
  endfacet
  facet normal 9.248586e-01 -3.803109e-01 3.999804e-04
    outer loop
      vertex   3.064236e+01 2.402289e+01 2.500000e+00
      vertex   3.067198e+01 2.409285e+01 5.500000e-01
      vertex   3.070015e+01 2.416341e+01 2.500000e+00
    endloop
  endfacet
  facet normal 9.324722e-01 -3.612416e-01 -3.999804e-04
    outer loop
      vertex   3.070015e+01 2.416341e+01 2.500000e+00
      vertex   3.067198e+01 2.409285e+01 5.500000e-01
      vertex   3.072686e+01 2.423453e+01 5.500000e-01
    endloop
  endfacet
  facet normal 9.396925e-01 -3.420201e-01 3.999804e-04
    outer loop
      vertex   3.070015e+01 2.416341e+01 2.500000e+00
      vertex   3.072686e+01 2.423453e+01 5.500000e-01
      vertex   3.075211e+01 2.430618e+01 2.500000e+00
    endloop
  endfacet
  facet normal 9.465168e-01 -3.226544e-01 -3.999804e-04
    outer loop
      vertex   3.075211e+01 2.430618e+01 2.500000e+00
      vertex   3.072686e+01 2.423453e+01 5.500000e-01
      vertex   3.077589e+01 2.437834e+01 5.500000e-01
    endloop
  endfacet
  facet normal 9.529419e-01 -3.031526e-01 3.999804e-04
    outer loop
      vertex   3.075211e+01 2.430618e+01 2.500000e+00
      vertex   3.077589e+01 2.437834e+01 5.500000e-01
      vertex   3.079817e+01 2.445096e+01 2.500000e+00
    endloop
  endfacet
  facet normal 9.589653e-01 -2.835231e-01 -3.999804e-04
    outer loop
      vertex   3.079817e+01 2.445096e+01 2.500000e+00
      vertex   3.077589e+01 2.437834e+01 5.500000e-01
      vertex   3.081896e+01 2.452404e+01 5.500000e-01
    endloop
  endfacet
  facet normal 9.645844e-01 -2.637740e-01 3.999804e-04
    outer loop
      vertex   3.079817e+01 2.445096e+01 2.500000e+00
      vertex   3.081896e+01 2.452404e+01 5.500000e-01
      vertex   3.083825e+01 2.459752e+01 2.500000e+00
    endloop
  endfacet
  facet normal 9.697969e-01 -2.439137e-01 -3.999804e-04
    outer loop
      vertex   3.083825e+01 2.459752e+01 2.500000e+00
      vertex   3.081896e+01 2.452404e+01 5.500000e-01
      vertex   3.085602e+01 2.467138e+01 5.500000e-01
    endloop
  endfacet
  facet normal 9.746004e-01 -2.239506e-01 3.999804e-04
    outer loop
      vertex   3.083825e+01 2.459752e+01 2.500000e+00
      vertex   3.085602e+01 2.467138e+01 5.500000e-01
      vertex   3.087227e+01 2.474560e+01 2.500000e+00
    endloop
  endfacet
  facet normal 9.789931e-01 -2.038930e-01 -3.999804e-04
    outer loop
      vertex   3.087227e+01 2.474560e+01 2.500000e+00
      vertex   3.085602e+01 2.467138e+01 5.500000e-01
      vertex   3.088700e+01 2.482013e+01 5.500000e-01
    endloop
  endfacet
  facet normal 9.829730e-01 -1.837495e-01 3.999804e-04
    outer loop
      vertex   3.087227e+01 2.474560e+01 2.500000e+00
      vertex   3.088700e+01 2.482013e+01 5.500000e-01
      vertex   3.090019e+01 2.489494e+01 2.500000e+00
    endloop
  endfacet
  facet normal 9.865385e-01 -1.635285e-01 -3.999804e-04
    outer loop
      vertex   3.090019e+01 2.489494e+01 2.500000e+00
      vertex   3.088700e+01 2.482013e+01 5.500000e-01
      vertex   3.091185e+01 2.497002e+01 5.500000e-01
    endloop
  endfacet
  facet normal 9.896881e-01 -1.432386e-01 3.999804e-04
    outer loop
      vertex   3.090019e+01 2.489494e+01 2.500000e+00
      vertex   3.091185e+01 2.497002e+01 5.500000e-01
      vertex   3.092196e+01 2.504531e+01 2.500000e+00
    endloop
  endfacet
  facet normal 9.924204e-01 -1.228883e-01 -3.999804e-04
    outer loop
      vertex   3.092196e+01 2.504531e+01 2.500000e+00
      vertex   3.091185e+01 2.497002e+01 5.500000e-01
      vertex   3.093052e+01 2.512080e+01 5.500000e-01
    endloop
  endfacet
  facet normal 9.947344e-01 -1.024862e-01 3.999804e-04
    outer loop
      vertex   3.092196e+01 2.504531e+01 2.500000e+00
      vertex   3.093052e+01 2.512080e+01 5.500000e-01
      vertex   3.093753e+01 2.519645e+01 2.500000e+00
    endloop
  endfacet
  facet normal 9.966289e-01 -8.204082e-02 -3.999804e-04
    outer loop
      vertex   3.093753e+01 2.519645e+01 2.500000e+00
      vertex   3.093052e+01 2.512080e+01 5.500000e-01
      vertex   3.094298e+01 2.527222e+01 5.500000e-01
    endloop
  endfacet
  facet normal 9.981032e-01 -6.156090e-02 3.999804e-04
    outer loop
      vertex   3.093753e+01 2.519645e+01 2.500000e+00
      vertex   3.094298e+01 2.527222e+01 5.500000e-01
      vertex   3.094688e+01 2.534810e+01 2.500000e+00
    endloop
  endfacet
  facet normal 9.991568e-01 -4.105503e-02 -3.999804e-04
    outer loop
      vertex   3.094688e+01 2.534810e+01 2.500000e+00
      vertex   3.094298e+01 2.527222e+01 5.500000e-01
      vertex   3.094922e+01 2.542403e+01 5.500000e-01
    endloop
  endfacet
  facet normal -9.997892e-01 -2.053184e-02 0.000000e+00
    outer loop
      vertex   2.355312e+01 2.534810e+01 -1.400000e+00
      vertex   2.355312e+01 2.534810e+01 5.500000e-01
      vertex   2.355000e+01 2.550000e+01 -1.400000e+00
    endloop
  endfacet
  facet normal -9.997892e-01 -2.053184e-02 0.000000e+00
    outer loop
      vertex   2.355000e+01 2.550000e+01 -1.400000e+00
      vertex   2.355312e+01 2.534810e+01 5.500000e-01
      vertex   2.355000e+01 2.550000e+01 5.500000e-01
    endloop
  endfacet
  facet normal -9.997892e-01 2.053184e-02 0.000000e+00
    outer loop
      vertex   2.355000e+01 2.550000e+01 -1.400000e+00
      vertex   2.355000e+01 2.550000e+01 5.500000e-01
      vertex   2.355312e+01 2.565190e+01 -1.400000e+00
    endloop
  endfacet
  facet normal -9.997892e-01 2.053184e-02 0.000000e+00
    outer loop
      vertex   2.355312e+01 2.565190e+01 -1.400000e+00
      vertex   2.355000e+01 2.550000e+01 5.500000e-01
      vertex   2.355312e+01 2.565190e+01 5.500000e-01
    endloop
  endfacet
  facet normal -9.981033e-01 6.156091e-02 0.000000e+00
    outer loop
      vertex   2.355312e+01 2.565190e+01 -1.400000e+00
      vertex   2.355312e+01 2.565190e+01 5.500000e-01
      vertex   2.356247e+01 2.580355e+01 -1.400000e+00
    endloop
  endfacet
  facet normal -9.981033e-01 6.156091e-02 0.000000e+00
    outer loop
      vertex   2.356247e+01 2.580355e+01 -1.400000e+00
      vertex   2.355312e+01 2.565190e+01 5.500000e-01
      vertex   2.356247e+01 2.580355e+01 5.500000e-01
    endloop
  endfacet
  facet normal -9.947344e-01 1.024862e-01 0.000000e+00
    outer loop
      vertex   2.356247e+01 2.580355e+01 -1.400000e+00
      vertex   2.356247e+01 2.580355e+01 5.500000e-01
      vertex   2.357804e+01 2.595469e+01 -1.400000e+00
    endloop
  endfacet
  facet normal -9.947344e-01 1.024862e-01 0.000000e+00
    outer loop
      vertex   2.357804e+01 2.595469e+01 -1.400000e+00
      vertex   2.356247e+01 2.580355e+01 5.500000e-01
      vertex   2.357804e+01 2.595469e+01 5.500000e-01
    endloop
  endfacet
  facet normal -9.896882e-01 1.432386e-01 0.000000e+00
    outer loop
      vertex   2.357804e+01 2.595469e+01 -1.400000e+00
      vertex   2.357804e+01 2.595469e+01 5.500000e-01
      vertex   2.359981e+01 2.610506e+01 -1.400000e+00
    endloop
  endfacet
  facet normal -9.896882e-01 1.432386e-01 0.000000e+00
    outer loop
      vertex   2.359981e+01 2.610506e+01 -1.400000e+00
      vertex   2.357804e+01 2.595469e+01 5.500000e-01
      vertex   2.359981e+01 2.610506e+01 5.500000e-01
    endloop
  endfacet
  facet normal -9.829731e-01 1.837495e-01 0.000000e+00
    outer loop
      vertex   2.359981e+01 2.610506e+01 -1.400000e+00
      vertex   2.359981e+01 2.610506e+01 5.500000e-01
      vertex   2.362773e+01 2.625440e+01 -1.400000e+00
    endloop
  endfacet
  facet normal -9.829731e-01 1.837495e-01 0.000000e+00
    outer loop
      vertex   2.362773e+01 2.625440e+01 -1.400000e+00
      vertex   2.359981e+01 2.610506e+01 5.500000e-01
      vertex   2.362773e+01 2.625440e+01 5.500000e-01
    endloop
  endfacet
  facet normal -9.746005e-01 2.239506e-01 0.000000e+00
    outer loop
      vertex   2.362773e+01 2.625440e+01 -1.400000e+00
      vertex   2.362773e+01 2.625440e+01 5.500000e-01
      vertex   2.366175e+01 2.640248e+01 -1.400000e+00
    endloop
  endfacet
  facet normal -9.746005e-01 2.239506e-01 0.000000e+00
    outer loop
      vertex   2.366175e+01 2.640248e+01 -1.400000e+00
      vertex   2.362773e+01 2.625440e+01 5.500000e-01
      vertex   2.366175e+01 2.640248e+01 5.500000e-01
    endloop
  endfacet
  facet normal -9.645845e-01 2.637740e-01 0.000000e+00
    outer loop
      vertex   2.366175e+01 2.640248e+01 -1.400000e+00
      vertex   2.366175e+01 2.640248e+01 5.500000e-01
      vertex   2.370183e+01 2.654904e+01 -1.400000e+00
    endloop
  endfacet
  facet normal -9.645845e-01 2.637740e-01 0.000000e+00
    outer loop
      vertex   2.370183e+01 2.654904e+01 -1.400000e+00
      vertex   2.366175e+01 2.640248e+01 5.500000e-01
      vertex   2.370183e+01 2.654904e+01 5.500000e-01
    endloop
  endfacet
  facet normal -9.529420e-01 3.031527e-01 0.000000e+00
    outer loop
      vertex   2.370183e+01 2.654904e+01 -1.400000e+00
      vertex   2.370183e+01 2.654904e+01 5.500000e-01
      vertex   2.374789e+01 2.669382e+01 -1.400000e+00
    endloop
  endfacet
  facet normal -9.529420e-01 3.031527e-01 0.000000e+00
    outer loop
      vertex   2.374789e+01 2.669382e+01 -1.400000e+00
      vertex   2.370183e+01 2.654904e+01 5.500000e-01
      vertex   2.374789e+01 2.669382e+01 5.500000e-01
    endloop
  endfacet
  facet normal -9.396926e-01 3.420201e-01 0.000000e+00
    outer loop
      vertex   2.374789e+01 2.669382e+01 -1.400000e+00
      vertex   2.374789e+01 2.669382e+01 5.500000e-01
      vertex   2.379985e+01 2.683659e+01 -1.400000e+00
    endloop
  endfacet
  facet normal -9.396926e-01 3.420201e-01 0.000000e+00
    outer loop
      vertex   2.379985e+01 2.683659e+01 -1.400000e+00
      vertex   2.374789e+01 2.669382e+01 5.500000e-01
      vertex   2.379985e+01 2.683659e+01 5.500000e-01
    endloop
  endfacet
  facet normal -9.248587e-01 3.803109e-01 0.000000e+00
    outer loop
      vertex   2.379985e+01 2.683659e+01 -1.400000e+00
      vertex   2.379985e+01 2.683659e+01 5.500000e-01
      vertex   2.385764e+01 2.697711e+01 -1.400000e+00
    endloop
  endfacet
  facet normal -9.248587e-01 3.803109e-01 0.000000e+00
    outer loop
      vertex   2.385764e+01 2.697711e+01 -1.400000e+00
      vertex   2.379985e+01 2.683659e+01 5.500000e-01
      vertex   2.385764e+01 2.697711e+01 5.500000e-01
    endloop
  endfacet
  facet normal -9.084653e-01 4.179603e-01 0.000000e+00
    outer loop
      vertex   2.385764e+01 2.697711e+01 -1.400000e+00
      vertex   2.385764e+01 2.697711e+01 5.500000e-01
      vertex   2.392114e+01 2.711514e+01 -1.400000e+00
    endloop
  endfacet
  facet normal -9.084653e-01 4.179603e-01 -7.614838e-16
    outer loop
      vertex   2.392114e+01 2.711514e+01 -1.400000e+00
      vertex   2.385764e+01 2.697711e+01 5.500000e-01
      vertex   2.392114e+01 2.711514e+01 5.500000e-01
    endloop
  endfacet
  facet normal -8.905400e-01 4.549050e-01 -8.287935e-16
    outer loop
      vertex   2.392114e+01 2.711514e+01 -1.400000e+00
      vertex   2.392114e+01 2.711514e+01 5.500000e-01
      vertex   2.399025e+01 2.725045e+01 -1.400000e+00
    endloop
  endfacet
  facet normal -8.905400e-01 4.549050e-01 0.000000e+00
    outer loop
      vertex   2.399025e+01 2.725045e+01 -1.400000e+00
      vertex   2.392114e+01 2.711514e+01 5.500000e-01
      vertex   2.399025e+01 2.725045e+01 5.500000e-01
    endloop
  endfacet
  facet normal -8.711130e-01 4.910826e-01 0.000000e+00
    outer loop
      vertex   2.399025e+01 2.725045e+01 -1.400000e+00
      vertex   2.399025e+01 2.725045e+01 5.500000e-01
      vertex   2.406487e+01 2.738280e+01 -1.400000e+00
    endloop
  endfacet
  facet normal -8.711130e-01 4.910826e-01 0.000000e+00
    outer loop
      vertex   2.406487e+01 2.738280e+01 -1.400000e+00
      vertex   2.399025e+01 2.725045e+01 5.500000e-01
      vertex   2.406487e+01 2.738280e+01 5.500000e-01
    endloop
  endfacet
  facet normal -8.502171e-01 5.264322e-01 0.000000e+00
    outer loop
      vertex   2.406487e+01 2.738280e+01 -1.400000e+00
      vertex   2.406487e+01 2.738280e+01 5.500000e-01
      vertex   2.414485e+01 2.751198e+01 -1.400000e+00
    endloop
  endfacet
  facet normal -8.502171e-01 5.264322e-01 0.000000e+00
    outer loop
      vertex   2.414485e+01 2.751198e+01 -1.400000e+00
      vertex   2.406487e+01 2.738280e+01 5.500000e-01
      vertex   2.414485e+01 2.751198e+01 5.500000e-01
    endloop
  endfacet
  facet normal -8.278876e-01 5.608940e-01 0.000000e+00
    outer loop
      vertex   2.414485e+01 2.751198e+01 -1.400000e+00
      vertex   2.414485e+01 2.751198e+01 5.500000e-01
      vertex   2.423007e+01 2.763776e+01 -1.400000e+00
    endloop
  endfacet
  facet normal -8.278876e-01 5.608940e-01 0.000000e+00
    outer loop
      vertex   2.423007e+01 2.763776e+01 -1.400000e+00
      vertex   2.414485e+01 2.751198e+01 5.500000e-01
      vertex   2.423007e+01 2.763776e+01 5.500000e-01
    endloop
  endfacet
  facet normal -8.041621e-01 5.944101e-01 0.000000e+00
    outer loop
      vertex   2.423007e+01 2.763776e+01 -1.400000e+00
      vertex   2.423007e+01 2.763776e+01 5.500000e-01
      vertex   2.432038e+01 2.775994e+01 -1.400000e+00
    endloop
  endfacet
  facet normal -8.041621e-01 5.944101e-01 0.000000e+00
    outer loop
      vertex   2.432038e+01 2.775994e+01 -1.400000e+00
      vertex   2.423007e+01 2.763776e+01 5.500000e-01
      vertex   2.432038e+01 2.775994e+01 5.500000e-01
    endloop
  endfacet
  facet normal -7.790806e-01 6.269238e-01 0.000000e+00
    outer loop
      vertex   2.432038e+01 2.775994e+01 -1.400000e+00
      vertex   2.432038e+01 2.775994e+01 5.500000e-01
      vertex   2.441564e+01 2.787831e+01 -1.400000e+00
    endloop
  endfacet
  facet normal -7.790806e-01 6.269238e-01 0.000000e+00
    outer loop
      vertex   2.441564e+01 2.787831e+01 -1.400000e+00
      vertex   2.432038e+01 2.775994e+01 5.500000e-01
      vertex   2.441564e+01 2.787831e+01 5.500000e-01
    endloop
  endfacet
  facet normal -7.526853e-01 6.583804e-01 0.000000e+00
    outer loop
      vertex   2.441564e+01 2.787831e+01 -1.400000e+00
      vertex   2.441564e+01 2.787831e+01 5.500000e-01
      vertex   2.451567e+01 2.799267e+01 -1.400000e+00
    endloop
  endfacet
  facet normal -7.526853e-01 6.583804e-01 0.000000e+00
    outer loop
      vertex   2.451567e+01 2.799267e+01 -1.400000e+00
      vertex   2.441564e+01 2.787831e+01 5.500000e-01
      vertex   2.451567e+01 2.799267e+01 5.500000e-01
    endloop
  endfacet
  facet normal -7.250209e-01 6.887268e-01 0.000000e+00
    outer loop
      vertex   2.451567e+01 2.799267e+01 -1.400000e+00
      vertex   2.451567e+01 2.799267e+01 5.500000e-01
      vertex   2.462031e+01 2.810283e+01 -1.400000e+00
    endloop
  endfacet
  facet normal -7.250209e-01 6.887268e-01 0.000000e+00
    outer loop
      vertex   2.462031e+01 2.810283e+01 -1.400000e+00
      vertex   2.451567e+01 2.799267e+01 5.500000e-01
      vertex   2.462031e+01 2.810283e+01 5.500000e-01
    endloop
  endfacet
  facet normal -6.961339e-01 7.179119e-01 0.000000e+00
    outer loop
      vertex   2.462031e+01 2.810283e+01 -1.400000e+00
      vertex   2.462031e+01 2.810283e+01 5.500000e-01
      vertex   2.472939e+01 2.820860e+01 -1.400000e+00
    endloop
  endfacet
  facet normal -6.961339e-01 7.179119e-01 0.000000e+00
    outer loop
      vertex   2.472939e+01 2.820860e+01 -1.400000e+00
      vertex   2.462031e+01 2.810283e+01 5.500000e-01
      vertex   2.472939e+01 2.820860e+01 5.500000e-01
    endloop
  endfacet
  facet normal -6.660731e-01 7.458864e-01 0.000000e+00
    outer loop
      vertex   2.472939e+01 2.820860e+01 -1.400000e+00
      vertex   2.472939e+01 2.820860e+01 5.500000e-01
      vertex   2.484271e+01 2.830980e+01 -1.400000e+00
    endloop
  endfacet
  facet normal -6.660731e-01 7.458864e-01 0.000000e+00
    outer loop
      vertex   2.484271e+01 2.830980e+01 -1.400000e+00
      vertex   2.472939e+01 2.820860e+01 5.500000e-01
      vertex   2.484271e+01 2.830980e+01 5.500000e-01
    endloop
  endfacet
  facet normal -6.348892e-01 7.726032e-01 0.000000e+00
    outer loop
      vertex   2.484271e+01 2.830980e+01 -1.400000e+00
      vertex   2.484271e+01 2.830980e+01 5.500000e-01
      vertex   2.496010e+01 2.840626e+01 -1.400000e+00
    endloop
  endfacet
  facet normal -6.348892e-01 7.726032e-01 0.000000e+00
    outer loop
      vertex   2.496010e+01 2.840626e+01 -1.400000e+00
      vertex   2.484271e+01 2.830980e+01 5.500000e-01
      vertex   2.496010e+01 2.840626e+01 5.500000e-01
    endloop
  endfacet
  facet normal -6.026346e-01 7.980172e-01 0.000000e+00
    outer loop
      vertex   2.496010e+01 2.840626e+01 -1.400000e+00
      vertex   2.496010e+01 2.840626e+01 5.500000e-01
      vertex   2.508135e+01 2.849782e+01 -1.400000e+00
    endloop
  endfacet
  facet normal -6.026346e-01 7.980172e-01 0.000000e+00
    outer loop
      vertex   2.508135e+01 2.849782e+01 -1.400000e+00
      vertex   2.496010e+01 2.840626e+01 5.500000e-01
      vertex   2.508135e+01 2.849782e+01 5.500000e-01
    endloop
  endfacet
  facet normal -5.693639e-01 8.220856e-01 0.000000e+00
    outer loop
      vertex   2.508135e+01 2.849782e+01 -1.400000e+00
      vertex   2.508135e+01 2.849782e+01 5.500000e-01
      vertex   2.520625e+01 2.858433e+01 -1.400000e+00
    endloop
  endfacet
  facet normal -5.693639e-01 8.220856e-01 -2.995523e-15
    outer loop
      vertex   2.520625e+01 2.858433e+01 -1.400000e+00
      vertex   2.508135e+01 2.849782e+01 5.500000e-01
      vertex   2.520625e+01 2.858433e+01 5.500000e-01
    endloop
  endfacet
  facet normal -5.351331e-01 8.447677e-01 -3.078172e-15
    outer loop
      vertex   2.520625e+01 2.858433e+01 -1.400000e+00
      vertex   2.520625e+01 2.858433e+01 5.500000e-01
      vertex   2.533460e+01 2.866563e+01 -1.400000e+00
    endloop
  endfacet
  facet normal -5.351331e-01 8.447677e-01 0.000000e+00
    outer loop
      vertex   2.533460e+01 2.866563e+01 -1.400000e+00
      vertex   2.520625e+01 2.858433e+01 5.500000e-01
      vertex   2.533460e+01 2.866563e+01 5.500000e-01
    endloop
  endfacet
  facet normal -5.000000e-01 8.660254e-01 0.000000e+00
    outer loop
      vertex   2.533460e+01 2.866563e+01 -1.400000e+00
      vertex   2.533460e+01 2.866563e+01 5.500000e-01
      vertex   2.546618e+01 2.874160e+01 -1.400000e+00
    endloop
  endfacet
  facet normal -5.000000e-01 8.660254e-01 0.000000e+00
    outer loop
      vertex   2.546618e+01 2.874160e+01 -1.400000e+00
      vertex   2.533460e+01 2.866563e+01 5.500000e-01
      vertex   2.546618e+01 2.874160e+01 5.500000e-01
    endloop
  endfacet
  facet normal -4.640237e-01 8.858228e-01 0.000000e+00
    outer loop
      vertex   2.546618e+01 2.874160e+01 -1.400000e+00
      vertex   2.546618e+01 2.874160e+01 5.500000e-01
      vertex   2.560077e+01 2.881210e+01 -1.400000e+00
    endloop
  endfacet
  facet normal -4.640237e-01 8.858228e-01 0.000000e+00
    outer loop
      vertex   2.560077e+01 2.881210e+01 -1.400000e+00
      vertex   2.546618e+01 2.874160e+01 5.500000e-01
      vertex   2.560077e+01 2.881210e+01 5.500000e-01
    endloop
  endfacet
  facet normal -4.272650e-01 9.041264e-01 0.000000e+00
    outer loop
      vertex   2.560077e+01 2.881210e+01 -1.400000e+00
      vertex   2.560077e+01 2.881210e+01 5.500000e-01
      vertex   2.573814e+01 2.887702e+01 -1.400000e+00
    endloop
  endfacet
  facet normal -4.272650e-01 9.041264e-01 0.000000e+00
    outer loop
      vertex   2.573814e+01 2.887702e+01 -1.400000e+00
      vertex   2.560077e+01 2.881210e+01 5.500000e-01
      vertex   2.573814e+01 2.887702e+01 5.500000e-01
    endloop
  endfacet
  facet normal -3.897859e-01 9.209055e-01 0.000000e+00
    outer loop
      vertex   2.573814e+01 2.887702e+01 -1.400000e+00
      vertex   2.573814e+01 2.887702e+01 5.500000e-01
      vertex   2.587806e+01 2.893624e+01 -1.400000e+00
    endloop
  endfacet
  facet normal -3.897859e-01 9.209055e-01 1.420305e-15
    outer loop
      vertex   2.587806e+01 2.893624e+01 -1.400000e+00
      vertex   2.573814e+01 2.887702e+01 5.500000e-01
      vertex   2.587806e+01 2.893624e+01 5.500000e-01
    endloop
  endfacet
  facet normal -3.516494e-01 9.361318e-01 1.281343e-15
    outer loop
      vertex   2.587806e+01 2.893624e+01 -1.400000e+00
      vertex   2.587806e+01 2.893624e+01 5.500000e-01
      vertex   2.602029e+01 2.898967e+01 -1.400000e+00
    endloop
  endfacet
  facet normal -3.516494e-01 9.361318e-01 0.000000e+00
    outer loop
      vertex   2.602029e+01 2.898967e+01 -1.400000e+00
      vertex   2.587806e+01 2.893624e+01 5.500000e-01
      vertex   2.602029e+01 2.898967e+01 5.500000e-01
    endloop
  endfacet
  facet normal -3.129200e-01 9.497795e-01 0.000000e+00
    outer loop
      vertex   2.602029e+01 2.898967e+01 -1.400000e+00
      vertex   2.602029e+01 2.898967e+01 5.500000e-01
      vertex   2.616459e+01 2.903722e+01 -1.400000e+00
    endloop
  endfacet
  facet normal -3.129200e-01 9.497795e-01 0.000000e+00
    outer loop
      vertex   2.616459e+01 2.903722e+01 -1.400000e+00
      vertex   2.602029e+01 2.898967e+01 5.500000e-01
      vertex   2.616459e+01 2.903722e+01 5.500000e-01
    endloop
  endfacet
  facet normal -2.736630e-01 9.618256e-01 0.000000e+00
    outer loop
      vertex   2.616459e+01 2.903722e+01 -1.400000e+00
      vertex   2.616459e+01 2.903722e+01 5.500000e-01
      vertex   2.631073e+01 2.907879e+01 -1.400000e+00
    endloop
  endfacet
  facet normal -2.736630e-01 9.618256e-01 0.000000e+00
    outer loop
      vertex   2.631073e+01 2.907879e+01 -1.400000e+00
      vertex   2.616459e+01 2.903722e+01 5.500000e-01
      vertex   2.631073e+01 2.907879e+01 5.500000e-01
    endloop
  endfacet
  facet normal -2.339445e-01 9.722500e-01 0.000000e+00
    outer loop
      vertex   2.631073e+01 2.907879e+01 -1.400000e+00
      vertex   2.631073e+01 2.907879e+01 5.500000e-01
      vertex   2.645845e+01 2.911434e+01 -1.400000e+00
    endloop
  endfacet
  facet normal -2.339445e-01 9.722500e-01 4.262245e-16
    outer loop
      vertex   2.645845e+01 2.911434e+01 -1.400000e+00
      vertex   2.631073e+01 2.907879e+01 5.500000e-01
      vertex   2.645845e+01 2.911434e+01 5.500000e-01
    endloop
  endfacet
  facet normal -1.938315e-01 9.810348e-01 3.531425e-16
    outer loop
      vertex   2.645845e+01 2.911434e+01 -1.400000e+00
      vertex   2.645845e+01 2.911434e+01 5.500000e-01
      vertex   2.660750e+01 2.914379e+01 -1.400000e+00
    endloop
  endfacet
  facet normal -1.938315e-01 9.810348e-01 0.000000e+00
    outer loop
      vertex   2.660750e+01 2.914379e+01 -1.400000e+00
      vertex   2.645845e+01 2.911434e+01 5.500000e-01
      vertex   2.660750e+01 2.914379e+01 5.500000e-01
    endloop
  endfacet
  facet normal -1.533917e-01 9.881655e-01 0.000000e+00
    outer loop
      vertex   2.660750e+01 2.914379e+01 -1.400000e+00
      vertex   2.660750e+01 2.914379e+01 5.500000e-01
      vertex   2.675764e+01 2.916709e+01 -1.400000e+00
    endloop
  endfacet
  facet normal -1.533917e-01 9.881655e-01 0.000000e+00
    outer loop
      vertex   2.675764e+01 2.916709e+01 -1.400000e+00
      vertex   2.660750e+01 2.914379e+01 5.500000e-01
      vertex   2.675764e+01 2.916709e+01 5.500000e-01
    endloop
  endfacet
  facet normal -1.126932e-01 9.936298e-01 0.000000e+00
    outer loop
      vertex   2.675764e+01 2.916709e+01 -1.400000e+00
      vertex   2.675764e+01 2.916709e+01 5.500000e-01
      vertex   2.690861e+01 2.918422e+01 -1.400000e+00
    endloop
  endfacet
  facet normal -1.126932e-01 9.936298e-01 0.000000e+00
    outer loop
      vertex   2.690861e+01 2.918422e+01 -1.400000e+00
      vertex   2.675764e+01 2.916709e+01 5.500000e-01
      vertex   2.690861e+01 2.918422e+01 5.500000e-01
    endloop
  endfacet
  facet normal -7.180465e-02 9.974187e-01 0.000000e+00
    outer loop
      vertex   2.690861e+01 2.918422e+01 -1.400000e+00
      vertex   2.690861e+01 2.918422e+01 5.500000e-01
      vertex   2.706015e+01 2.919513e+01 -1.400000e+00
    endloop
  endfacet
  facet normal -7.180465e-02 9.974187e-01 2.616424e-16
    outer loop
      vertex   2.706015e+01 2.919513e+01 -1.400000e+00
      vertex   2.690861e+01 2.918422e+01 5.500000e-01
      vertex   2.706015e+01 2.919513e+01 5.500000e-01
    endloop
  endfacet
  facet normal -3.079506e-02 9.995257e-01 1.122113e-16
    outer loop
      vertex   2.706015e+01 2.919513e+01 -1.400000e+00
      vertex   2.706015e+01 2.919513e+01 5.500000e-01
      vertex   2.721201e+01 2.919981e+01 -1.400000e+00
    endloop
  endfacet
  facet normal -3.079506e-02 9.995257e-01 0.000000e+00
    outer loop
      vertex   2.721201e+01 2.919981e+01 -1.400000e+00
      vertex   2.706015e+01 2.919513e+01 5.500000e-01
      vertex   2.721201e+01 2.919981e+01 5.500000e-01
    endloop
  endfacet
  facet normal 1.026646e-02 9.999473e-01 -0.000000e+00
    outer loop
      vertex   2.721201e+01 2.919981e+01 -1.400000e+00
      vertex   2.721201e+01 2.919981e+01 5.500000e-01
      vertex   2.736394e+01 2.919825e+01 -1.400000e+00
    endloop
  endfacet
  facet normal 1.026646e-02 9.999473e-01 -0.000000e+00
    outer loop
      vertex   2.736394e+01 2.919825e+01 -1.400000e+00
      vertex   2.721201e+01 2.919981e+01 5.500000e-01
      vertex   2.736394e+01 2.919825e+01 5.500000e-01
    endloop
  endfacet
  facet normal 5.131067e-02 9.986827e-01 -0.000000e+00
    outer loop
      vertex   2.736394e+01 2.919825e+01 -1.400000e+00
      vertex   2.736394e+01 2.919825e+01 5.500000e-01
      vertex   2.751568e+01 2.919045e+01 -1.400000e+00
    endloop
  endfacet
  facet normal 5.131067e-02 9.986827e-01 -0.000000e+00
    outer loop
      vertex   2.751568e+01 2.919045e+01 -1.400000e+00
      vertex   2.736394e+01 2.919825e+01 5.500000e-01
      vertex   2.751568e+01 2.919045e+01 5.500000e-01
    endloop
  endfacet
  facet normal 9.226836e-02 9.957342e-01 -0.000000e+00
    outer loop
      vertex   2.751568e+01 2.919045e+01 -1.400000e+00
      vertex   2.751568e+01 2.919045e+01 5.500000e-01
      vertex   2.766696e+01 2.917643e+01 -1.400000e+00
    endloop
  endfacet
  facet normal 9.226836e-02 9.957342e-01 -0.000000e+00
    outer loop
      vertex   2.766696e+01 2.917643e+01 -1.400000e+00
      vertex   2.751568e+01 2.919045e+01 5.500000e-01
      vertex   2.766696e+01 2.917643e+01 5.500000e-01
    endloop
  endfacet
  facet normal 1.330705e-01 9.911066e-01 -0.000000e+00
    outer loop
      vertex   2.766696e+01 2.917643e+01 -1.400000e+00
      vertex   2.766696e+01 2.917643e+01 5.500000e-01
      vertex   2.781755e+01 2.915621e+01 -1.400000e+00
    endloop
  endfacet
  facet normal 1.330705e-01 9.911066e-01 -0.000000e+00
    outer loop
      vertex   2.781755e+01 2.915621e+01 -1.400000e+00
      vertex   2.766696e+01 2.917643e+01 5.500000e-01
      vertex   2.781755e+01 2.915621e+01 5.500000e-01
    endloop
  endfacet
  facet normal 1.736482e-01 9.848078e-01 -0.000000e+00
    outer loop
      vertex   2.781755e+01 2.915621e+01 -1.400000e+00
      vertex   2.781755e+01 2.915621e+01 5.500000e-01
      vertex   2.796718e+01 2.912983e+01 -1.400000e+00
    endloop
  endfacet
  facet normal 1.736482e-01 9.848078e-01 -0.000000e+00
    outer loop
      vertex   2.796718e+01 2.912983e+01 -1.400000e+00
      vertex   2.781755e+01 2.915621e+01 5.500000e-01
      vertex   2.796718e+01 2.912983e+01 5.500000e-01
    endloop
  endfacet
  facet normal 2.139331e-01 9.768483e-01 -0.000000e+00
    outer loop
      vertex   2.796718e+01 2.912983e+01 -1.400000e+00
      vertex   2.796718e+01 2.912983e+01 5.500000e-01
      vertex   2.811559e+01 2.909732e+01 -1.400000e+00
    endloop
  endfacet
  facet normal 2.139331e-01 9.768483e-01 -0.000000e+00
    outer loop
      vertex   2.811559e+01 2.909732e+01 -1.400000e+00
      vertex   2.796718e+01 2.912983e+01 5.500000e-01
      vertex   2.811559e+01 2.909732e+01 5.500000e-01
    endloop
  endfacet
  facet normal 2.538572e-01 9.672417e-01 -0.000000e+00
    outer loop
      vertex   2.811559e+01 2.909732e+01 -1.400000e+00
      vertex   2.811559e+01 2.909732e+01 5.500000e-01
      vertex   2.826255e+01 2.905875e+01 -1.400000e+00
    endloop
  endfacet
  facet normal 2.538572e-01 9.672417e-01 -0.000000e+00
    outer loop
      vertex   2.826255e+01 2.905875e+01 -1.400000e+00
      vertex   2.811559e+01 2.909732e+01 5.500000e-01
      vertex   2.826255e+01 2.905875e+01 5.500000e-01
    endloop
  endfacet
  facet normal 2.933534e-01 9.560041e-01 -0.000000e+00
    outer loop
      vertex   2.826255e+01 2.905875e+01 -1.400000e+00
      vertex   2.826255e+01 2.905875e+01 5.500000e-01
      vertex   2.840780e+01 2.901418e+01 -1.400000e+00
    endloop
  endfacet
  facet normal 2.933534e-01 9.560041e-01 -0.000000e+00
    outer loop
      vertex   2.840780e+01 2.901418e+01 -1.400000e+00
      vertex   2.826255e+01 2.905875e+01 5.500000e-01
      vertex   2.840780e+01 2.901418e+01 5.500000e-01
    endloop
  endfacet
  facet normal 3.323548e-01 9.431544e-01 -0.000000e+00
    outer loop
      vertex   2.840780e+01 2.901418e+01 -1.400000e+00
      vertex   2.840780e+01 2.901418e+01 5.500000e-01
      vertex   2.855110e+01 2.896369e+01 -1.400000e+00
    endloop
  endfacet
  facet normal 3.323548e-01 9.431544e-01 -0.000000e+00
    outer loop
      vertex   2.855110e+01 2.896369e+01 -1.400000e+00
      vertex   2.840780e+01 2.901418e+01 5.500000e-01
      vertex   2.855110e+01 2.896369e+01 5.500000e-01
    endloop
  endfacet
  facet normal 3.707958e-01 9.287144e-01 -0.000000e+00
    outer loop
      vertex   2.855110e+01 2.896369e+01 -1.400000e+00
      vertex   2.855110e+01 2.896369e+01 5.500000e-01
      vertex   2.869221e+01 2.890735e+01 -1.400000e+00
    endloop
  endfacet
  facet normal 3.707958e-01 9.287144e-01 -0.000000e+00
    outer loop
      vertex   2.869221e+01 2.890735e+01 -1.400000e+00
      vertex   2.855110e+01 2.896369e+01 5.500000e-01
      vertex   2.869221e+01 2.890735e+01 5.500000e-01
    endloop
  endfacet
  facet normal 4.086116e-01 9.127084e-01 -0.000000e+00
    outer loop
      vertex   2.869221e+01 2.890735e+01 -1.400000e+00
      vertex   2.869221e+01 2.890735e+01 5.500000e-01
      vertex   2.883088e+01 2.884527e+01 -1.400000e+00
    endloop
  endfacet
  facet normal 4.086116e-01 9.127084e-01 -0.000000e+00
    outer loop
      vertex   2.883088e+01 2.884527e+01 -1.400000e+00
      vertex   2.869221e+01 2.890735e+01 5.500000e-01
      vertex   2.883088e+01 2.884527e+01 5.500000e-01
    endloop
  endfacet
  facet normal 4.457384e-01 8.951633e-01 -0.000000e+00
    outer loop
      vertex   2.883088e+01 2.884527e+01 -1.400000e+00
      vertex   2.883088e+01 2.884527e+01 5.500000e-01
      vertex   2.896689e+01 2.877754e+01 -1.400000e+00
    endloop
  endfacet
  facet normal 4.457384e-01 8.951633e-01 -8.120927e-16
    outer loop
      vertex   2.896689e+01 2.877754e+01 -1.400000e+00
      vertex   2.883088e+01 2.884527e+01 5.500000e-01
      vertex   2.896689e+01 2.877754e+01 5.500000e-01
    endloop
  endfacet
  facet normal 4.821135e-01 8.761088e-01 -8.783647e-16
    outer loop
      vertex   2.896689e+01 2.877754e+01 -1.400000e+00
      vertex   2.896689e+01 2.877754e+01 5.500000e-01
      vertex   2.910000e+01 2.870429e+01 -1.400000e+00
    endloop
  endfacet
  facet normal 4.821135e-01 8.761088e-01 -0.000000e+00
    outer loop
      vertex   2.910000e+01 2.870429e+01 -1.400000e+00
      vertex   2.896689e+01 2.877754e+01 5.500000e-01
      vertex   2.910000e+01 2.870429e+01 5.500000e-01
    endloop
  endfacet
  facet normal 5.176757e-01 8.555769e-01 -0.000000e+00
    outer loop
      vertex   2.910000e+01 2.870429e+01 -1.400000e+00
      vertex   2.910000e+01 2.870429e+01 5.500000e-01
      vertex   2.922999e+01 2.862564e+01 -1.400000e+00
    endloop
  endfacet
  facet normal 5.176757e-01 8.555769e-01 -0.000000e+00
    outer loop
      vertex   2.922999e+01 2.862564e+01 -1.400000e+00
      vertex   2.910000e+01 2.870429e+01 5.500000e-01
      vertex   2.922999e+01 2.862564e+01 5.500000e-01
    endloop
  endfacet
  facet normal 5.523650e-01 8.336024e-01 -0.000000e+00
    outer loop
      vertex   2.922999e+01 2.862564e+01 -1.400000e+00
      vertex   2.922999e+01 2.862564e+01 5.500000e-01
      vertex   2.935665e+01 2.854172e+01 -1.400000e+00
    endloop
  endfacet
  facet normal 5.523650e-01 8.336024e-01 -0.000000e+00
    outer loop
      vertex   2.935665e+01 2.854172e+01 -1.400000e+00
      vertex   2.922999e+01 2.862564e+01 5.500000e-01
      vertex   2.935665e+01 2.854172e+01 5.500000e-01
    endloop
  endfacet
  facet normal 5.861228e-01 8.102222e-01 -0.000000e+00
    outer loop
      vertex   2.935665e+01 2.854172e+01 -1.400000e+00
      vertex   2.935665e+01 2.854172e+01 5.500000e-01
      vertex   2.947975e+01 2.845266e+01 -1.400000e+00
    endloop
  endfacet
  facet normal 5.861228e-01 8.102222e-01 -0.000000e+00
    outer loop
      vertex   2.947975e+01 2.845266e+01 -1.400000e+00
      vertex   2.935665e+01 2.854172e+01 5.500000e-01
      vertex   2.947975e+01 2.845266e+01 5.500000e-01
    endloop
  endfacet
  facet normal 6.188924e-01 7.854758e-01 -0.000000e+00
    outer loop
      vertex   2.947975e+01 2.845266e+01 -1.400000e+00
      vertex   2.947975e+01 2.845266e+01 5.500000e-01
      vertex   2.959909e+01 2.835863e+01 -1.400000e+00
    endloop
  endfacet
  facet normal 6.188924e-01 7.854758e-01 -0.000000e+00
    outer loop
      vertex   2.959909e+01 2.835863e+01 -1.400000e+00
      vertex   2.947975e+01 2.845266e+01 5.500000e-01
      vertex   2.959909e+01 2.835863e+01 5.500000e-01
    endloop
  endfacet
  facet normal 6.506183e-01 7.594049e-01 -0.000000e+00
    outer loop
      vertex   2.959909e+01 2.835863e+01 -1.400000e+00
      vertex   2.959909e+01 2.835863e+01 5.500000e-01
      vertex   2.971447e+01 2.825978e+01 -1.400000e+00
    endloop
  endfacet
  facet normal 6.506183e-01 7.594049e-01 -0.000000e+00
    outer loop
      vertex   2.971447e+01 2.825978e+01 -1.400000e+00
      vertex   2.959909e+01 2.835863e+01 5.500000e-01
      vertex   2.971447e+01 2.825978e+01 5.500000e-01
    endloop
  endfacet
  facet normal 6.812471e-01 7.320535e-01 -0.000000e+00
    outer loop
      vertex   2.971447e+01 2.825978e+01 -1.400000e+00
      vertex   2.971447e+01 2.825978e+01 5.500000e-01
      vertex   2.982570e+01 2.815627e+01 -1.400000e+00
    endloop
  endfacet
  facet normal 6.812471e-01 7.320535e-01 -0.000000e+00
    outer loop
      vertex   2.982570e+01 2.815627e+01 -1.400000e+00
      vertex   2.971447e+01 2.825978e+01 5.500000e-01
      vertex   2.982570e+01 2.815627e+01 5.500000e-01
    endloop
  endfacet
  facet normal 7.107273e-01 7.034677e-01 -0.000000e+00
    outer loop
      vertex   2.982570e+01 2.815627e+01 -1.400000e+00
      vertex   2.982570e+01 2.815627e+01 5.500000e-01
      vertex   2.993258e+01 2.804829e+01 -1.400000e+00
    endloop
  endfacet
  facet normal 7.107273e-01 7.034677e-01 -0.000000e+00
    outer loop
      vertex   2.993258e+01 2.804829e+01 -1.400000e+00
      vertex   2.982570e+01 2.815627e+01 5.500000e-01
      vertex   2.993258e+01 2.804829e+01 5.500000e-01
    endloop
  endfacet
  facet normal 7.390089e-01 6.736956e-01 -0.000000e+00
    outer loop
      vertex   2.993258e+01 2.804829e+01 -1.400000e+00
      vertex   2.993258e+01 2.804829e+01 5.500000e-01
      vertex   3.003494e+01 2.793601e+01 -1.400000e+00
    endloop
  endfacet
  facet normal 7.390089e-01 6.736956e-01 -0.000000e+00
    outer loop
      vertex   3.003494e+01 2.793601e+01 -1.400000e+00
      vertex   2.993258e+01 2.804829e+01 5.500000e-01
      vertex   3.003494e+01 2.793601e+01 5.500000e-01
    endloop
  endfacet
  facet normal 7.660444e-01 6.427876e-01 -0.000000e+00
    outer loop
      vertex   3.003494e+01 2.793601e+01 -1.400000e+00
      vertex   3.003494e+01 2.793601e+01 5.500000e-01
      vertex   3.013260e+01 2.781962e+01 -1.400000e+00
    endloop
  endfacet
  facet normal 7.660444e-01 6.427876e-01 -0.000000e+00
    outer loop
      vertex   3.013260e+01 2.781962e+01 -1.400000e+00
      vertex   3.003494e+01 2.793601e+01 5.500000e-01
      vertex   3.013260e+01 2.781962e+01 5.500000e-01
    endloop
  endfacet
  facet normal 7.917882e-01 6.107957e-01 -0.000000e+00
    outer loop
      vertex   3.013260e+01 2.781962e+01 -1.400000e+00
      vertex   3.013260e+01 2.781962e+01 5.500000e-01
      vertex   3.022540e+01 2.769932e+01 -1.400000e+00
    endloop
  endfacet
  facet normal 7.917882e-01 6.107957e-01 -0.000000e+00
    outer loop
      vertex   3.022540e+01 2.769932e+01 -1.400000e+00
      vertex   3.013260e+01 2.781962e+01 5.500000e-01
      vertex   3.022540e+01 2.769932e+01 5.500000e-01
    endloop
  endfacet
  facet normal 8.161969e-01 5.777738e-01 -0.000000e+00
    outer loop
      vertex   3.022540e+01 2.769932e+01 -1.400000e+00
      vertex   3.022540e+01 2.769932e+01 5.500000e-01
      vertex   3.031318e+01 2.757531e+01 -1.400000e+00
    endloop
  endfacet
  facet normal 8.161969e-01 5.777738e-01 -0.000000e+00
    outer loop
      vertex   3.031318e+01 2.757531e+01 -1.400000e+00
      vertex   3.022540e+01 2.769932e+01 5.500000e-01
      vertex   3.031318e+01 2.757531e+01 5.500000e-01
    endloop
  endfacet
  facet normal 8.392293e-01 5.437777e-01 -0.000000e+00
    outer loop
      vertex   3.031318e+01 2.757531e+01 -1.400000e+00
      vertex   3.031318e+01 2.757531e+01 5.500000e-01
      vertex   3.039580e+01 2.744780e+01 -1.400000e+00
    endloop
  endfacet
  facet normal 8.392293e-01 5.437777e-01 -0.000000e+00
    outer loop
      vertex   3.039580e+01 2.744780e+01 -1.400000e+00
      vertex   3.031318e+01 2.757531e+01 5.500000e-01
      vertex   3.039580e+01 2.744780e+01 5.500000e-01
    endloop
  endfacet
  facet normal 8.608465e-01 5.088647e-01 -0.000000e+00
    outer loop
      vertex   3.039580e+01 2.744780e+01 -1.400000e+00
      vertex   3.039580e+01 2.744780e+01 5.500000e-01
      vertex   3.047312e+01 2.731701e+01 -1.400000e+00
    endloop
  endfacet
  facet normal 8.608465e-01 5.088647e-01 -0.000000e+00
    outer loop
      vertex   3.047312e+01 2.731701e+01 -1.400000e+00
      vertex   3.039580e+01 2.744780e+01 5.500000e-01
      vertex   3.047312e+01 2.731701e+01 5.500000e-01
    endloop
  endfacet
  facet normal 8.810122e-01 4.730936e-01 -0.000000e+00
    outer loop
      vertex   3.047312e+01 2.731701e+01 -1.400000e+00
      vertex   3.047312e+01 2.731701e+01 5.500000e-01
      vertex   3.054500e+01 2.718315e+01 -1.400000e+00
    endloop
  endfacet
  facet normal 8.810122e-01 4.730936e-01 -0.000000e+00
    outer loop
      vertex   3.054500e+01 2.718315e+01 -1.400000e+00
      vertex   3.047312e+01 2.731701e+01 5.500000e-01
      vertex   3.054500e+01 2.718315e+01 5.500000e-01
    endloop
  endfacet
  facet normal 8.996923e-01 4.365247e-01 -0.000000e+00
    outer loop
      vertex   3.054500e+01 2.718315e+01 -1.400000e+00
      vertex   3.054500e+01 2.718315e+01 5.500000e-01
      vertex   3.061132e+01 2.704645e+01 -1.400000e+00
    endloop
  endfacet
  facet normal 8.996923e-01 4.365247e-01 -0.000000e+00
    outer loop
      vertex   3.061132e+01 2.704645e+01 -1.400000e+00
      vertex   3.054500e+01 2.718315e+01 5.500000e-01
      vertex   3.061132e+01 2.704645e+01 5.500000e-01
    endloop
  endfacet
  facet normal 9.168553e-01 3.992198e-01 -0.000000e+00
    outer loop
      vertex   3.061132e+01 2.704645e+01 -1.400000e+00
      vertex   3.061132e+01 2.704645e+01 5.500000e-01
      vertex   3.067198e+01 2.690715e+01 -1.400000e+00
    endloop
  endfacet
  facet normal 9.168553e-01 3.992198e-01 -0.000000e+00
    outer loop
      vertex   3.067198e+01 2.690715e+01 -1.400000e+00
      vertex   3.061132e+01 2.704645e+01 5.500000e-01
      vertex   3.067198e+01 2.690715e+01 5.500000e-01
    endloop
  endfacet
  facet normal 9.324722e-01 3.612417e-01 -0.000000e+00
    outer loop
      vertex   3.067198e+01 2.690715e+01 -1.400000e+00
      vertex   3.067198e+01 2.690715e+01 5.500000e-01
      vertex   3.072686e+01 2.676547e+01 -1.400000e+00
    endloop
  endfacet
  facet normal 9.324722e-01 3.612417e-01 -0.000000e+00
    outer loop
      vertex   3.072686e+01 2.676547e+01 -1.400000e+00
      vertex   3.067198e+01 2.690715e+01 5.500000e-01
      vertex   3.072686e+01 2.676547e+01 5.500000e-01
    endloop
  endfacet
  facet normal 9.465168e-01 3.226544e-01 -0.000000e+00
    outer loop
      vertex   3.072686e+01 2.676547e+01 -1.400000e+00
      vertex   3.072686e+01 2.676547e+01 5.500000e-01
      vertex   3.077589e+01 2.662166e+01 -1.400000e+00
    endloop
  endfacet
  facet normal 9.465168e-01 3.226544e-01 -0.000000e+00
    outer loop
      vertex   3.077589e+01 2.662166e+01 -1.400000e+00
      vertex   3.072686e+01 2.676547e+01 5.500000e-01
      vertex   3.077589e+01 2.662166e+01 5.500000e-01
    endloop
  endfacet
  facet normal 9.589654e-01 2.835231e-01 -0.000000e+00
    outer loop
      vertex   3.077589e+01 2.662166e+01 -1.400000e+00
      vertex   3.077589e+01 2.662166e+01 5.500000e-01
      vertex   3.081896e+01 2.647596e+01 -1.400000e+00
    endloop
  endfacet
  facet normal 9.589654e-01 2.835231e-01 -0.000000e+00
    outer loop
      vertex   3.081896e+01 2.647596e+01 -1.400000e+00
      vertex   3.077589e+01 2.662166e+01 5.500000e-01
      vertex   3.081896e+01 2.647596e+01 5.500000e-01
    endloop
  endfacet
  facet normal 9.697969e-01 2.439137e-01 -0.000000e+00
    outer loop
      vertex   3.081896e+01 2.647596e+01 -1.400000e+00
      vertex   3.081896e+01 2.647596e+01 5.500000e-01
      vertex   3.085602e+01 2.632862e+01 -1.400000e+00
    endloop
  endfacet
  facet normal 9.697969e-01 2.439137e-01 -0.000000e+00
    outer loop
      vertex   3.085602e+01 2.632862e+01 -1.400000e+00
      vertex   3.081896e+01 2.647596e+01 5.500000e-01
      vertex   3.085602e+01 2.632862e+01 5.500000e-01
    endloop
  endfacet
  facet normal 9.789932e-01 2.038930e-01 -0.000000e+00
    outer loop
      vertex   3.085602e+01 2.632862e+01 -1.400000e+00
      vertex   3.085602e+01 2.632862e+01 5.500000e-01
      vertex   3.088700e+01 2.617987e+01 -1.400000e+00
    endloop
  endfacet
  facet normal 9.789932e-01 2.038930e-01 -0.000000e+00
    outer loop
      vertex   3.088700e+01 2.617987e+01 -1.400000e+00
      vertex   3.085602e+01 2.632862e+01 5.500000e-01
      vertex   3.088700e+01 2.617987e+01 5.500000e-01
    endloop
  endfacet
  facet normal 9.865386e-01 1.635285e-01 -0.000000e+00
    outer loop
      vertex   3.088700e+01 2.617987e+01 -1.400000e+00
      vertex   3.088700e+01 2.617987e+01 5.500000e-01
      vertex   3.091185e+01 2.602998e+01 -1.400000e+00
    endloop
  endfacet
  facet normal 9.865386e-01 1.635285e-01 -0.000000e+00
    outer loop
      vertex   3.091185e+01 2.602998e+01 -1.400000e+00
      vertex   3.088700e+01 2.617987e+01 5.500000e-01
      vertex   3.091185e+01 2.602998e+01 5.500000e-01
    endloop
  endfacet
  facet normal 9.924205e-01 1.228883e-01 -0.000000e+00
    outer loop
      vertex   3.091185e+01 2.602998e+01 -1.400000e+00
      vertex   3.091185e+01 2.602998e+01 5.500000e-01
      vertex   3.093052e+01 2.587920e+01 -1.400000e+00
    endloop
  endfacet
  facet normal 9.924205e-01 1.228883e-01 -0.000000e+00
    outer loop
      vertex   3.093052e+01 2.587920e+01 -1.400000e+00
      vertex   3.091185e+01 2.602998e+01 5.500000e-01
      vertex   3.093052e+01 2.587920e+01 5.500000e-01
    endloop
  endfacet
  facet normal 9.966290e-01 8.204083e-02 -0.000000e+00
    outer loop
      vertex   3.093052e+01 2.587920e+01 -1.400000e+00
      vertex   3.093052e+01 2.587920e+01 5.500000e-01
      vertex   3.094298e+01 2.572778e+01 -1.400000e+00
    endloop
  endfacet
  facet normal 9.966290e-01 8.204083e-02 -0.000000e+00
    outer loop
      vertex   3.094298e+01 2.572778e+01 -1.400000e+00
      vertex   3.093052e+01 2.587920e+01 5.500000e-01
      vertex   3.094298e+01 2.572778e+01 5.500000e-01
    endloop
  endfacet
  facet normal 9.991569e-01 4.105503e-02 -0.000000e+00
    outer loop
      vertex   3.094298e+01 2.572778e+01 -1.400000e+00
      vertex   3.094298e+01 2.572778e+01 5.500000e-01
      vertex   3.094922e+01 2.557597e+01 -1.400000e+00
    endloop
  endfacet
  facet normal 9.991569e-01 4.105503e-02 -0.000000e+00
    outer loop
      vertex   3.094922e+01 2.557597e+01 -1.400000e+00
      vertex   3.094298e+01 2.572778e+01 5.500000e-01
      vertex   3.094922e+01 2.557597e+01 5.500000e-01
    endloop
  endfacet
  facet normal 1.000000e+00 0.000000e+00 -0.000000e+00
    outer loop
      vertex   3.094922e+01 2.557597e+01 -1.400000e+00
      vertex   3.094922e+01 2.557597e+01 5.500000e-01
      vertex   3.094922e+01 2.542403e+01 -1.400000e+00
    endloop
  endfacet
  facet normal 1.000000e+00 0.000000e+00 0.000000e+00
    outer loop
      vertex   3.094922e+01 2.542403e+01 -1.400000e+00
      vertex   3.094922e+01 2.557597e+01 5.500000e-01
      vertex   3.094922e+01 2.542403e+01 5.500000e-01
    endloop
  endfacet
  facet normal 9.991569e-01 -4.105503e-02 0.000000e+00
    outer loop
      vertex   3.094922e+01 2.542403e+01 -1.400000e+00
      vertex   3.094922e+01 2.542403e+01 5.500000e-01
      vertex   3.094298e+01 2.527222e+01 -1.400000e+00
    endloop
  endfacet
  facet normal 9.991569e-01 -4.105503e-02 0.000000e+00
    outer loop
      vertex   3.094298e+01 2.527222e+01 -1.400000e+00
      vertex   3.094922e+01 2.542403e+01 5.500000e-01
      vertex   3.094298e+01 2.527222e+01 5.500000e-01
    endloop
  endfacet
  facet normal 9.966290e-01 -8.204083e-02 0.000000e+00
    outer loop
      vertex   3.094298e+01 2.527222e+01 -1.400000e+00
      vertex   3.094298e+01 2.527222e+01 5.500000e-01
      vertex   3.093052e+01 2.512080e+01 -1.400000e+00
    endloop
  endfacet
  facet normal 9.966290e-01 -8.204083e-02 0.000000e+00
    outer loop
      vertex   3.093052e+01 2.512080e+01 -1.400000e+00
      vertex   3.094298e+01 2.527222e+01 5.500000e-01
      vertex   3.093052e+01 2.512080e+01 5.500000e-01
    endloop
  endfacet
  facet normal 9.924205e-01 -1.228883e-01 0.000000e+00
    outer loop
      vertex   3.093052e+01 2.512080e+01 -1.400000e+00
      vertex   3.093052e+01 2.512080e+01 5.500000e-01
      vertex   3.091185e+01 2.497002e+01 -1.400000e+00
    endloop
  endfacet
  facet normal 9.924205e-01 -1.228883e-01 0.000000e+00
    outer loop
      vertex   3.091185e+01 2.497002e+01 -1.400000e+00
      vertex   3.093052e+01 2.512080e+01 5.500000e-01
      vertex   3.091185e+01 2.497002e+01 5.500000e-01
    endloop
  endfacet
  facet normal 9.865386e-01 -1.635285e-01 0.000000e+00
    outer loop
      vertex   3.091185e+01 2.497002e+01 -1.400000e+00
      vertex   3.091185e+01 2.497002e+01 5.500000e-01
      vertex   3.088700e+01 2.482013e+01 -1.400000e+00
    endloop
  endfacet
  facet normal 9.865386e-01 -1.635285e-01 0.000000e+00
    outer loop
      vertex   3.088700e+01 2.482013e+01 -1.400000e+00
      vertex   3.091185e+01 2.497002e+01 5.500000e-01
      vertex   3.088700e+01 2.482013e+01 5.500000e-01
    endloop
  endfacet
  facet normal 9.789932e-01 -2.038930e-01 0.000000e+00
    outer loop
      vertex   3.088700e+01 2.482013e+01 -1.400000e+00
      vertex   3.088700e+01 2.482013e+01 5.500000e-01
      vertex   3.085602e+01 2.467138e+01 -1.400000e+00
    endloop
  endfacet
  facet normal 9.789932e-01 -2.038930e-01 0.000000e+00
    outer loop
      vertex   3.085602e+01 2.467138e+01 -1.400000e+00
      vertex   3.088700e+01 2.482013e+01 5.500000e-01
      vertex   3.085602e+01 2.467138e+01 5.500000e-01
    endloop
  endfacet
  facet normal 9.697969e-01 -2.439137e-01 0.000000e+00
    outer loop
      vertex   3.085602e+01 2.467138e+01 -1.400000e+00
      vertex   3.085602e+01 2.467138e+01 5.500000e-01
      vertex   3.081896e+01 2.452404e+01 -1.400000e+00
    endloop
  endfacet
  facet normal 9.697969e-01 -2.439137e-01 0.000000e+00
    outer loop
      vertex   3.081896e+01 2.452404e+01 -1.400000e+00
      vertex   3.085602e+01 2.467138e+01 5.500000e-01
      vertex   3.081896e+01 2.452404e+01 5.500000e-01
    endloop
  endfacet
  facet normal 9.589654e-01 -2.835231e-01 0.000000e+00
    outer loop
      vertex   3.081896e+01 2.452404e+01 -1.400000e+00
      vertex   3.081896e+01 2.452404e+01 5.500000e-01
      vertex   3.077589e+01 2.437834e+01 -1.400000e+00
    endloop
  endfacet
  facet normal 9.589654e-01 -2.835231e-01 0.000000e+00
    outer loop
      vertex   3.077589e+01 2.437834e+01 -1.400000e+00
      vertex   3.081896e+01 2.452404e+01 5.500000e-01
      vertex   3.077589e+01 2.437834e+01 5.500000e-01
    endloop
  endfacet
  facet normal 9.465168e-01 -3.226544e-01 0.000000e+00
    outer loop
      vertex   3.077589e+01 2.437834e+01 -1.400000e+00
      vertex   3.077589e+01 2.437834e+01 5.500000e-01
      vertex   3.072686e+01 2.423453e+01 -1.400000e+00
    endloop
  endfacet
  facet normal 9.465168e-01 -3.226544e-01 0.000000e+00
    outer loop
      vertex   3.072686e+01 2.423453e+01 -1.400000e+00
      vertex   3.077589e+01 2.437834e+01 5.500000e-01
      vertex   3.072686e+01 2.423453e+01 5.500000e-01
    endloop
  endfacet
  facet normal 9.324722e-01 -3.612417e-01 0.000000e+00
    outer loop
      vertex   3.072686e+01 2.423453e+01 -1.400000e+00
      vertex   3.072686e+01 2.423453e+01 5.500000e-01
      vertex   3.067198e+01 2.409285e+01 -1.400000e+00
    endloop
  endfacet
  facet normal 9.324722e-01 -3.612417e-01 0.000000e+00
    outer loop
      vertex   3.067198e+01 2.409285e+01 -1.400000e+00
      vertex   3.072686e+01 2.423453e+01 5.500000e-01
      vertex   3.067198e+01 2.409285e+01 5.500000e-01
    endloop
  endfacet
  facet normal 9.168553e-01 -3.992198e-01 0.000000e+00
    outer loop
      vertex   3.067198e+01 2.409285e+01 -1.400000e+00
      vertex   3.067198e+01 2.409285e+01 5.500000e-01
      vertex   3.061132e+01 2.395355e+01 -1.400000e+00
    endloop
  endfacet
  facet normal 9.168553e-01 -3.992198e-01 0.000000e+00
    outer loop
      vertex   3.061132e+01 2.395355e+01 -1.400000e+00
      vertex   3.067198e+01 2.409285e+01 5.500000e-01
      vertex   3.061132e+01 2.395355e+01 5.500000e-01
    endloop
  endfacet
  facet normal 8.996923e-01 -4.365247e-01 0.000000e+00
    outer loop
      vertex   3.061132e+01 2.395355e+01 -1.400000e+00
      vertex   3.061132e+01 2.395355e+01 5.500000e-01
      vertex   3.054500e+01 2.381685e+01 -1.400000e+00
    endloop
  endfacet
  facet normal 8.996923e-01 -4.365247e-01 0.000000e+00
    outer loop
      vertex   3.054500e+01 2.381685e+01 -1.400000e+00
      vertex   3.061132e+01 2.395355e+01 5.500000e-01
      vertex   3.054500e+01 2.381685e+01 5.500000e-01
    endloop
  endfacet
  facet normal 8.810122e-01 -4.730936e-01 0.000000e+00
    outer loop
      vertex   3.054500e+01 2.381685e+01 -1.400000e+00
      vertex   3.054500e+01 2.381685e+01 5.500000e-01
      vertex   3.047312e+01 2.368299e+01 -1.400000e+00
    endloop
  endfacet
  facet normal 8.810122e-01 -4.730936e-01 0.000000e+00
    outer loop
      vertex   3.047312e+01 2.368299e+01 -1.400000e+00
      vertex   3.054500e+01 2.381685e+01 5.500000e-01
      vertex   3.047312e+01 2.368299e+01 5.500000e-01
    endloop
  endfacet
  facet normal 8.608465e-01 -5.088647e-01 0.000000e+00
    outer loop
      vertex   3.047312e+01 2.368299e+01 -1.400000e+00
      vertex   3.047312e+01 2.368299e+01 5.500000e-01
      vertex   3.039580e+01 2.355220e+01 -1.400000e+00
    endloop
  endfacet
  facet normal 8.608465e-01 -5.088647e-01 0.000000e+00
    outer loop
      vertex   3.039580e+01 2.355220e+01 -1.400000e+00
      vertex   3.047312e+01 2.368299e+01 5.500000e-01
      vertex   3.039580e+01 2.355220e+01 5.500000e-01
    endloop
  endfacet
  facet normal 8.392293e-01 -5.437777e-01 0.000000e+00
    outer loop
      vertex   3.039580e+01 2.355220e+01 -1.400000e+00
      vertex   3.039580e+01 2.355220e+01 5.500000e-01
      vertex   3.031318e+01 2.342469e+01 -1.400000e+00
    endloop
  endfacet
  facet normal 8.392293e-01 -5.437777e-01 0.000000e+00
    outer loop
      vertex   3.031318e+01 2.342469e+01 -1.400000e+00
      vertex   3.039580e+01 2.355220e+01 5.500000e-01
      vertex   3.031318e+01 2.342469e+01 5.500000e-01
    endloop
  endfacet
  facet normal 8.161969e-01 -5.777738e-01 0.000000e+00
    outer loop
      vertex   3.031318e+01 2.342469e+01 -1.400000e+00
      vertex   3.031318e+01 2.342469e+01 5.500000e-01
      vertex   3.022540e+01 2.330068e+01 -1.400000e+00
    endloop
  endfacet
  facet normal 8.161969e-01 -5.777738e-01 1.487033e-15
    outer loop
      vertex   3.022540e+01 2.330068e+01 -1.400000e+00
      vertex   3.031318e+01 2.342469e+01 5.500000e-01
      vertex   3.022540e+01 2.330068e+01 5.500000e-01
    endloop
  endfacet
  facet normal 7.917882e-01 -6.107957e-01 1.442563e-15
    outer loop
      vertex   3.022540e+01 2.330068e+01 -1.400000e+00
      vertex   3.022540e+01 2.330068e+01 5.500000e-01
      vertex   3.013260e+01 2.318038e+01 -1.400000e+00
    endloop
  endfacet
  facet normal 7.917882e-01 -6.107957e-01 -1.112811e-15
    outer loop
      vertex   3.013260e+01 2.318038e+01 -1.400000e+00
      vertex   3.022540e+01 2.330068e+01 5.500000e-01
      vertex   3.013260e+01 2.318038e+01 5.500000e-01
    endloop
  endfacet
  facet normal 7.660444e-01 -6.427876e-01 -1.171098e-15
    outer loop
      vertex   3.013260e+01 2.318038e+01 -1.400000e+00
      vertex   3.013260e+01 2.318038e+01 5.500000e-01
      vertex   3.003494e+01 2.306399e+01 -1.400000e+00
    endloop
  endfacet
  facet normal 7.660444e-01 -6.427876e-01 0.000000e+00
    outer loop
      vertex   3.003494e+01 2.306399e+01 -1.400000e+00
      vertex   3.013260e+01 2.318038e+01 5.500000e-01
      vertex   3.003494e+01 2.306399e+01 5.500000e-01
    endloop
  endfacet
  facet normal 7.390089e-01 -6.736956e-01 0.000000e+00
    outer loop
      vertex   3.003494e+01 2.306399e+01 -1.400000e+00
      vertex   3.003494e+01 2.306399e+01 5.500000e-01
      vertex   2.993258e+01 2.295171e+01 -1.400000e+00
    endloop
  endfacet
  facet normal 7.390089e-01 -6.736956e-01 0.000000e+00
    outer loop
      vertex   2.993258e+01 2.295171e+01 -1.400000e+00
      vertex   3.003494e+01 2.306399e+01 5.500000e-01
      vertex   2.993258e+01 2.295171e+01 5.500000e-01
    endloop
  endfacet
  facet normal 7.107273e-01 -7.034677e-01 0.000000e+00
    outer loop
      vertex   2.993258e+01 2.295171e+01 -1.400000e+00
      vertex   2.993258e+01 2.295171e+01 5.500000e-01
      vertex   2.982570e+01 2.284373e+01 -1.400000e+00
    endloop
  endfacet
  facet normal 7.107273e-01 -7.034677e-01 -2.563302e-15
    outer loop
      vertex   2.982570e+01 2.284373e+01 -1.400000e+00
      vertex   2.993258e+01 2.295171e+01 5.500000e-01
      vertex   2.982570e+01 2.284373e+01 5.500000e-01
    endloop
  endfacet
  facet normal 6.812471e-01 -7.320535e-01 -2.667463e-15
    outer loop
      vertex   2.982570e+01 2.284373e+01 -1.400000e+00
      vertex   2.982570e+01 2.284373e+01 5.500000e-01
      vertex   2.971447e+01 2.274022e+01 -1.400000e+00
    endloop
  endfacet
  facet normal 6.812471e-01 -7.320535e-01 0.000000e+00
    outer loop
      vertex   2.971447e+01 2.274022e+01 -1.400000e+00
      vertex   2.982570e+01 2.284373e+01 5.500000e-01
      vertex   2.971447e+01 2.274022e+01 5.500000e-01
    endloop
  endfacet
  facet normal 6.506183e-01 -7.594049e-01 0.000000e+00
    outer loop
      vertex   2.971447e+01 2.274022e+01 -1.400000e+00
      vertex   2.971447e+01 2.274022e+01 5.500000e-01
      vertex   2.959909e+01 2.264137e+01 -1.400000e+00
    endloop
  endfacet
  facet normal 6.506183e-01 -7.594049e-01 0.000000e+00
    outer loop
      vertex   2.959909e+01 2.264137e+01 -1.400000e+00
      vertex   2.971447e+01 2.274022e+01 5.500000e-01
      vertex   2.959909e+01 2.264137e+01 5.500000e-01
    endloop
  endfacet
  facet normal 6.188924e-01 -7.854758e-01 0.000000e+00
    outer loop
      vertex   2.959909e+01 2.264137e+01 -1.400000e+00
      vertex   2.959909e+01 2.264137e+01 5.500000e-01
      vertex   2.947975e+01 2.254734e+01 -1.400000e+00
    endloop
  endfacet
  facet normal 6.188924e-01 -7.854758e-01 0.000000e+00
    outer loop
      vertex   2.947975e+01 2.254734e+01 -1.400000e+00
      vertex   2.959909e+01 2.264137e+01 5.500000e-01
      vertex   2.947975e+01 2.254734e+01 5.500000e-01
    endloop
  endfacet
  facet normal 5.861228e-01 -8.102222e-01 0.000000e+00
    outer loop
      vertex   2.947975e+01 2.254734e+01 -1.400000e+00
      vertex   2.947975e+01 2.254734e+01 5.500000e-01
      vertex   2.935665e+01 2.245828e+01 -1.400000e+00
    endloop
  endfacet
  facet normal 5.861228e-01 -8.102222e-01 0.000000e+00
    outer loop
      vertex   2.935665e+01 2.245828e+01 -1.400000e+00
      vertex   2.947975e+01 2.254734e+01 5.500000e-01
      vertex   2.935665e+01 2.245828e+01 5.500000e-01
    endloop
  endfacet
  facet normal 5.523650e-01 -8.336024e-01 0.000000e+00
    outer loop
      vertex   2.935665e+01 2.245828e+01 -1.400000e+00
      vertex   2.935665e+01 2.245828e+01 5.500000e-01
      vertex   2.922999e+01 2.237436e+01 -1.400000e+00
    endloop
  endfacet
  facet normal 5.523650e-01 -8.336024e-01 0.000000e+00
    outer loop
      vertex   2.922999e+01 2.237436e+01 -1.400000e+00
      vertex   2.935665e+01 2.245828e+01 5.500000e-01
      vertex   2.922999e+01 2.237436e+01 5.500000e-01
    endloop
  endfacet
  facet normal 5.176757e-01 -8.555769e-01 0.000000e+00
    outer loop
      vertex   2.922999e+01 2.237436e+01 -1.400000e+00
      vertex   2.922999e+01 2.237436e+01 5.500000e-01
      vertex   2.910000e+01 2.229571e+01 -1.400000e+00
    endloop
  endfacet
  facet normal 5.176757e-01 -8.555769e-01 0.000000e+00
    outer loop
      vertex   2.910000e+01 2.229571e+01 -1.400000e+00
      vertex   2.922999e+01 2.237436e+01 5.500000e-01
      vertex   2.910000e+01 2.229571e+01 5.500000e-01
    endloop
  endfacet
  facet normal 4.821135e-01 -8.761088e-01 0.000000e+00
    outer loop
      vertex   2.910000e+01 2.229571e+01 -1.400000e+00
      vertex   2.910000e+01 2.229571e+01 5.500000e-01
      vertex   2.896689e+01 2.222246e+01 -1.400000e+00
    endloop
  endfacet
  facet normal 4.821135e-01 -8.761088e-01 -1.596186e-15
    outer loop
      vertex   2.896689e+01 2.222246e+01 -1.400000e+00
      vertex   2.910000e+01 2.229571e+01 5.500000e-01
      vertex   2.896689e+01 2.222246e+01 5.500000e-01
    endloop
  endfacet
  facet normal 4.457384e-01 -8.951633e-01 -1.630902e-15
    outer loop
      vertex   2.896689e+01 2.222246e+01 -1.400000e+00
      vertex   2.896689e+01 2.222246e+01 5.500000e-01
      vertex   2.883088e+01 2.215473e+01 -1.400000e+00
    endloop
  endfacet
  facet normal 4.457384e-01 -8.951633e-01 0.000000e+00
    outer loop
      vertex   2.883088e+01 2.215473e+01 -1.400000e+00
      vertex   2.896689e+01 2.222246e+01 5.500000e-01
      vertex   2.883088e+01 2.215473e+01 5.500000e-01
    endloop
  endfacet
  facet normal 4.086116e-01 -9.127084e-01 0.000000e+00
    outer loop
      vertex   2.883088e+01 2.215473e+01 -1.400000e+00
      vertex   2.883088e+01 2.215473e+01 5.500000e-01
      vertex   2.869221e+01 2.209265e+01 -1.400000e+00
    endloop
  endfacet
  facet normal 4.086116e-01 -9.127084e-01 0.000000e+00
    outer loop
      vertex   2.869221e+01 2.209265e+01 -1.400000e+00
      vertex   2.883088e+01 2.215473e+01 5.500000e-01
      vertex   2.869221e+01 2.209265e+01 5.500000e-01
    endloop
  endfacet
  facet normal 3.707958e-01 -9.287144e-01 0.000000e+00
    outer loop
      vertex   2.869221e+01 2.209265e+01 -1.400000e+00
      vertex   2.869221e+01 2.209265e+01 5.500000e-01
      vertex   2.855110e+01 2.203631e+01 -1.400000e+00
    endloop
  endfacet
  facet normal 3.707958e-01 -9.287144e-01 0.000000e+00
    outer loop
      vertex   2.855110e+01 2.203631e+01 -1.400000e+00
      vertex   2.869221e+01 2.209265e+01 5.500000e-01
      vertex   2.855110e+01 2.203631e+01 5.500000e-01
    endloop
  endfacet
  facet normal 3.323548e-01 -9.431544e-01 0.000000e+00
    outer loop
      vertex   2.855110e+01 2.203631e+01 -1.400000e+00
      vertex   2.855110e+01 2.203631e+01 5.500000e-01
      vertex   2.840780e+01 2.198582e+01 -1.400000e+00
    endloop
  endfacet
  facet normal 3.323548e-01 -9.431544e-01 0.000000e+00
    outer loop
      vertex   2.840780e+01 2.198582e+01 -1.400000e+00
      vertex   2.855110e+01 2.203631e+01 5.500000e-01
      vertex   2.840780e+01 2.198582e+01 5.500000e-01
    endloop
  endfacet
  facet normal 2.933534e-01 -9.560041e-01 0.000000e+00
    outer loop
      vertex   2.840780e+01 2.198582e+01 -1.400000e+00
      vertex   2.840780e+01 2.198582e+01 5.500000e-01
      vertex   2.826255e+01 2.194125e+01 -1.400000e+00
    endloop
  endfacet
  facet normal 2.933534e-01 -9.560041e-01 0.000000e+00
    outer loop
      vertex   2.826255e+01 2.194125e+01 -1.400000e+00
      vertex   2.840780e+01 2.198582e+01 5.500000e-01
      vertex   2.826255e+01 2.194125e+01 5.500000e-01
    endloop
  endfacet
  facet normal 2.538572e-01 -9.672417e-01 0.000000e+00
    outer loop
      vertex   2.826255e+01 2.194125e+01 -1.400000e+00
      vertex   2.826255e+01 2.194125e+01 5.500000e-01
      vertex   2.811559e+01 2.190268e+01 -1.400000e+00
    endloop
  endfacet
  facet normal 2.538572e-01 -9.672417e-01 0.000000e+00
    outer loop
      vertex   2.811559e+01 2.190268e+01 -1.400000e+00
      vertex   2.826255e+01 2.194125e+01 5.500000e-01
      vertex   2.811559e+01 2.190268e+01 5.500000e-01
    endloop
  endfacet
  facet normal 2.139331e-01 -9.768483e-01 0.000000e+00
    outer loop
      vertex   2.811559e+01 2.190268e+01 -1.400000e+00
      vertex   2.811559e+01 2.190268e+01 5.500000e-01
      vertex   2.796718e+01 2.187017e+01 -1.400000e+00
    endloop
  endfacet
  facet normal 2.139331e-01 -9.768483e-01 0.000000e+00
    outer loop
      vertex   2.796718e+01 2.187017e+01 -1.400000e+00
      vertex   2.811559e+01 2.190268e+01 5.500000e-01
      vertex   2.796718e+01 2.187017e+01 5.500000e-01
    endloop
  endfacet
  facet normal 1.736482e-01 -9.848078e-01 0.000000e+00
    outer loop
      vertex   2.796718e+01 2.187017e+01 -1.400000e+00
      vertex   2.796718e+01 2.187017e+01 5.500000e-01
      vertex   2.781755e+01 2.184379e+01 -1.400000e+00
    endloop
  endfacet
  facet normal 1.736482e-01 -9.848078e-01 0.000000e+00
    outer loop
      vertex   2.781755e+01 2.184379e+01 -1.400000e+00
      vertex   2.796718e+01 2.187017e+01 5.500000e-01
      vertex   2.781755e+01 2.184379e+01 5.500000e-01
    endloop
  endfacet
  facet normal 1.330705e-01 -9.911066e-01 0.000000e+00
    outer loop
      vertex   2.781755e+01 2.184379e+01 -1.400000e+00
      vertex   2.781755e+01 2.184379e+01 5.500000e-01
      vertex   2.766696e+01 2.182357e+01 -1.400000e+00
    endloop
  endfacet
  facet normal 1.330705e-01 -9.911066e-01 0.000000e+00
    outer loop
      vertex   2.766696e+01 2.182357e+01 -1.400000e+00
      vertex   2.781755e+01 2.184379e+01 5.500000e-01
      vertex   2.766696e+01 2.182357e+01 5.500000e-01
    endloop
  endfacet
  facet normal 9.226836e-02 -9.957342e-01 0.000000e+00
    outer loop
      vertex   2.766696e+01 2.182357e+01 -1.400000e+00
      vertex   2.766696e+01 2.182357e+01 5.500000e-01
      vertex   2.751568e+01 2.180955e+01 -1.400000e+00
    endloop
  endfacet
  facet normal 9.226836e-02 -9.957342e-01 0.000000e+00
    outer loop
      vertex   2.751568e+01 2.180955e+01 -1.400000e+00
      vertex   2.766696e+01 2.182357e+01 5.500000e-01
      vertex   2.751568e+01 2.180955e+01 5.500000e-01
    endloop
  endfacet
  facet normal 5.131067e-02 -9.986827e-01 0.000000e+00
    outer loop
      vertex   2.751568e+01 2.180955e+01 -1.400000e+00
      vertex   2.751568e+01 2.180955e+01 5.500000e-01
      vertex   2.736394e+01 2.180175e+01 -1.400000e+00
    endloop
  endfacet
  facet normal 5.131067e-02 -9.986827e-01 0.000000e+00
    outer loop
      vertex   2.736394e+01 2.180175e+01 -1.400000e+00
      vertex   2.751568e+01 2.180955e+01 5.500000e-01
      vertex   2.736394e+01 2.180175e+01 5.500000e-01
    endloop
  endfacet
  facet normal 1.026646e-02 -9.999473e-01 0.000000e+00
    outer loop
      vertex   2.736394e+01 2.180175e+01 -1.400000e+00
      vertex   2.736394e+01 2.180175e+01 5.500000e-01
      vertex   2.721201e+01 2.180019e+01 -1.400000e+00
    endloop
  endfacet
  facet normal 1.026646e-02 -9.999473e-01 0.000000e+00
    outer loop
      vertex   2.721201e+01 2.180019e+01 -1.400000e+00
      vertex   2.736394e+01 2.180175e+01 5.500000e-01
      vertex   2.721201e+01 2.180019e+01 5.500000e-01
    endloop
  endfacet
  facet normal -3.079506e-02 -9.995257e-01 0.000000e+00
    outer loop
      vertex   2.721201e+01 2.180019e+01 -1.400000e+00
      vertex   2.721201e+01 2.180019e+01 5.500000e-01
      vertex   2.706015e+01 2.180487e+01 -1.400000e+00
    endloop
  endfacet
  facet normal -3.079506e-02 -9.995257e-01 0.000000e+00
    outer loop
      vertex   2.706015e+01 2.180487e+01 -1.400000e+00
      vertex   2.721201e+01 2.180019e+01 5.500000e-01
      vertex   2.706015e+01 2.180487e+01 5.500000e-01
    endloop
  endfacet
  facet normal -7.180465e-02 -9.974187e-01 0.000000e+00
    outer loop
      vertex   2.706015e+01 2.180487e+01 -1.400000e+00
      vertex   2.706015e+01 2.180487e+01 5.500000e-01
      vertex   2.690861e+01 2.181578e+01 -1.400000e+00
    endloop
  endfacet
  facet normal -7.180465e-02 -9.974187e-01 0.000000e+00
    outer loop
      vertex   2.690861e+01 2.181578e+01 -1.400000e+00
      vertex   2.706015e+01 2.180487e+01 5.500000e-01
      vertex   2.690861e+01 2.181578e+01 5.500000e-01
    endloop
  endfacet
  facet normal -1.126932e-01 -9.936298e-01 0.000000e+00
    outer loop
      vertex   2.690861e+01 2.181578e+01 -1.400000e+00
      vertex   2.690861e+01 2.181578e+01 5.500000e-01
      vertex   2.675764e+01 2.183291e+01 -1.400000e+00
    endloop
  endfacet
  facet normal -1.126932e-01 -9.936298e-01 1.810299e-15
    outer loop
      vertex   2.675764e+01 2.183291e+01 -1.400000e+00
      vertex   2.690861e+01 2.181578e+01 5.500000e-01
      vertex   2.675764e+01 2.183291e+01 5.500000e-01
    endloop
  endfacet
  facet normal -1.533917e-01 -9.881655e-01 1.800343e-15
    outer loop
      vertex   2.675764e+01 2.183291e+01 -1.400000e+00
      vertex   2.675764e+01 2.183291e+01 5.500000e-01
      vertex   2.660750e+01 2.185621e+01 -1.400000e+00
    endloop
  endfacet
  facet normal -1.533917e-01 -9.881655e-01 0.000000e+00
    outer loop
      vertex   2.660750e+01 2.185621e+01 -1.400000e+00
      vertex   2.675764e+01 2.183291e+01 5.500000e-01
      vertex   2.660750e+01 2.185621e+01 5.500000e-01
    endloop
  endfacet
  facet normal -1.938315e-01 -9.810348e-01 0.000000e+00
    outer loop
      vertex   2.660750e+01 2.185621e+01 -1.400000e+00
      vertex   2.660750e+01 2.185621e+01 5.500000e-01
      vertex   2.645845e+01 2.188566e+01 -1.400000e+00
    endloop
  endfacet
  facet normal -1.938315e-01 -9.810348e-01 3.574703e-15
    outer loop
      vertex   2.645845e+01 2.188566e+01 -1.400000e+00
      vertex   2.660750e+01 2.185621e+01 5.500000e-01
      vertex   2.645845e+01 2.188566e+01 5.500000e-01
    endloop
  endfacet
  facet normal -2.339445e-01 -9.722500e-01 3.542693e-15
    outer loop
      vertex   2.645845e+01 2.188566e+01 -1.400000e+00
      vertex   2.645845e+01 2.188566e+01 5.500000e-01
      vertex   2.631073e+01 2.192121e+01 -1.400000e+00
    endloop
  endfacet
  facet normal -2.339445e-01 -9.722500e-01 0.000000e+00
    outer loop
      vertex   2.631073e+01 2.192121e+01 -1.400000e+00
      vertex   2.645845e+01 2.188566e+01 5.500000e-01
      vertex   2.631073e+01 2.192121e+01 5.500000e-01
    endloop
  endfacet
  facet normal -2.736630e-01 -9.618256e-01 0.000000e+00
    outer loop
      vertex   2.631073e+01 2.192121e+01 -1.400000e+00
      vertex   2.631073e+01 2.192121e+01 5.500000e-01
      vertex   2.616459e+01 2.196278e+01 -1.400000e+00
    endloop
  endfacet
  facet normal -2.736630e-01 -9.618256e-01 0.000000e+00
    outer loop
      vertex   2.616459e+01 2.196278e+01 -1.400000e+00
      vertex   2.631073e+01 2.192121e+01 5.500000e-01
      vertex   2.616459e+01 2.196278e+01 5.500000e-01
    endloop
  endfacet
  facet normal -3.129200e-01 -9.497795e-01 0.000000e+00
    outer loop
      vertex   2.616459e+01 2.196278e+01 -1.400000e+00
      vertex   2.616459e+01 2.196278e+01 5.500000e-01
      vertex   2.602029e+01 2.201033e+01 -1.400000e+00
    endloop
  endfacet
  facet normal -3.129200e-01 -9.497795e-01 0.000000e+00
    outer loop
      vertex   2.602029e+01 2.201033e+01 -1.400000e+00
      vertex   2.616459e+01 2.196278e+01 5.500000e-01
      vertex   2.602029e+01 2.201033e+01 5.500000e-01
    endloop
  endfacet
  facet normal -3.516494e-01 -9.361318e-01 0.000000e+00
    outer loop
      vertex   2.602029e+01 2.201033e+01 -1.400000e+00
      vertex   2.602029e+01 2.201033e+01 5.500000e-01
      vertex   2.587806e+01 2.206376e+01 -1.400000e+00
    endloop
  endfacet
  facet normal -3.516494e-01 -9.361318e-01 0.000000e+00
    outer loop
      vertex   2.587806e+01 2.206376e+01 -1.400000e+00
      vertex   2.602029e+01 2.201033e+01 5.500000e-01
      vertex   2.587806e+01 2.206376e+01 5.500000e-01
    endloop
  endfacet
  facet normal -3.897859e-01 -9.209055e-01 0.000000e+00
    outer loop
      vertex   2.587806e+01 2.206376e+01 -1.400000e+00
      vertex   2.587806e+01 2.206376e+01 5.500000e-01
      vertex   2.573814e+01 2.212298e+01 -1.400000e+00
    endloop
  endfacet
  facet normal -3.897859e-01 -9.209055e-01 0.000000e+00
    outer loop
      vertex   2.573814e+01 2.212298e+01 -1.400000e+00
      vertex   2.587806e+01 2.206376e+01 5.500000e-01
      vertex   2.573814e+01 2.212298e+01 5.500000e-01
    endloop
  endfacet
  facet normal -4.272650e-01 -9.041264e-01 0.000000e+00
    outer loop
      vertex   2.573814e+01 2.212298e+01 -1.400000e+00
      vertex   2.573814e+01 2.212298e+01 5.500000e-01
      vertex   2.560077e+01 2.218790e+01 -1.400000e+00
    endloop
  endfacet
  facet normal -4.272650e-01 -9.041264e-01 0.000000e+00
    outer loop
      vertex   2.560077e+01 2.218790e+01 -1.400000e+00
      vertex   2.573814e+01 2.212298e+01 5.500000e-01
      vertex   2.560077e+01 2.218790e+01 5.500000e-01
    endloop
  endfacet
  facet normal -4.640237e-01 -8.858228e-01 0.000000e+00
    outer loop
      vertex   2.560077e+01 2.218790e+01 -1.400000e+00
      vertex   2.560077e+01 2.218790e+01 5.500000e-01
      vertex   2.546618e+01 2.225840e+01 -1.400000e+00
    endloop
  endfacet
  facet normal -4.640237e-01 -8.858228e-01 0.000000e+00
    outer loop
      vertex   2.546618e+01 2.225840e+01 -1.400000e+00
      vertex   2.560077e+01 2.218790e+01 5.500000e-01
      vertex   2.546618e+01 2.225840e+01 5.500000e-01
    endloop
  endfacet
  facet normal -5.000000e-01 -8.660254e-01 0.000000e+00
    outer loop
      vertex   2.546618e+01 2.225840e+01 -1.400000e+00
      vertex   2.546618e+01 2.225840e+01 5.500000e-01
      vertex   2.533460e+01 2.233437e+01 -1.400000e+00
    endloop
  endfacet
  facet normal -5.000000e-01 -8.660254e-01 0.000000e+00
    outer loop
      vertex   2.533460e+01 2.233437e+01 -1.400000e+00
      vertex   2.546618e+01 2.225840e+01 5.500000e-01
      vertex   2.533460e+01 2.233437e+01 5.500000e-01
    endloop
  endfacet
  facet normal -5.351331e-01 -8.447677e-01 0.000000e+00
    outer loop
      vertex   2.533460e+01 2.233437e+01 -1.400000e+00
      vertex   2.533460e+01 2.233437e+01 5.500000e-01
      vertex   2.520625e+01 2.241567e+01 -1.400000e+00
    endloop
  endfacet
  facet normal -5.351331e-01 -8.447677e-01 0.000000e+00
    outer loop
      vertex   2.520625e+01 2.241567e+01 -1.400000e+00
      vertex   2.533460e+01 2.233437e+01 5.500000e-01
      vertex   2.520625e+01 2.241567e+01 5.500000e-01
    endloop
  endfacet
  facet normal -5.693639e-01 -8.220856e-01 0.000000e+00
    outer loop
      vertex   2.520625e+01 2.241567e+01 -1.400000e+00
      vertex   2.520625e+01 2.241567e+01 5.500000e-01
      vertex   2.508135e+01 2.250218e+01 -1.400000e+00
    endloop
  endfacet
  facet normal -5.693639e-01 -8.220856e-01 0.000000e+00
    outer loop
      vertex   2.508135e+01 2.250218e+01 -1.400000e+00
      vertex   2.520625e+01 2.241567e+01 5.500000e-01
      vertex   2.508135e+01 2.250218e+01 5.500000e-01
    endloop
  endfacet
  facet normal -6.026346e-01 -7.980172e-01 0.000000e+00
    outer loop
      vertex   2.508135e+01 2.250218e+01 -1.400000e+00
      vertex   2.508135e+01 2.250218e+01 5.500000e-01
      vertex   2.496010e+01 2.259374e+01 -1.400000e+00
    endloop
  endfacet
  facet normal -6.026346e-01 -7.980172e-01 0.000000e+00
    outer loop
      vertex   2.496010e+01 2.259374e+01 -1.400000e+00
      vertex   2.508135e+01 2.250218e+01 5.500000e-01
      vertex   2.496010e+01 2.259374e+01 5.500000e-01
    endloop
  endfacet
  facet normal -6.348892e-01 -7.726032e-01 0.000000e+00
    outer loop
      vertex   2.496010e+01 2.259374e+01 -1.400000e+00
      vertex   2.496010e+01 2.259374e+01 5.500000e-01
      vertex   2.484271e+01 2.269020e+01 -1.400000e+00
    endloop
  endfacet
  facet normal -6.348892e-01 -7.726032e-01 0.000000e+00
    outer loop
      vertex   2.484271e+01 2.269020e+01 -1.400000e+00
      vertex   2.496010e+01 2.259374e+01 5.500000e-01
      vertex   2.484271e+01 2.269020e+01 5.500000e-01
    endloop
  endfacet
  facet normal -6.660731e-01 -7.458864e-01 0.000000e+00
    outer loop
      vertex   2.484271e+01 2.269020e+01 -1.400000e+00
      vertex   2.484271e+01 2.269020e+01 5.500000e-01
      vertex   2.472939e+01 2.279140e+01 -1.400000e+00
    endloop
  endfacet
  facet normal -6.660731e-01 -7.458864e-01 0.000000e+00
    outer loop
      vertex   2.472939e+01 2.279140e+01 -1.400000e+00
      vertex   2.484271e+01 2.269020e+01 5.500000e-01
      vertex   2.472939e+01 2.279140e+01 5.500000e-01
    endloop
  endfacet
  facet normal -6.961339e-01 -7.179119e-01 0.000000e+00
    outer loop
      vertex   2.472939e+01 2.279140e+01 -1.400000e+00
      vertex   2.472939e+01 2.279140e+01 5.500000e-01
      vertex   2.462031e+01 2.289717e+01 -1.400000e+00
    endloop
  endfacet
  facet normal -6.961339e-01 -7.179119e-01 0.000000e+00
    outer loop
      vertex   2.462031e+01 2.289717e+01 -1.400000e+00
      vertex   2.472939e+01 2.279140e+01 5.500000e-01
      vertex   2.462031e+01 2.289717e+01 5.500000e-01
    endloop
  endfacet
  facet normal -7.250209e-01 -6.887268e-01 0.000000e+00
    outer loop
      vertex   2.462031e+01 2.289717e+01 -1.400000e+00
      vertex   2.462031e+01 2.289717e+01 5.500000e-01
      vertex   2.451567e+01 2.300733e+01 -1.400000e+00
    endloop
  endfacet
  facet normal -7.250209e-01 -6.887268e-01 -2.641838e-15
    outer loop
      vertex   2.451567e+01 2.300733e+01 -1.400000e+00
      vertex   2.462031e+01 2.289717e+01 5.500000e-01
      vertex   2.451567e+01 2.300733e+01 5.500000e-01
    endloop
  endfacet
  facet normal -7.526853e-01 -6.583804e-01 -2.742642e-15
    outer loop
      vertex   2.451567e+01 2.300733e+01 -1.400000e+00
      vertex   2.451567e+01 2.300733e+01 5.500000e-01
      vertex   2.441564e+01 2.312169e+01 -1.400000e+00
    endloop
  endfacet
  facet normal -7.526853e-01 -6.583804e-01 0.000000e+00
    outer loop
      vertex   2.441564e+01 2.312169e+01 -1.400000e+00
      vertex   2.451567e+01 2.300733e+01 5.500000e-01
      vertex   2.441564e+01 2.312169e+01 5.500000e-01
    endloop
  endfacet
  facet normal -7.790806e-01 -6.269238e-01 0.000000e+00
    outer loop
      vertex   2.441564e+01 2.312169e+01 -1.400000e+00
      vertex   2.441564e+01 2.312169e+01 5.500000e-01
      vertex   2.432038e+01 2.324006e+01 -1.400000e+00
    endloop
  endfacet
  facet normal -7.790806e-01 -6.269238e-01 0.000000e+00
    outer loop
      vertex   2.432038e+01 2.324006e+01 -1.400000e+00
      vertex   2.441564e+01 2.312169e+01 5.500000e-01
      vertex   2.432038e+01 2.324006e+01 5.500000e-01
    endloop
  endfacet
  facet normal -8.041621e-01 -5.944101e-01 0.000000e+00
    outer loop
      vertex   2.432038e+01 2.324006e+01 -1.400000e+00
      vertex   2.432038e+01 2.324006e+01 5.500000e-01
      vertex   2.423007e+01 2.336224e+01 -1.400000e+00
    endloop
  endfacet
  facet normal -8.041621e-01 -5.944101e-01 0.000000e+00
    outer loop
      vertex   2.423007e+01 2.336224e+01 -1.400000e+00
      vertex   2.432038e+01 2.324006e+01 5.500000e-01
      vertex   2.423007e+01 2.336224e+01 5.500000e-01
    endloop
  endfacet
  facet normal -8.278876e-01 -5.608940e-01 0.000000e+00
    outer loop
      vertex   2.423007e+01 2.336224e+01 -1.400000e+00
      vertex   2.423007e+01 2.336224e+01 5.500000e-01
      vertex   2.414485e+01 2.348802e+01 -1.400000e+00
    endloop
  endfacet
  facet normal -8.278876e-01 -5.608940e-01 0.000000e+00
    outer loop
      vertex   2.414485e+01 2.348802e+01 -1.400000e+00
      vertex   2.423007e+01 2.336224e+01 5.500000e-01
      vertex   2.414485e+01 2.348802e+01 5.500000e-01
    endloop
  endfacet
  facet normal -8.502171e-01 -5.264322e-01 0.000000e+00
    outer loop
      vertex   2.414485e+01 2.348802e+01 -1.400000e+00
      vertex   2.414485e+01 2.348802e+01 5.500000e-01
      vertex   2.406487e+01 2.361720e+01 -1.400000e+00
    endloop
  endfacet
  facet normal -8.502171e-01 -5.264322e-01 0.000000e+00
    outer loop
      vertex   2.406487e+01 2.361720e+01 -1.400000e+00
      vertex   2.414485e+01 2.348802e+01 5.500000e-01
      vertex   2.406487e+01 2.361720e+01 5.500000e-01
    endloop
  endfacet
  facet normal -8.711130e-01 -4.910826e-01 0.000000e+00
    outer loop
      vertex   2.406487e+01 2.361720e+01 -1.400000e+00
      vertex   2.406487e+01 2.361720e+01 5.500000e-01
      vertex   2.399025e+01 2.374955e+01 -1.400000e+00
    endloop
  endfacet
  facet normal -8.711130e-01 -4.910826e-01 0.000000e+00
    outer loop
      vertex   2.399025e+01 2.374955e+01 -1.400000e+00
      vertex   2.406487e+01 2.361720e+01 5.500000e-01
      vertex   2.399025e+01 2.374955e+01 5.500000e-01
    endloop
  endfacet
  facet normal -8.905400e-01 -4.549050e-01 0.000000e+00
    outer loop
      vertex   2.399025e+01 2.374955e+01 -1.400000e+00
      vertex   2.399025e+01 2.374955e+01 5.500000e-01
      vertex   2.392114e+01 2.388486e+01 -1.400000e+00
    endloop
  endfacet
  facet normal -8.905400e-01 -4.549050e-01 0.000000e+00
    outer loop
      vertex   2.392114e+01 2.388486e+01 -1.400000e+00
      vertex   2.399025e+01 2.374955e+01 5.500000e-01
      vertex   2.392114e+01 2.388486e+01 5.500000e-01
    endloop
  endfacet
  facet normal -9.084653e-01 -4.179603e-01 0.000000e+00
    outer loop
      vertex   2.392114e+01 2.388486e+01 -1.400000e+00
      vertex   2.392114e+01 2.388486e+01 5.500000e-01
      vertex   2.385764e+01 2.402289e+01 -1.400000e+00
    endloop
  endfacet
  facet normal -9.084653e-01 -4.179603e-01 0.000000e+00
    outer loop
      vertex   2.385764e+01 2.402289e+01 -1.400000e+00
      vertex   2.392114e+01 2.388486e+01 5.500000e-01
      vertex   2.385764e+01 2.402289e+01 5.500000e-01
    endloop
  endfacet
  facet normal -9.248587e-01 -3.803109e-01 0.000000e+00
    outer loop
      vertex   2.385764e+01 2.402289e+01 -1.400000e+00
      vertex   2.385764e+01 2.402289e+01 5.500000e-01
      vertex   2.379985e+01 2.416341e+01 -1.400000e+00
    endloop
  endfacet
  facet normal -9.248587e-01 -3.803109e-01 6.928901e-16
    outer loop
      vertex   2.379985e+01 2.416341e+01 -1.400000e+00
      vertex   2.385764e+01 2.402289e+01 5.500000e-01
      vertex   2.379985e+01 2.416341e+01 5.500000e-01
    endloop
  endfacet
  facet normal -9.396926e-01 -3.420201e-01 6.231280e-16
    outer loop
      vertex   2.379985e+01 2.416341e+01 -1.400000e+00
      vertex   2.379985e+01 2.416341e+01 5.500000e-01
      vertex   2.374789e+01 2.430618e+01 -1.400000e+00
    endloop
  endfacet
  facet normal -9.396926e-01 -3.420201e-01 0.000000e+00
    outer loop
      vertex   2.374789e+01 2.430618e+01 -1.400000e+00
      vertex   2.379985e+01 2.416341e+01 5.500000e-01
      vertex   2.374789e+01 2.430618e+01 5.500000e-01
    endloop
  endfacet
  facet normal -9.529420e-01 -3.031527e-01 0.000000e+00
    outer loop
      vertex   2.374789e+01 2.430618e+01 -1.400000e+00
      vertex   2.374789e+01 2.430618e+01 5.500000e-01
      vertex   2.370183e+01 2.445096e+01 -1.400000e+00
    endloop
  endfacet
  facet normal -9.529420e-01 -3.031527e-01 0.000000e+00
    outer loop
      vertex   2.370183e+01 2.445096e+01 -1.400000e+00
      vertex   2.374789e+01 2.430618e+01 5.500000e-01
      vertex   2.370183e+01 2.445096e+01 5.500000e-01
    endloop
  endfacet
  facet normal -9.645845e-01 -2.637740e-01 0.000000e+00
    outer loop
      vertex   2.370183e+01 2.445096e+01 -1.400000e+00
      vertex   2.370183e+01 2.445096e+01 5.500000e-01
      vertex   2.366175e+01 2.459752e+01 -1.400000e+00
    endloop
  endfacet
  facet normal -9.645845e-01 -2.637740e-01 0.000000e+00
    outer loop
      vertex   2.366175e+01 2.459752e+01 -1.400000e+00
      vertex   2.370183e+01 2.445096e+01 5.500000e-01
      vertex   2.366175e+01 2.459752e+01 5.500000e-01
    endloop
  endfacet
  facet normal -9.746005e-01 -2.239506e-01 0.000000e+00
    outer loop
      vertex   2.366175e+01 2.459752e+01 -1.400000e+00
      vertex   2.366175e+01 2.459752e+01 5.500000e-01
      vertex   2.362773e+01 2.474560e+01 -1.400000e+00
    endloop
  endfacet
  facet normal -9.746005e-01 -2.239506e-01 0.000000e+00
    outer loop
      vertex   2.362773e+01 2.474560e+01 -1.400000e+00
      vertex   2.366175e+01 2.459752e+01 5.500000e-01
      vertex   2.362773e+01 2.474560e+01 5.500000e-01
    endloop
  endfacet
  facet normal -9.829731e-01 -1.837495e-01 0.000000e+00
    outer loop
      vertex   2.362773e+01 2.474560e+01 -1.400000e+00
      vertex   2.362773e+01 2.474560e+01 5.500000e-01
      vertex   2.359981e+01 2.489494e+01 -1.400000e+00
    endloop
  endfacet
  facet normal -9.829731e-01 -1.837495e-01 0.000000e+00
    outer loop
      vertex   2.359981e+01 2.489494e+01 -1.400000e+00
      vertex   2.362773e+01 2.474560e+01 5.500000e-01
      vertex   2.359981e+01 2.489494e+01 5.500000e-01
    endloop
  endfacet
  facet normal -9.896882e-01 -1.432386e-01 0.000000e+00
    outer loop
      vertex   2.359981e+01 2.489494e+01 -1.400000e+00
      vertex   2.359981e+01 2.489494e+01 5.500000e-01
      vertex   2.357804e+01 2.504531e+01 -1.400000e+00
    endloop
  endfacet
  facet normal -9.896882e-01 -1.432386e-01 0.000000e+00
    outer loop
      vertex   2.357804e+01 2.504531e+01 -1.400000e+00
      vertex   2.359981e+01 2.489494e+01 5.500000e-01
      vertex   2.357804e+01 2.504531e+01 5.500000e-01
    endloop
  endfacet
  facet normal -9.947344e-01 -1.024862e-01 0.000000e+00
    outer loop
      vertex   2.357804e+01 2.504531e+01 -1.400000e+00
      vertex   2.357804e+01 2.504531e+01 5.500000e-01
      vertex   2.356247e+01 2.519645e+01 -1.400000e+00
    endloop
  endfacet
  facet normal -9.947344e-01 -1.024862e-01 0.000000e+00
    outer loop
      vertex   2.356247e+01 2.519645e+01 -1.400000e+00
      vertex   2.357804e+01 2.504531e+01 5.500000e-01
      vertex   2.356247e+01 2.519645e+01 5.500000e-01
    endloop
  endfacet
  facet normal -9.981033e-01 -6.156091e-02 0.000000e+00
    outer loop
      vertex   2.356247e+01 2.519645e+01 -1.400000e+00
      vertex   2.356247e+01 2.519645e+01 5.500000e-01
      vertex   2.355312e+01 2.534810e+01 -1.400000e+00
    endloop
  endfacet
  facet normal -9.981033e-01 -6.156091e-02 0.000000e+00
    outer loop
      vertex   2.355312e+01 2.534810e+01 -1.400000e+00
      vertex   2.356247e+01 2.519645e+01 5.500000e-01
      vertex   2.355312e+01 2.534810e+01 5.500000e-01
    endloop
  endfacet
  facet normal 7.070322e-01 -1.451974e-02 7.070322e-01
    outer loop
      vertex   3.094688e+01 2.534810e+01 2.500000e+00
      vertex   3.095000e+01 2.550000e+01 2.500000e+00
      vertex   2.995000e+01 2.550000e+01 3.500000e+00
    endloop
  endfacet
  facet normal 7.070322e-01 1.451974e-02 7.070322e-01
    outer loop
      vertex   2.995000e+01 2.550000e+01 3.500000e+00
      vertex   3.095000e+01 2.550000e+01 2.500000e+00
      vertex   3.094688e+01 2.565190e+01 2.500000e+00
    endloop
  endfacet
  facet normal 7.068199e-01 1.695394e-02 7.071903e-01
    outer loop
      vertex   2.995000e+01 2.550000e+01 3.500000e+00
      vertex   3.094688e+01 2.565190e+01 2.500000e+00
      vertex   2.994689e+01 2.562945e+01 3.500000e+00
    endloop
  endfacet
  facet normal 7.059523e-01 4.354165e-02 7.069197e-01
    outer loop
      vertex   2.994689e+01 2.562945e+01 3.500000e+00
      vertex   3.094688e+01 2.565190e+01 2.500000e+00
      vertex   3.093753e+01 2.580355e+01 2.500000e+00
    endloop
  endfacet
  facet normal 7.050715e-01 5.081398e-02 7.073133e-01
    outer loop
      vertex   2.994689e+01 2.562945e+01 3.500000e+00
      vertex   3.093753e+01 2.580355e+01 2.500000e+00
      vertex   2.993759e+01 2.575860e+01 3.500000e+00
    endloop
  endfacet
  facet normal 7.036362e-01 7.249471e-02 7.068526e-01
    outer loop
      vertex   2.993759e+01 2.575860e+01 3.500000e+00
      vertex   3.093753e+01 2.580355e+01 2.500000e+00
      vertex   3.092196e+01 2.595469e+01 2.500000e+00
    endloop
  endfacet
  facet normal 7.017641e-01 8.455283e-02 7.073740e-01
    outer loop
      vertex   2.993759e+01 2.575860e+01 3.500000e+00
      vertex   3.092196e+01 2.595469e+01 2.500000e+00
      vertex   2.992210e+01 2.588716e+01 3.500000e+00
    endloop
  endfacet
  facet normal 7.000882e-01 1.013245e-01 7.068309e-01
    outer loop
      vertex   2.992210e+01 2.588716e+01 3.500000e+00
      vertex   3.092196e+01 2.595469e+01 2.500000e+00
      vertex   3.090019e+01 2.610506e+01 2.500000e+00
    endloop
  endfacet
  facet normal 6.969045e-01 1.181018e-01 7.073726e-01
    outer loop
      vertex   2.992210e+01 2.588716e+01 3.500000e+00
      vertex   3.090019e+01 2.610506e+01 2.500000e+00
      vertex   2.990046e+01 2.601483e+01 3.500000e+00
    endloop
  endfacet
  facet normal 6.953147e-01 1.299768e-01 7.068546e-01
    outer loop
      vertex   2.990046e+01 2.601483e+01 3.500000e+00
      vertex   3.090019e+01 2.610506e+01 2.500000e+00
      vertex   3.087227e+01 2.625440e+01 2.500000e+00
    endloop
  endfacet
  facet normal 6.905029e-01 1.513926e-01 7.073090e-01
    outer loop
      vertex   2.990046e+01 2.601483e+01 3.500000e+00
      vertex   3.087227e+01 2.625440e+01 2.500000e+00
      vertex   2.987273e+01 2.614132e+01 3.500000e+00
    endloop
  endfacet
  facet normal 6.893249e-01 1.583979e-01 7.069238e-01
    outer loop
      vertex   2.987273e+01 2.614132e+01 3.500000e+00
      vertex   3.087227e+01 2.625440e+01 2.500000e+00
      vertex   3.083825e+01 2.640248e+01 2.500000e+00
    endloop
  endfacet
  facet normal 6.825717e-01 1.843574e-01 7.071833e-01
    outer loop
      vertex   2.987273e+01 2.614132e+01 3.500000e+00
      vertex   3.083825e+01 2.640248e+01 2.500000e+00
      vertex   2.983897e+01 2.626632e+01 3.500000e+00
    endloop
  endfacet
  facet normal 6.821302e-01 1.865344e-01 7.070384e-01
    outer loop
      vertex   2.983897e+01 2.626632e+01 3.500000e+00
      vertex   3.083825e+01 2.640248e+01 2.500000e+00
      vertex   3.079817e+01 2.654904e+01 2.500000e+00
    endloop
  endfacet
  facet normal 6.739086e-01 2.143858e-01 7.070261e-01
    outer loop
      vertex   2.983897e+01 2.626632e+01 3.500000e+00
      vertex   3.079817e+01 2.654904e+01 2.500000e+00
      vertex   3.075211e+01 2.669382e+01 2.500000e+00
    endloop
  endfacet
  facet normal 6.729344e-01 2.168669e-01 7.071973e-01
    outer loop
      vertex   2.983897e+01 2.626632e+01 3.500000e+00
      vertex   3.075211e+01 2.669382e+01 2.500000e+00
      vertex   2.979925e+01 2.638957e+01 3.500000e+00
    endloop
  endfacet
  facet normal 6.646426e-01 2.419101e-01 7.069157e-01
    outer loop
      vertex   2.979925e+01 2.638957e+01 3.500000e+00
      vertex   3.075211e+01 2.669382e+01 2.500000e+00
      vertex   3.070015e+01 2.683659e+01 2.500000e+00
    endloop
  endfacet
  facet normal 6.616504e-01 2.488389e-01 7.073174e-01
    outer loop
      vertex   2.979925e+01 2.638957e+01 3.500000e+00
      vertex   3.070015e+01 2.683659e+01 2.500000e+00
      vertex   2.975367e+01 2.651077e+01 3.500000e+00
    endloop
  endfacet
  facet normal 6.542107e-01 2.690178e-01 7.068506e-01
    outer loop
      vertex   2.975367e+01 2.651077e+01 3.500000e+00
      vertex   3.070015e+01 2.683659e+01 2.500000e+00
      vertex   3.064236e+01 2.697711e+01 2.500000e+00
    endloop
  endfacet
  facet normal 6.489058e-01 2.802525e-01 7.073753e-01
    outer loop
      vertex   2.975367e+01 2.651077e+01 3.500000e+00
      vertex   3.064236e+01 2.697711e+01 2.500000e+00
      vertex   2.970233e+01 2.662965e+01 3.500000e+00
    endloop
  endfacet
  facet normal 6.426324e-01 2.956578e-01 7.068310e-01
    outer loop
      vertex   2.970233e+01 2.662965e+01 3.500000e+00
      vertex   3.064236e+01 2.697711e+01 2.500000e+00
      vertex   3.057886e+01 2.711514e+01 2.500000e+00
    endloop
  endfacet
  facet normal 6.347267e-01 3.110438e-01 7.073711e-01
    outer loop
      vertex   2.970233e+01 2.662965e+01 3.500000e+00
      vertex   3.057886e+01 2.711514e+01 2.500000e+00
      vertex   2.964534e+01 2.674592e+01 3.500000e+00
    endloop
  endfacet
  facet normal 6.299294e-01 3.217801e-01 7.068568e-01
    outer loop
      vertex   2.964534e+01 2.674592e+01 3.500000e+00
      vertex   3.057886e+01 2.711514e+01 2.500000e+00
      vertex   3.050975e+01 2.725045e+01 2.500000e+00
    endloop
  endfacet
  facet normal 6.191420e-01 3.411500e-01 7.073047e-01
    outer loop
      vertex   2.964534e+01 2.674592e+01 3.500000e+00
      vertex   3.050975e+01 2.725045e+01 2.500000e+00
      vertex   2.958285e+01 2.685934e+01 3.500000e+00
    endloop
  endfacet
  facet normal 6.161256e-01 3.473356e-01 7.069281e-01
    outer loop
      vertex   2.958285e+01 2.685934e+01 3.500000e+00
      vertex   3.050975e+01 2.725045e+01 2.500000e+00
      vertex   3.043513e+01 2.738280e+01 2.500000e+00
    endloop
  endfacet
  facet normal 6.021831e-01 3.705098e-01 7.071761e-01
    outer loop
      vertex   2.958285e+01 2.685934e+01 3.500000e+00
      vertex   3.043513e+01 2.738280e+01 2.500000e+00
      vertex   2.951500e+01 2.696962e+01 3.500000e+00
    endloop
  endfacet
  facet normal 6.012471e-01 3.722764e-01 7.070447e-01
    outer loop
      vertex   2.951500e+01 2.696962e+01 3.500000e+00
      vertex   3.043513e+01 2.738280e+01 2.500000e+00
      vertex   3.035515e+01 2.751198e+01 2.500000e+00
    endloop
  endfacet
  facet normal 5.854767e-01 3.966606e-01 7.070201e-01
    outer loop
      vertex   2.951500e+01 2.696962e+01 3.500000e+00
      vertex   3.035515e+01 2.751198e+01 2.500000e+00
      vertex   3.026993e+01 2.763776e+01 2.500000e+00
    endloop
  endfacet
  facet normal 5.837034e-01 3.989394e-01 7.072041e-01
    outer loop
      vertex   2.951500e+01 2.696962e+01 3.500000e+00
      vertex   3.026993e+01 2.763776e+01 2.500000e+00
      vertex   2.944193e+01 2.707653e+01 3.500000e+00
    endloop
  endfacet
  facet normal 5.687853e-01 4.204273e-01 7.069117e-01
    outer loop
      vertex   2.944193e+01 2.707653e+01 3.500000e+00
      vertex   3.026993e+01 2.763776e+01 2.500000e+00
      vertex   3.017962e+01 2.775994e+01 2.500000e+00
    endloop
  endfacet
  facet normal 5.638115e-01 4.263955e-01 7.073214e-01
    outer loop
      vertex   2.944193e+01 2.707653e+01 3.500000e+00
      vertex   3.017962e+01 2.775994e+01 2.500000e+00
      vertex   2.936383e+01 2.717980e+01 3.500000e+00
    endloop
  endfacet
  facet normal 5.510941e-01 4.434638e-01 7.068487e-01
    outer loop
      vertex   2.936383e+01 2.717980e+01 3.500000e+00
      vertex   3.017962e+01 2.775994e+01 2.500000e+00
      vertex   3.008436e+01 2.787831e+01 2.500000e+00
    endloop
  endfacet
  facet normal 5.426773e-01 4.529016e-01 7.073765e-01
    outer loop
      vertex   2.936383e+01 2.717980e+01 3.500000e+00
      vertex   3.008436e+01 2.787831e+01 2.500000e+00
      vertex   2.928086e+01 2.727922e+01 3.500000e+00
    endloop
  endfacet
  facet normal 5.324363e-01 4.657267e-01 7.068312e-01
    outer loop
      vertex   2.928086e+01 2.727922e+01 3.500000e+00
      vertex   3.008436e+01 2.787831e+01 2.500000e+00
      vertex   2.998433e+01 2.799267e+01 2.500000e+00
    endloop
  endfacet
  facet normal 5.203441e-01 4.784042e-01 7.073694e-01
    outer loop
      vertex   2.928086e+01 2.727922e+01 3.500000e+00
      vertex   2.998433e+01 2.799267e+01 2.500000e+00
      vertex   2.919322e+01 2.737454e+01 3.500000e+00
    endloop
  endfacet
  facet normal 5.128468e-01 4.871740e-01 7.068590e-01
    outer loop
      vertex   2.919322e+01 2.737454e+01 3.500000e+00
      vertex   2.998433e+01 2.799267e+01 2.500000e+00
      vertex   2.987969e+01 2.810283e+01 2.500000e+00
    endloop
  endfacet
  facet normal 4.968574e-01 5.028511e-01 7.073002e-01
    outer loop
      vertex   2.919322e+01 2.737454e+01 3.500000e+00
      vertex   2.987969e+01 2.810283e+01 2.500000e+00
      vertex   2.910111e+01 2.746555e+01 3.500000e+00
    endloop
  endfacet
  facet normal 4.923624e-01 5.077656e-01 7.069324e-01
    outer loop
      vertex   2.910111e+01 2.746555e+01 3.500000e+00
      vertex   2.987969e+01 2.810283e+01 2.500000e+00
      vertex   2.977061e+01 2.820860e+01 2.500000e+00
    endloop
  endfacet
  facet normal 4.722647e-01 5.261924e-01 7.071687e-01
    outer loop
      vertex   2.910111e+01 2.746555e+01 3.500000e+00
      vertex   2.977061e+01 2.820860e+01 2.500000e+00
      vertex   2.900474e+01 2.755204e+01 3.500000e+00
    endloop
  endfacet
  facet normal 4.710219e-01 5.274629e-01 7.070511e-01
    outer loop
      vertex   2.900474e+01 2.755204e+01 3.500000e+00
      vertex   2.977061e+01 2.820860e+01 2.500000e+00
      vertex   2.965729e+01 2.830980e+01 2.500000e+00
    endloop
  endfacet
  facet normal 4.489932e-01 5.463845e-01 7.070142e-01
    outer loop
      vertex   2.900474e+01 2.755204e+01 3.500000e+00
      vertex   2.965729e+01 2.830980e+01 2.500000e+00
      vertex   2.953990e+01 2.840626e+01 2.500000e+00
    endloop
  endfacet
  facet normal 4.464668e-01 5.481974e-01 7.072108e-01
    outer loop
      vertex   2.900474e+01 2.755204e+01 3.500000e+00
      vertex   2.953990e+01 2.840626e+01 2.500000e+00
      vertex   2.890434e+01 2.763382e+01 3.500000e+00
    endloop
  endfacet
  facet normal 4.262469e-01 5.644421e-01 7.069079e-01
    outer loop
      vertex   2.890434e+01 2.763382e+01 3.500000e+00
      vertex   2.953990e+01 2.840626e+01 2.500000e+00
      vertex   2.941865e+01 2.849782e+01 2.500000e+00
    endloop
  endfacet
  facet normal 4.196021e-01 5.688805e-01 7.073252e-01
    outer loop
      vertex   2.890434e+01 2.763382e+01 3.500000e+00
      vertex   2.941865e+01 2.849782e+01 2.500000e+00
      vertex   2.880013e+01 2.771068e+01 3.500000e+00
    endloop
  endfacet
  facet normal 4.027490e-01 5.815158e-01 7.068469e-01
    outer loop
      vertex   2.880013e+01 2.771068e+01 3.500000e+00
      vertex   2.941865e+01 2.849782e+01 2.500000e+00
      vertex   2.929375e+01 2.858433e+01 2.500000e+00
    endloop
  endfacet
  facet normal 3.918157e-01 5.883006e-01 7.073775e-01
    outer loop
      vertex   2.880013e+01 2.771068e+01 3.500000e+00
      vertex   2.929375e+01 2.858433e+01 2.500000e+00
      vertex   2.869236e+01 2.778246e+01 3.500000e+00
    endloop
  endfacet
  facet normal 3.785436e-01 5.975735e-01 7.068314e-01
    outer loop
      vertex   2.869236e+01 2.778246e+01 3.500000e+00
      vertex   2.929375e+01 2.858433e+01 2.500000e+00
      vertex   2.916540e+01 2.866563e+01 2.500000e+00
    endloop
  endfacet
  facet normal 3.631642e-01 6.064180e-01 7.073676e-01
    outer loop
      vertex   2.869236e+01 2.778246e+01 3.500000e+00
      vertex   2.916540e+01 2.866563e+01 2.500000e+00
      vertex   2.858127e+01 2.784899e+01 3.500000e+00
    endloop
  endfacet
  facet normal 3.536760e-01 6.125849e-01 7.068614e-01
    outer loop
      vertex   2.858127e+01 2.784899e+01 3.500000e+00
      vertex   2.916540e+01 2.866563e+01 2.500000e+00
      vertex   2.903382e+01 2.874160e+01 2.500000e+00
    endloop
  endfacet
  facet normal 3.337059e-01 6.231961e-01 7.072956e-01
    outer loop
      vertex   2.858127e+01 2.784899e+01 3.500000e+00
      vertex   2.903382e+01 2.874160e+01 2.500000e+00
      vertex   2.846711e+01 2.791011e+01 3.500000e+00
    endloop
  endfacet
  facet normal 3.281932e-01 6.265218e-01 7.069368e-01
    outer loop
      vertex   2.846711e+01 2.791011e+01 3.500000e+00
      vertex   2.903382e+01 2.874160e+01 2.500000e+00
      vertex   2.889923e+01 2.881210e+01 2.500000e+00
    endloop
  endfacet
  facet normal 3.035008e-01 6.386002e-01 7.071613e-01
    outer loop
      vertex   2.846711e+01 2.791011e+01 3.500000e+00
      vertex   2.889923e+01 2.881210e+01 2.500000e+00
      vertex   2.835016e+01 2.796569e+01 3.500000e+00
    endloop
  endfacet
  facet normal 3.021430e-01 6.393584e-01 7.070576e-01
    outer loop
      vertex   2.835016e+01 2.796569e+01 3.500000e+00
      vertex   2.889923e+01 2.881210e+01 2.500000e+00
      vertex   2.876186e+01 2.887702e+01 2.500000e+00
    endloop
  endfacet
  facet normal 2.756586e-01 6.512691e-01 7.070084e-01
    outer loop
      vertex   2.835016e+01 2.796569e+01 3.500000e+00
      vertex   2.876186e+01 2.887702e+01 2.500000e+00
      vertex   2.862194e+01 2.893624e+01 2.500000e+00
    endloop
  endfacet
  facet normal 2.725126e-01 6.523654e-01 7.072173e-01
    outer loop
      vertex   2.835016e+01 2.796569e+01 3.500000e+00
      vertex   2.862194e+01 2.893624e+01 2.500000e+00
      vertex   2.823068e+01 2.801561e+01 3.500000e+00
    endloop
  endfacet
  facet normal 2.487249e-01 6.621348e-01 7.069041e-01
    outer loop
      vertex   2.823068e+01 2.801561e+01 3.500000e+00
      vertex   2.862194e+01 2.893624e+01 2.500000e+00
      vertex   2.847971e+01 2.898967e+01 2.500000e+00
    endloop
  endfacet
  facet normal 2.408835e-01 6.645757e-01 7.073290e-01
    outer loop
      vertex   2.823068e+01 2.801561e+01 3.500000e+00
      vertex   2.847971e+01 2.898967e+01 2.500000e+00
      vertex   2.810894e+01 2.805973e+01 3.500000e+00
    endloop
  endfacet
  facet normal 2.213497e-01 6.718438e-01 7.068452e-01
    outer loop
      vertex   2.810894e+01 2.805973e+01 3.500000e+00
      vertex   2.847971e+01 2.898967e+01 2.500000e+00
      vertex   2.833541e+01 2.903722e+01 2.500000e+00
    endloop
  endfacet
  facet normal 2.087289e-01 6.753133e-01 7.073784e-01
    outer loop
      vertex   2.810894e+01 2.805973e+01 3.500000e+00
      vertex   2.833541e+01 2.903722e+01 2.500000e+00
      vertex   2.798523e+01 2.809797e+01 3.500000e+00
    endloop
  endfacet
  facet normal 1.935842e-01 6.803778e-01 7.068318e-01
    outer loop
      vertex   2.798523e+01 2.809797e+01 3.500000e+00
      vertex   2.833541e+01 2.903722e+01 2.500000e+00
      vertex   2.818927e+01 2.907879e+01 2.500000e+00
    endloop
  endfacet
  facet normal 1.761143e-01 6.845565e-01 7.073657e-01
    outer loop
      vertex   2.798523e+01 2.809797e+01 3.500000e+00
      vertex   2.818927e+01 2.907879e+01 2.500000e+00
      vertex   2.785982e+01 2.813023e+01 3.500000e+00
    endloop
  endfacet
  facet normal 1.654805e-01 6.877207e-01 7.068638e-01
    outer loop
      vertex   2.785982e+01 2.813023e+01 3.500000e+00
      vertex   2.818927e+01 2.907879e+01 2.500000e+00
      vertex   2.804155e+01 2.911434e+01 2.500000e+00
    endloop
  endfacet
  facet normal 1.431059e-01 6.922864e-01 7.072908e-01
    outer loop
      vertex   2.785982e+01 2.813023e+01 3.500000e+00
      vertex   2.804155e+01 2.911434e+01 2.500000e+00
      vertex   2.773301e+01 2.815644e+01 3.500000e+00
    endloop
  endfacet
  facet normal 1.370916e-01 6.938587e-01 7.069413e-01
    outer loop
      vertex   2.773301e+01 2.815644e+01 3.500000e+00
      vertex   2.804155e+01 2.911434e+01 2.500000e+00
      vertex   2.789250e+01 2.914379e+01 2.500000e+00
    endloop
  endfacet
  facet normal 1.097711e-01 6.984869e-01 7.071537e-01
    outer loop
      vertex   2.773301e+01 2.815644e+01 3.500000e+00
      vertex   2.789250e+01 2.914379e+01 2.500000e+00
      vertex   2.760510e+01 2.817655e+01 3.500000e+00
    endloop
  endfacet
  facet normal 1.084708e-01 6.987806e-01 7.070641e-01
    outer loop
      vertex   2.760510e+01 2.817655e+01 3.500000e+00
      vertex   2.789250e+01 2.914379e+01 2.500000e+00
      vertex   2.774236e+01 2.916709e+01 2.500000e+00
    endloop
  endfacet
  facet normal 7.969783e-02 7.027058e-01 7.070027e-01
    outer loop
      vertex   2.760510e+01 2.817655e+01 3.500000e+00
      vertex   2.774236e+01 2.916709e+01 2.500000e+00
      vertex   2.759139e+01 2.918422e+01 2.500000e+00
    endloop
  endfacet
  facet normal 7.614843e-02 7.028769e-01 7.072237e-01
    outer loop
      vertex   2.760510e+01 2.817655e+01 3.500000e+00
      vertex   2.759139e+01 2.918422e+01 2.500000e+00
      vertex   2.747636e+01 2.819049e+01 3.500000e+00
    endloop
  endfacet
  facet normal 5.078837e-02 7.054873e-01 7.069005e-01
    outer loop
      vertex   2.747636e+01 2.819049e+01 3.500000e+00
      vertex   2.759139e+01 2.918422e+01 2.500000e+00
      vertex   2.743985e+01 2.919513e+01 2.500000e+00
    endloop
  endfacet
  facet normal 4.235500e-02 7.056109e-01 7.073326e-01
    outer loop
      vertex   2.747636e+01 2.819049e+01 3.500000e+00
      vertex   2.743985e+01 2.919513e+01 2.500000e+00
      vertex   2.734710e+01 2.819825e+01 3.500000e+00
    endloop
  endfacet
  facet normal 2.178349e-02 7.070343e-01 7.068436e-01
    outer loop
      vertex   2.734710e+01 2.819825e+01 3.500000e+00
      vertex   2.743985e+01 2.919513e+01 2.500000e+00
      vertex   2.728799e+01 2.919981e+01 2.500000e+00
    endloop
  endfacet
  facet normal 8.475314e-03 7.067835e-01 7.073792e-01
    outer loop
      vertex   2.734710e+01 2.819825e+01 3.500000e+00
      vertex   2.728799e+01 2.919981e+01 2.500000e+00
      vertex   2.721763e+01 2.819981e+01 3.500000e+00
    endloop
  endfacet
  facet normal -7.262302e-03 7.073439e-01 7.068323e-01
    outer loop
      vertex   2.721763e+01 2.819981e+01 3.500000e+00
      vertex   2.728799e+01 2.919981e+01 2.500000e+00
      vertex   2.713606e+01 2.919825e+01 2.500000e+00
    endloop
  endfacet
  facet normal -2.542163e-02 7.063926e-01 7.073636e-01
    outer loop
      vertex   2.721763e+01 2.819981e+01 3.500000e+00
      vertex   2.713606e+01 2.919825e+01 2.500000e+00
      vertex   2.708822e+01 2.819515e+01 3.500000e+00
    endloop
  endfacet
  facet normal -3.629446e-02 7.064153e-01 7.068664e-01
    outer loop
      vertex   2.708822e+01 2.819515e+01 3.500000e+00
      vertex   2.713606e+01 2.919825e+01 2.500000e+00
      vertex   2.698432e+01 2.919045e+01 2.500000e+00
    endloop
  endfacet
  facet normal -5.926680e-02 7.044388e-01 7.072859e-01
    outer loop
      vertex   2.708822e+01 2.819515e+01 3.500000e+00
      vertex   2.698432e+01 2.919045e+01 2.500000e+00
      vertex   2.695919e+01 2.818429e+01 3.500000e+00
    endloop
  endfacet
  facet normal -6.525842e-02 7.042506e-01 7.069459e-01
    outer loop
      vertex   2.695919e+01 2.818429e+01 3.500000e+00
      vertex   2.698432e+01 2.919045e+01 2.500000e+00
      vertex   2.683304e+01 2.917643e+01 2.500000e+00
    endloop
  endfacet
  facet normal -9.299127e-02 7.009259e-01 7.071460e-01
    outer loop
      vertex   2.695919e+01 2.818429e+01 3.500000e+00
      vertex   2.683304e+01 2.917643e+01 2.500000e+00
      vertex   2.683082e+01 2.816726e+01 3.500000e+00
    endloop
  endfacet
  facet normal -9.409981e-02 7.008538e-01 7.070708e-01
    outer loop
      vertex   2.683082e+01 2.816726e+01 3.500000e+00
      vertex   2.683304e+01 2.917643e+01 2.500000e+00
      vertex   2.668245e+01 2.915621e+01 2.500000e+00
    endloop
  endfacet
  facet normal -1.228069e-01 6.964723e-01 7.069970e-01
    outer loop
      vertex   2.683082e+01 2.816726e+01 3.500000e+00
      vertex   2.668245e+01 2.915621e+01 2.500000e+00
      vertex   2.653282e+01 2.912983e+01 2.500000e+00
    endloop
  endfacet
  facet normal -1.264751e-01 6.955787e-01 7.072300e-01
    outer loop
      vertex   2.683082e+01 2.816726e+01 3.500000e+00
      vertex   2.653282e+01 2.912983e+01 2.500000e+00
      vertex   2.670343e+01 2.814410e+01 3.500000e+00
    endloop
  endfacet
  facet normal -1.513184e-01 6.909410e-01 7.068969e-01
    outer loop
      vertex   2.670343e+01 2.814410e+01 3.500000e+00
      vertex   2.653282e+01 2.912983e+01 2.500000e+00
      vertex   2.638441e+01 2.909732e+01 2.500000e+00
    endloop
  endfacet
  facet normal -1.596551e-01 6.886116e-01 7.073360e-01
    outer loop
      vertex   2.670343e+01 2.814410e+01 3.500000e+00
      vertex   2.638441e+01 2.909732e+01 2.500000e+00
      vertex   2.657728e+01 2.811485e+01 3.500000e+00
    endloop
  endfacet
  facet normal -1.795713e-01 6.841990e-01 7.068421e-01
    outer loop
      vertex   2.657728e+01 2.811485e+01 3.500000e+00
      vertex   2.638441e+01 2.909732e+01 2.500000e+00
      vertex   2.623745e+01 2.905875e+01 2.500000e+00
    endloop
  endfacet
  facet normal -1.924750e-01 6.801229e-01 7.073798e-01
    outer loop
      vertex   2.657728e+01 2.811485e+01 3.500000e+00
      vertex   2.623745e+01 2.905875e+01 2.500000e+00
      vertex   2.645269e+01 2.807959e+01 3.500000e+00
    endloop
  endfacet
  facet normal -2.075125e-01 6.762588e-01 7.068328e-01
    outer loop
      vertex   2.645269e+01 2.807959e+01 3.500000e+00
      vertex   2.623745e+01 2.905875e+01 2.500000e+00
      vertex   2.609220e+01 2.901418e+01 2.500000e+00
    endloop
  endfacet
  facet normal -2.248679e-01 6.701300e-01 7.073614e-01
    outer loop
      vertex   2.645269e+01 2.807959e+01 3.500000e+00
      vertex   2.609220e+01 2.901418e+01 2.500000e+00
      vertex   2.632993e+01 2.803840e+01 3.500000e+00
    endloop
  endfacet
  facet normal -2.350893e-01 6.671351e-01 7.068690e-01
    outer loop
      vertex   2.632993e+01 2.803840e+01 3.500000e+00
      vertex   2.609220e+01 2.901418e+01 2.500000e+00
      vertex   2.594890e+01 2.896369e+01 2.500000e+00
    endloop
  endfacet
  facet normal -2.567678e-01 6.586532e-01 7.072809e-01
    outer loop
      vertex   2.632993e+01 2.803840e+01 3.500000e+00
      vertex   2.594890e+01 2.896369e+01 2.500000e+00
      vertex   2.620928e+01 2.799137e+01 3.500000e+00
    endloop
  endfacet
  facet normal -2.622501e-01 6.568453e-01 7.069506e-01
    outer loop
      vertex   2.620928e+01 2.799137e+01 3.500000e+00
      vertex   2.594890e+01 2.896369e+01 2.500000e+00
      vertex   2.580779e+01 2.890735e+01 2.500000e+00
    endloop
  endfacet
  facet normal -2.881097e-01 6.457154e-01 7.071382e-01
    outer loop
      vertex   2.620928e+01 2.799137e+01 3.500000e+00
      vertex   2.580779e+01 2.890735e+01 2.500000e+00
      vertex   2.609103e+01 2.793860e+01 3.500000e+00
    endloop
  endfacet
  facet normal -2.889440e-01 6.454089e-01 7.070776e-01
    outer loop
      vertex   2.609103e+01 2.793860e+01 3.500000e+00
      vertex   2.580779e+01 2.890735e+01 2.500000e+00
      vertex   2.566912e+01 2.884527e+01 2.500000e+00
    endloop
  endfacet
  facet normal -3.152360e-01 6.330792e-01 7.069915e-01
    outer loop
      vertex   2.609103e+01 2.793860e+01 3.500000e+00
      vertex   2.566912e+01 2.884527e+01 2.500000e+00
      vertex   2.553311e+01 2.877754e+01 2.500000e+00
    endloop
  endfacet
  facet normal -3.186929e-01 6.310719e-01 7.072362e-01
    outer loop
      vertex   2.609103e+01 2.793860e+01 3.500000e+00
      vertex   2.553311e+01 2.877754e+01 2.500000e+00
      vertex   2.597544e+01 2.788023e+01 3.500000e+00
    endloop
  endfacet
  facet normal -3.410086e-01 6.196893e-01 7.068934e-01
    outer loop
      vertex   2.597544e+01 2.788023e+01 3.500000e+00
      vertex   2.553311e+01 2.877754e+01 2.500000e+00
      vertex   2.540000e+01 2.870429e+01 2.500000e+00
    endloop
  endfacet
  facet normal -3.485322e-01 6.149767e-01 7.073394e-01
    outer loop
      vertex   2.597544e+01 2.788023e+01 3.500000e+00
      vertex   2.540000e+01 2.870429e+01 2.500000e+00
      vertex   2.586279e+01 2.781639e+01 3.500000e+00
    endloop
  endfacet
  facet normal -3.661897e-01 6.052118e-01 7.068407e-01
    outer loop
      vertex   2.586279e+01 2.781639e+01 3.500000e+00
      vertex   2.540000e+01 2.870429e+01 2.500000e+00
      vertex   2.527001e+01 2.862564e+01 2.500000e+00
    endloop
  endfacet
  facet normal -3.775945e-01 5.975245e-01 7.073803e-01
    outer loop
      vertex   2.586279e+01 2.781639e+01 3.500000e+00
      vertex   2.527001e+01 2.862564e+01 2.500000e+00
      vertex   2.575333e+01 2.774721e+01 3.500000e+00
    endloop
  endfacet
  facet normal -3.907319e-01 5.896736e-01 7.068335e-01
    outer loop
      vertex   2.575333e+01 2.774721e+01 3.500000e+00
      vertex   2.527001e+01 2.862564e+01 2.500000e+00
      vertex   2.514335e+01 2.854172e+01 2.500000e+00
    endloop
  endfacet
  facet normal -4.058206e-01 5.787510e-01 7.073591e-01
    outer loop
      vertex   2.575333e+01 2.774721e+01 3.500000e+00
      vertex   2.514335e+01 2.854172e+01 2.500000e+00
      vertex   2.564731e+01 2.767287e+01 3.500000e+00
    endloop
  endfacet
  facet normal -4.145892e-01 5.731040e-01 7.068717e-01
    outer loop
      vertex   2.564731e+01 2.767287e+01 3.500000e+00
      vertex   2.514335e+01 2.854172e+01 2.500000e+00
      vertex   2.502025e+01 2.845266e+01 2.500000e+00
    endloop
  endfacet
  facet normal -4.331532e-01 5.586943e-01 7.072758e-01
    outer loop
      vertex   2.564731e+01 2.767287e+01 3.500000e+00
      vertex   2.502025e+01 2.845266e+01 2.500000e+00
      vertex   2.554497e+01 2.759353e+01 3.500000e+00
    endloop
  endfacet
  facet normal -4.377167e-01 5.555342e-01 7.069554e-01
    outer loop
      vertex   2.554497e+01 2.759353e+01 3.500000e+00
      vertex   2.502025e+01 2.845266e+01 2.500000e+00
      vertex   2.490091e+01 2.835863e+01 2.500000e+00
    endloop
  endfacet
  facet normal -4.595362e-01 5.373950e-01 7.071302e-01
    outer loop
      vertex   2.554497e+01 2.759353e+01 3.500000e+00
      vertex   2.490091e+01 2.835863e+01 2.500000e+00
      vertex   2.544656e+01 2.750938e+01 3.500000e+00
    endloop
  endfacet
  facet normal -4.600712e-01 5.369974e-01 7.070844e-01
    outer loop
      vertex   2.544656e+01 2.750938e+01 3.500000e+00
      vertex   2.490091e+01 2.835863e+01 2.500000e+00
      vertex   2.478553e+01 2.825978e+01 2.500000e+00
    endloop
  endfacet
  facet normal -4.817967e-01 5.177283e-01 7.069861e-01
    outer loop
      vertex   2.544656e+01 2.750938e+01 3.500000e+00
      vertex   2.478553e+01 2.825978e+01 2.500000e+00
      vertex   2.467430e+01 2.815627e+01 2.500000e+00
    endloop
  endfacet
  facet normal -4.846962e-01 5.146630e-01 7.072422e-01
    outer loop
      vertex   2.544656e+01 2.750938e+01 3.500000e+00
      vertex   2.467430e+01 2.815627e+01 2.500000e+00
      vertex   2.535229e+01 2.742060e+01 3.500000e+00
    endloop
  endfacet
  facet normal -5.027141e-01 4.975792e-01 7.068900e-01
    outer loop
      vertex   2.535229e+01 2.742060e+01 3.500000e+00
      vertex   2.467430e+01 2.815627e+01 2.500000e+00
      vertex   2.456742e+01 2.804829e+01 2.500000e+00
    endloop
  endfacet
  facet normal -5.087420e-01 4.907627e-01 7.073426e-01
    outer loop
      vertex   2.535229e+01 2.742060e+01 3.500000e+00
      vertex   2.456742e+01 2.804829e+01 2.500000e+00
      vertex   2.526239e+01 2.732741e+01 3.500000e+00
    endloop
  endfacet
  facet normal -5.227557e-01 4.765548e-01 7.068394e-01
    outer loop
      vertex   2.526239e+01 2.732741e+01 3.500000e+00
      vertex   2.456742e+01 2.804829e+01 2.500000e+00
      vertex   2.446506e+01 2.793601e+01 2.500000e+00
    endloop
  endfacet
  facet normal -5.316578e-01 4.657816e-01 7.073807e-01
    outer loop
      vertex   2.526239e+01 2.732741e+01 3.500000e+00
      vertex   2.446506e+01 2.793601e+01 2.500000e+00
      vertex   2.517706e+01 2.723001e+01 3.500000e+00
    endloop
  endfacet
  facet normal -5.418839e-01 4.546946e-01 7.068343e-01
    outer loop
      vertex   2.517706e+01 2.723001e+01 3.500000e+00
      vertex   2.446506e+01 2.793601e+01 2.500000e+00
      vertex   2.436740e+01 2.781962e+01 2.500000e+00
    endloop
  endfacet
  facet normal -5.533970e-01 4.397707e-01 7.073567e-01
    outer loop
      vertex   2.517706e+01 2.723001e+01 3.500000e+00
      vertex   2.436740e+01 2.781962e+01 2.500000e+00
      vertex   2.509650e+01 2.712863e+01 3.500000e+00
    endloop
  endfacet
  facet normal -5.600627e-01 4.320396e-01 7.068745e-01
    outer loop
      vertex   2.509650e+01 2.712863e+01 3.500000e+00
      vertex   2.436740e+01 2.781962e+01 2.500000e+00
      vertex   2.427460e+01 2.769932e+01 2.500000e+00
    endloop
  endfacet
  facet normal -5.739153e-01 4.127828e-01 7.072705e-01
    outer loop
      vertex   2.509650e+01 2.712863e+01 3.500000e+00
      vertex   2.427460e+01 2.769932e+01 2.500000e+00
      vertex   2.502089e+01 2.702351e+01 3.500000e+00
    endloop
  endfacet
  facet normal -5.772579e-01 4.086324e-01 7.069603e-01
    outer loop
      vertex   2.502089e+01 2.702351e+01 3.500000e+00
      vertex   2.427460e+01 2.769932e+01 2.500000e+00
      vertex   2.418682e+01 2.757531e+01 2.500000e+00
    endloop
  endfacet
  facet normal -5.931707e-01 3.848726e-01 7.071221e-01
    outer loop
      vertex   2.502089e+01 2.702351e+01 3.500000e+00
      vertex   2.418682e+01 2.757531e+01 2.500000e+00
      vertex   2.495041e+01 2.691488e+01 3.500000e+00
    endloop
  endfacet
  facet normal -5.934377e-01 3.845173e-01 7.070913e-01
    outer loop
      vertex   2.495041e+01 2.691488e+01 3.500000e+00
      vertex   2.418682e+01 2.757531e+01 2.500000e+00
      vertex   2.410420e+01 2.744780e+01 2.500000e+00
    endloop
  endfacet
  facet normal -6.088189e-01 3.598858e-01 7.069807e-01
    outer loop
      vertex   2.495041e+01 2.691488e+01 3.500000e+00
      vertex   2.410420e+01 2.744780e+01 2.500000e+00
      vertex   2.402688e+01 2.731701e+01 2.500000e+00
    endloop
  endfacet
  facet normal -6.108322e-01 3.559270e-01 7.072482e-01
    outer loop
      vertex   2.495041e+01 2.691488e+01 3.500000e+00
      vertex   2.402688e+01 2.731701e+01 2.500000e+00
      vertex   2.488522e+01 2.680300e+01 3.500000e+00
    endloop
  endfacet
  facet normal -6.231635e-01 3.346317e-01 7.068867e-01
    outer loop
      vertex   2.488522e+01 2.680300e+01 3.500000e+00
      vertex   2.402688e+01 2.731701e+01 2.500000e+00
      vertex   2.395500e+01 2.718315e+01 2.500000e+00
    endloop
  endfacet
  facet normal -6.271081e-01 3.261864e-01 7.073457e-01
    outer loop
      vertex   2.488522e+01 2.680300e+01 3.500000e+00
      vertex   2.395500e+01 2.718315e+01 2.500000e+00
      vertex   2.482547e+01 2.668813e+01 3.500000e+00
    endloop
  endfacet
  facet normal -6.364201e-01 3.087868e-01 7.068382e-01
    outer loop
      vertex   2.482547e+01 2.668813e+01 3.500000e+00
      vertex   2.395500e+01 2.718315e+01 2.500000e+00
      vertex   2.388868e+01 2.704645e+01 2.500000e+00
    endloop
  endfacet
  facet normal -6.419938e-01 2.957299e-01 7.073810e-01
    outer loop
      vertex   2.482547e+01 2.668813e+01 3.500000e+00
      vertex   2.388868e+01 2.704645e+01 2.500000e+00
      vertex   2.477129e+01 2.657052e+01 3.500000e+00
    endloop
  endfacet
  facet normal -6.485636e-01 2.823994e-01 7.068351e-01
    outer loop
      vertex   2.477129e+01 2.657052e+01 3.500000e+00
      vertex   2.388868e+01 2.704645e+01 2.500000e+00
      vertex   2.382802e+01 2.690715e+01 2.500000e+00
    endloop
  endfacet
  facet normal -6.554591e-01 2.646195e-01 7.073541e-01
    outer loop
      vertex   2.477129e+01 2.657052e+01 3.500000e+00
      vertex   2.382802e+01 2.690715e+01 2.500000e+00
      vertex   2.472282e+01 2.645044e+01 3.500000e+00
    endloop
  endfacet
  facet normal -6.595712e-01 2.555192e-01 7.068775e-01
    outer loop
      vertex   2.472282e+01 2.645044e+01 3.500000e+00
      vertex   2.382802e+01 2.690715e+01 2.500000e+00
      vertex   2.377314e+01 2.676547e+01 2.500000e+00
    endloop
  endfacet
  facet normal -6.674766e-01 2.329187e-01 7.072651e-01
    outer loop
      vertex   2.472282e+01 2.645044e+01 3.500000e+00
      vertex   2.377314e+01 2.676547e+01 2.500000e+00
      vertex   2.468015e+01 2.632819e+01 3.500000e+00
    endloop
  endfacet
  facet normal -6.694224e-01 2.281968e-01 7.069652e-01
    outer loop
      vertex   2.468015e+01 2.632819e+01 3.500000e+00
      vertex   2.377314e+01 2.676547e+01 2.500000e+00
      vertex   2.372411e+01 2.662166e+01 2.500000e+00
    endloop
  endfacet
  facet normal -6.780213e-01 2.006917e-01 7.071139e-01
    outer loop
      vertex   2.468015e+01 2.632819e+01 3.500000e+00
      vertex   2.372411e+01 2.662166e+01 2.500000e+00
      vertex   2.464340e+01 2.620402e+01 3.500000e+00
    endloop
  endfacet
  facet normal -6.780990e-01 2.004835e-01 7.070984e-01
    outer loop
      vertex   2.464340e+01 2.620402e+01 3.500000e+00
      vertex   2.372411e+01 2.662166e+01 2.500000e+00
      vertex   2.368104e+01 2.647596e+01 2.500000e+00
    endloop
  endfacet
  facet normal -6.858773e-01 1.725051e-01 7.069755e-01
    outer loop
      vertex   2.464340e+01 2.620402e+01 3.500000e+00
      vertex   2.368104e+01 2.647596e+01 2.500000e+00
      vertex   2.364398e+01 2.632862e+01 2.500000e+00
    endloop
  endfacet
  facet normal -6.867276e-01 1.679200e-01 7.072539e-01
    outer loop
      vertex   2.464340e+01 2.620402e+01 3.500000e+00
      vertex   2.364398e+01 2.632862e+01 2.500000e+00
      vertex   2.461265e+01 2.607824e+01 3.500000e+00
    endloop
  endfacet
  facet normal -6.924712e-01 1.442196e-01 7.068836e-01
    outer loop
      vertex   2.461265e+01 2.607824e+01 3.500000e+00
      vertex   2.364398e+01 2.632862e+01 2.500000e+00
      vertex   2.361300e+01 2.617987e+01 2.500000e+00
    endloop
  endfacet
  facet normal -6.938957e-01 1.347837e-01 7.073486e-01
    outer loop
      vertex   2.461265e+01 2.607824e+01 3.500000e+00
      vertex   2.361300e+01 2.617987e+01 2.500000e+00
      vertex   2.458795e+01 2.595113e+01 3.500000e+00
    endloop
  endfacet
  facet normal -6.978541e-01 1.156762e-01 7.068371e-01
    outer loop
      vertex   2.458795e+01 2.595113e+01 3.500000e+00
      vertex   2.361300e+01 2.617987e+01 2.500000e+00
      vertex   2.358815e+01 2.602998e+01 2.500000e+00
    endloop
  endfacet
  facet normal -6.995278e-01 1.013553e-01 7.073811e-01
    outer loop
      vertex   2.458795e+01 2.595113e+01 3.500000e+00
      vertex   2.358815e+01 2.602998e+01 2.500000e+00
      vertex   2.456939e+01 2.582298e+01 3.500000e+00
    endloop
  endfacet
  facet normal -7.020159e-01 8.692840e-02 7.068360e-01
    outer loop
      vertex   2.456939e+01 2.582298e+01 3.500000e+00
      vertex   2.358815e+01 2.602998e+01 2.500000e+00
      vertex   2.356948e+01 2.587920e+01 2.500000e+00
    endloop
  endfacet
  facet normal -7.036123e-01 6.770285e-02 7.073514e-01
    outer loop
      vertex   2.456939e+01 2.582298e+01 3.500000e+00
      vertex   2.356948e+01 2.587920e+01 2.500000e+00
      vertex   2.455698e+01 2.569408e+01 3.500000e+00
    endloop
  endfacet
  facet normal -7.049486e-01 5.803019e-02 7.068805e-01
    outer loop
      vertex   2.455698e+01 2.569408e+01 3.500000e+00
      vertex   2.356948e+01 2.587920e+01 2.500000e+00
      vertex   2.355702e+01 2.572778e+01 2.500000e+00
    endloop
  endfacet
  facet normal -7.061409e-01 3.389481e-02 7.072596e-01
    outer loop
      vertex   2.455698e+01 2.569408e+01 3.500000e+00
      vertex   2.355702e+01 2.572778e+01 2.500000e+00
      vertex   2.455078e+01 2.556474e+01 3.500000e+00
    endloop
  endfacet
  facet normal -7.066469e-01 2.903589e-02 7.069703e-01
    outer loop
      vertex   2.455078e+01 2.556474e+01 3.500000e+00
      vertex   2.355702e+01 2.572778e+01 2.500000e+00
      vertex   2.355078e+01 2.557597e+01 2.500000e+00
    endloop
  endfacet
  facet normal -7.071081e-01 0.000000e+00 7.071055e-01
    outer loop
      vertex   2.455078e+01 2.556474e+01 3.500000e+00
      vertex   2.355078e+01 2.557597e+01 2.500000e+00
      vertex   2.355078e+01 2.542403e+01 2.500000e+00
    endloop
  endfacet
  facet normal -7.071081e-01 0.000000e+00 7.071055e-01
    outer loop
      vertex   2.455078e+01 2.556474e+01 3.500000e+00
      vertex   2.355078e+01 2.542403e+01 2.500000e+00
      vertex   2.455078e+01 2.543526e+01 3.500000e+00
    endloop
  endfacet
  facet normal -7.066469e-01 -2.903589e-02 7.069703e-01
    outer loop
      vertex   2.455078e+01 2.543526e+01 3.500000e+00
      vertex   2.355078e+01 2.542403e+01 2.500000e+00
      vertex   2.355702e+01 2.527222e+01 2.500000e+00
    endloop
  endfacet
  facet normal -7.061409e-01 -3.389481e-02 7.072596e-01
    outer loop
      vertex   2.455078e+01 2.543526e+01 3.500000e+00
      vertex   2.355702e+01 2.527222e+01 2.500000e+00
      vertex   2.455698e+01 2.530592e+01 3.500000e+00
    endloop
  endfacet
  facet normal -7.049486e-01 -5.803019e-02 7.068805e-01
    outer loop
      vertex   2.455698e+01 2.530592e+01 3.500000e+00
      vertex   2.355702e+01 2.527222e+01 2.500000e+00
      vertex   2.356948e+01 2.512080e+01 2.500000e+00
    endloop
  endfacet
  facet normal -7.036123e-01 -6.770285e-02 7.073514e-01
    outer loop
      vertex   2.455698e+01 2.530592e+01 3.500000e+00
      vertex   2.356948e+01 2.512080e+01 2.500000e+00
      vertex   2.456939e+01 2.517702e+01 3.500000e+00
    endloop
  endfacet
  facet normal -7.020159e-01 -8.692840e-02 7.068360e-01
    outer loop
      vertex   2.456939e+01 2.517702e+01 3.500000e+00
      vertex   2.356948e+01 2.512080e+01 2.500000e+00
      vertex   2.358815e+01 2.497002e+01 2.500000e+00
    endloop
  endfacet
  facet normal -6.995278e-01 -1.013553e-01 7.073811e-01
    outer loop
      vertex   2.456939e+01 2.517702e+01 3.500000e+00
      vertex   2.358815e+01 2.497002e+01 2.500000e+00
      vertex   2.458795e+01 2.504887e+01 3.500000e+00
    endloop
  endfacet
  facet normal -6.978541e-01 -1.156762e-01 7.068371e-01
    outer loop
      vertex   2.458795e+01 2.504887e+01 3.500000e+00
      vertex   2.358815e+01 2.497002e+01 2.500000e+00
      vertex   2.361300e+01 2.482013e+01 2.500000e+00
    endloop
  endfacet
  facet normal -6.938957e-01 -1.347837e-01 7.073486e-01
    outer loop
      vertex   2.458795e+01 2.504887e+01 3.500000e+00
      vertex   2.361300e+01 2.482013e+01 2.500000e+00
      vertex   2.461265e+01 2.492176e+01 3.500000e+00
    endloop
  endfacet
  facet normal -6.924712e-01 -1.442196e-01 7.068836e-01
    outer loop
      vertex   2.461265e+01 2.492176e+01 3.500000e+00
      vertex   2.361300e+01 2.482013e+01 2.500000e+00
      vertex   2.364398e+01 2.467138e+01 2.500000e+00
    endloop
  endfacet
  facet normal -6.867276e-01 -1.679200e-01 7.072539e-01
    outer loop
      vertex   2.461265e+01 2.492176e+01 3.500000e+00
      vertex   2.364398e+01 2.467138e+01 2.500000e+00
      vertex   2.464340e+01 2.479598e+01 3.500000e+00
    endloop
  endfacet
  facet normal -6.858773e-01 -1.725051e-01 7.069755e-01
    outer loop
      vertex   2.464340e+01 2.479598e+01 3.500000e+00
      vertex   2.364398e+01 2.467138e+01 2.500000e+00
      vertex   2.368104e+01 2.452404e+01 2.500000e+00
    endloop
  endfacet
  facet normal -6.780990e-01 -2.004835e-01 7.070984e-01
    outer loop
      vertex   2.464340e+01 2.479598e+01 3.500000e+00
      vertex   2.368104e+01 2.452404e+01 2.500000e+00
      vertex   2.372411e+01 2.437834e+01 2.500000e+00
    endloop
  endfacet
  facet normal -6.780213e-01 -2.006917e-01 7.071139e-01
    outer loop
      vertex   2.464340e+01 2.479598e+01 3.500000e+00
      vertex   2.372411e+01 2.437834e+01 2.500000e+00
      vertex   2.468015e+01 2.467181e+01 3.500000e+00
    endloop
  endfacet
  facet normal -6.694224e-01 -2.281968e-01 7.069652e-01
    outer loop
      vertex   2.468015e+01 2.467181e+01 3.500000e+00
      vertex   2.372411e+01 2.437834e+01 2.500000e+00
      vertex   2.377314e+01 2.423453e+01 2.500000e+00
    endloop
  endfacet
  facet normal -6.674766e-01 -2.329187e-01 7.072651e-01
    outer loop
      vertex   2.468015e+01 2.467181e+01 3.500000e+00
      vertex   2.377314e+01 2.423453e+01 2.500000e+00
      vertex   2.472282e+01 2.454956e+01 3.500000e+00
    endloop
  endfacet
  facet normal -6.595712e-01 -2.555192e-01 7.068775e-01
    outer loop
      vertex   2.472282e+01 2.454956e+01 3.500000e+00
      vertex   2.377314e+01 2.423453e+01 2.500000e+00
      vertex   2.382802e+01 2.409285e+01 2.500000e+00
    endloop
  endfacet
  facet normal -6.554591e-01 -2.646195e-01 7.073541e-01
    outer loop
      vertex   2.472282e+01 2.454956e+01 3.500000e+00
      vertex   2.382802e+01 2.409285e+01 2.500000e+00
      vertex   2.477129e+01 2.442948e+01 3.500000e+00
    endloop
  endfacet
  facet normal -6.485636e-01 -2.823994e-01 7.068351e-01
    outer loop
      vertex   2.477129e+01 2.442948e+01 3.500000e+00
      vertex   2.382802e+01 2.409285e+01 2.500000e+00
      vertex   2.388868e+01 2.395355e+01 2.500000e+00
    endloop
  endfacet
  facet normal -6.419938e-01 -2.957299e-01 7.073810e-01
    outer loop
      vertex   2.477129e+01 2.442948e+01 3.500000e+00
      vertex   2.388868e+01 2.395355e+01 2.500000e+00
      vertex   2.482547e+01 2.431187e+01 3.500000e+00
    endloop
  endfacet
  facet normal -6.364201e-01 -3.087868e-01 7.068382e-01
    outer loop
      vertex   2.482547e+01 2.431187e+01 3.500000e+00
      vertex   2.388868e+01 2.395355e+01 2.500000e+00
      vertex   2.395500e+01 2.381685e+01 2.500000e+00
    endloop
  endfacet
  facet normal -6.271081e-01 -3.261864e-01 7.073457e-01
    outer loop
      vertex   2.482547e+01 2.431187e+01 3.500000e+00
      vertex   2.395500e+01 2.381685e+01 2.500000e+00
      vertex   2.488522e+01 2.419700e+01 3.500000e+00
    endloop
  endfacet
  facet normal -6.231635e-01 -3.346317e-01 7.068867e-01
    outer loop
      vertex   2.488522e+01 2.419700e+01 3.500000e+00
      vertex   2.395500e+01 2.381685e+01 2.500000e+00
      vertex   2.402688e+01 2.368299e+01 2.500000e+00
    endloop
  endfacet
  facet normal -6.108322e-01 -3.559270e-01 7.072482e-01
    outer loop
      vertex   2.488522e+01 2.419700e+01 3.500000e+00
      vertex   2.402688e+01 2.368299e+01 2.500000e+00
      vertex   2.495041e+01 2.408512e+01 3.500000e+00
    endloop
  endfacet
  facet normal -6.088189e-01 -3.598858e-01 7.069807e-01
    outer loop
      vertex   2.495041e+01 2.408512e+01 3.500000e+00
      vertex   2.402688e+01 2.368299e+01 2.500000e+00
      vertex   2.410420e+01 2.355220e+01 2.500000e+00
    endloop
  endfacet
  facet normal -5.934377e-01 -3.845173e-01 7.070913e-01
    outer loop
      vertex   2.495041e+01 2.408512e+01 3.500000e+00
      vertex   2.410420e+01 2.355220e+01 2.500000e+00
      vertex   2.418682e+01 2.342469e+01 2.500000e+00
    endloop
  endfacet
  facet normal -5.931707e-01 -3.848726e-01 7.071221e-01
    outer loop
      vertex   2.495041e+01 2.408512e+01 3.500000e+00
      vertex   2.418682e+01 2.342469e+01 2.500000e+00
      vertex   2.502089e+01 2.397649e+01 3.500000e+00
    endloop
  endfacet
  facet normal -5.772579e-01 -4.086324e-01 7.069603e-01
    outer loop
      vertex   2.502089e+01 2.397649e+01 3.500000e+00
      vertex   2.418682e+01 2.342469e+01 2.500000e+00
      vertex   2.427460e+01 2.330068e+01 2.500000e+00
    endloop
  endfacet
  facet normal -5.739153e-01 -4.127828e-01 7.072705e-01
    outer loop
      vertex   2.502089e+01 2.397649e+01 3.500000e+00
      vertex   2.427460e+01 2.330068e+01 2.500000e+00
      vertex   2.509650e+01 2.387137e+01 3.500000e+00
    endloop
  endfacet
  facet normal -5.600627e-01 -4.320396e-01 7.068745e-01
    outer loop
      vertex   2.509650e+01 2.387137e+01 3.500000e+00
      vertex   2.427460e+01 2.330068e+01 2.500000e+00
      vertex   2.436740e+01 2.318038e+01 2.500000e+00
    endloop
  endfacet
  facet normal -5.533970e-01 -4.397707e-01 7.073567e-01
    outer loop
      vertex   2.509650e+01 2.387137e+01 3.500000e+00
      vertex   2.436740e+01 2.318038e+01 2.500000e+00
      vertex   2.517706e+01 2.376999e+01 3.500000e+00
    endloop
  endfacet
  facet normal -5.418839e-01 -4.546946e-01 7.068343e-01
    outer loop
      vertex   2.517706e+01 2.376999e+01 3.500000e+00
      vertex   2.436740e+01 2.318038e+01 2.500000e+00
      vertex   2.446506e+01 2.306399e+01 2.500000e+00
    endloop
  endfacet
  facet normal -5.316578e-01 -4.657816e-01 7.073807e-01
    outer loop
      vertex   2.517706e+01 2.376999e+01 3.500000e+00
      vertex   2.446506e+01 2.306399e+01 2.500000e+00
      vertex   2.526239e+01 2.367259e+01 3.500000e+00
    endloop
  endfacet
  facet normal -5.227557e-01 -4.765548e-01 7.068394e-01
    outer loop
      vertex   2.526239e+01 2.367259e+01 3.500000e+00
      vertex   2.446506e+01 2.306399e+01 2.500000e+00
      vertex   2.456742e+01 2.295171e+01 2.500000e+00
    endloop
  endfacet
  facet normal -5.087420e-01 -4.907627e-01 7.073426e-01
    outer loop
      vertex   2.526239e+01 2.367259e+01 3.500000e+00
      vertex   2.456742e+01 2.295171e+01 2.500000e+00
      vertex   2.535229e+01 2.357940e+01 3.500000e+00
    endloop
  endfacet
  facet normal -5.027141e-01 -4.975792e-01 7.068900e-01
    outer loop
      vertex   2.535229e+01 2.357940e+01 3.500000e+00
      vertex   2.456742e+01 2.295171e+01 2.500000e+00
      vertex   2.467430e+01 2.284373e+01 2.500000e+00
    endloop
  endfacet
  facet normal -4.846962e-01 -5.146630e-01 7.072422e-01
    outer loop
      vertex   2.535229e+01 2.357940e+01 3.500000e+00
      vertex   2.467430e+01 2.284373e+01 2.500000e+00
      vertex   2.544656e+01 2.349062e+01 3.500000e+00
    endloop
  endfacet
  facet normal -4.817967e-01 -5.177283e-01 7.069861e-01
    outer loop
      vertex   2.544656e+01 2.349062e+01 3.500000e+00
      vertex   2.467430e+01 2.284373e+01 2.500000e+00
      vertex   2.478553e+01 2.274022e+01 2.500000e+00
    endloop
  endfacet
  facet normal -4.600712e-01 -5.369974e-01 7.070844e-01
    outer loop
      vertex   2.544656e+01 2.349062e+01 3.500000e+00
      vertex   2.478553e+01 2.274022e+01 2.500000e+00
      vertex   2.490091e+01 2.264137e+01 2.500000e+00
    endloop
  endfacet
  facet normal -4.595362e-01 -5.373950e-01 7.071302e-01
    outer loop
      vertex   2.544656e+01 2.349062e+01 3.500000e+00
      vertex   2.490091e+01 2.264137e+01 2.500000e+00
      vertex   2.554497e+01 2.340647e+01 3.500000e+00
    endloop
  endfacet
  facet normal -4.377167e-01 -5.555342e-01 7.069554e-01
    outer loop
      vertex   2.554497e+01 2.340647e+01 3.500000e+00
      vertex   2.490091e+01 2.264137e+01 2.500000e+00
      vertex   2.502025e+01 2.254734e+01 2.500000e+00
    endloop
  endfacet
  facet normal -4.331532e-01 -5.586943e-01 7.072758e-01
    outer loop
      vertex   2.554497e+01 2.340647e+01 3.500000e+00
      vertex   2.502025e+01 2.254734e+01 2.500000e+00
      vertex   2.564731e+01 2.332713e+01 3.500000e+00
    endloop
  endfacet
  facet normal -4.145892e-01 -5.731040e-01 7.068717e-01
    outer loop
      vertex   2.564731e+01 2.332713e+01 3.500000e+00
      vertex   2.502025e+01 2.254734e+01 2.500000e+00
      vertex   2.514335e+01 2.245828e+01 2.500000e+00
    endloop
  endfacet
  facet normal -4.058206e-01 -5.787510e-01 7.073591e-01
    outer loop
      vertex   2.564731e+01 2.332713e+01 3.500000e+00
      vertex   2.514335e+01 2.245828e+01 2.500000e+00
      vertex   2.575333e+01 2.325279e+01 3.500000e+00
    endloop
  endfacet
  facet normal -3.907319e-01 -5.896736e-01 7.068335e-01
    outer loop
      vertex   2.575333e+01 2.325279e+01 3.500000e+00
      vertex   2.514335e+01 2.245828e+01 2.500000e+00
      vertex   2.527001e+01 2.237436e+01 2.500000e+00
    endloop
  endfacet
  facet normal -3.775945e-01 -5.975245e-01 7.073803e-01
    outer loop
      vertex   2.575333e+01 2.325279e+01 3.500000e+00
      vertex   2.527001e+01 2.237436e+01 2.500000e+00
      vertex   2.586279e+01 2.318361e+01 3.500000e+00
    endloop
  endfacet
  facet normal -3.661897e-01 -6.052118e-01 7.068407e-01
    outer loop
      vertex   2.586279e+01 2.318361e+01 3.500000e+00
      vertex   2.527001e+01 2.237436e+01 2.500000e+00
      vertex   2.540000e+01 2.229571e+01 2.500000e+00
    endloop
  endfacet
  facet normal -3.485322e-01 -6.149767e-01 7.073394e-01
    outer loop
      vertex   2.586279e+01 2.318361e+01 3.500000e+00
      vertex   2.540000e+01 2.229571e+01 2.500000e+00
      vertex   2.597544e+01 2.311977e+01 3.500000e+00
    endloop
  endfacet
  facet normal -3.410086e-01 -6.196893e-01 7.068934e-01
    outer loop
      vertex   2.597544e+01 2.311977e+01 3.500000e+00
      vertex   2.540000e+01 2.229571e+01 2.500000e+00
      vertex   2.553311e+01 2.222246e+01 2.500000e+00
    endloop
  endfacet
  facet normal -3.186929e-01 -6.310719e-01 7.072362e-01
    outer loop
      vertex   2.597544e+01 2.311977e+01 3.500000e+00
      vertex   2.553311e+01 2.222246e+01 2.500000e+00
      vertex   2.609103e+01 2.306140e+01 3.500000e+00
    endloop
  endfacet
  facet normal -3.152360e-01 -6.330792e-01 7.069915e-01
    outer loop
      vertex   2.609103e+01 2.306140e+01 3.500000e+00
      vertex   2.553311e+01 2.222246e+01 2.500000e+00
      vertex   2.566912e+01 2.215473e+01 2.500000e+00
    endloop
  endfacet
  facet normal -2.889440e-01 -6.454089e-01 7.070776e-01
    outer loop
      vertex   2.609103e+01 2.306140e+01 3.500000e+00
      vertex   2.566912e+01 2.215473e+01 2.500000e+00
      vertex   2.580779e+01 2.209265e+01 2.500000e+00
    endloop
  endfacet
  facet normal -2.881097e-01 -6.457154e-01 7.071382e-01
    outer loop
      vertex   2.609103e+01 2.306140e+01 3.500000e+00
      vertex   2.580779e+01 2.209265e+01 2.500000e+00
      vertex   2.620928e+01 2.300863e+01 3.500000e+00
    endloop
  endfacet
  facet normal -2.622501e-01 -6.568453e-01 7.069506e-01
    outer loop
      vertex   2.620928e+01 2.300863e+01 3.500000e+00
      vertex   2.580779e+01 2.209265e+01 2.500000e+00
      vertex   2.594890e+01 2.203631e+01 2.500000e+00
    endloop
  endfacet
  facet normal -2.567678e-01 -6.586532e-01 7.072809e-01
    outer loop
      vertex   2.620928e+01 2.300863e+01 3.500000e+00
      vertex   2.594890e+01 2.203631e+01 2.500000e+00
      vertex   2.632993e+01 2.296160e+01 3.500000e+00
    endloop
  endfacet
  facet normal -2.350893e-01 -6.671351e-01 7.068690e-01
    outer loop
      vertex   2.632993e+01 2.296160e+01 3.500000e+00
      vertex   2.594890e+01 2.203631e+01 2.500000e+00
      vertex   2.609220e+01 2.198582e+01 2.500000e+00
    endloop
  endfacet
  facet normal -2.248679e-01 -6.701300e-01 7.073614e-01
    outer loop
      vertex   2.632993e+01 2.296160e+01 3.500000e+00
      vertex   2.609220e+01 2.198582e+01 2.500000e+00
      vertex   2.645269e+01 2.292041e+01 3.500000e+00
    endloop
  endfacet
  facet normal -2.075125e-01 -6.762588e-01 7.068328e-01
    outer loop
      vertex   2.645269e+01 2.292041e+01 3.500000e+00
      vertex   2.609220e+01 2.198582e+01 2.500000e+00
      vertex   2.623745e+01 2.194125e+01 2.500000e+00
    endloop
  endfacet
  facet normal -1.924750e-01 -6.801229e-01 7.073798e-01
    outer loop
      vertex   2.645269e+01 2.292041e+01 3.500000e+00
      vertex   2.623745e+01 2.194125e+01 2.500000e+00
      vertex   2.657728e+01 2.288515e+01 3.500000e+00
    endloop
  endfacet
  facet normal -1.795713e-01 -6.841990e-01 7.068421e-01
    outer loop
      vertex   2.657728e+01 2.288515e+01 3.500000e+00
      vertex   2.623745e+01 2.194125e+01 2.500000e+00
      vertex   2.638441e+01 2.190268e+01 2.500000e+00
    endloop
  endfacet
  facet normal -1.596551e-01 -6.886116e-01 7.073360e-01
    outer loop
      vertex   2.657728e+01 2.288515e+01 3.500000e+00
      vertex   2.638441e+01 2.190268e+01 2.500000e+00
      vertex   2.670343e+01 2.285590e+01 3.500000e+00
    endloop
  endfacet
  facet normal -1.513184e-01 -6.909410e-01 7.068969e-01
    outer loop
      vertex   2.670343e+01 2.285590e+01 3.500000e+00
      vertex   2.638441e+01 2.190268e+01 2.500000e+00
      vertex   2.653282e+01 2.187017e+01 2.500000e+00
    endloop
  endfacet
  facet normal -1.264751e-01 -6.955787e-01 7.072300e-01
    outer loop
      vertex   2.670343e+01 2.285590e+01 3.500000e+00
      vertex   2.653282e+01 2.187017e+01 2.500000e+00
      vertex   2.683082e+01 2.283274e+01 3.500000e+00
    endloop
  endfacet
  facet normal -1.228069e-01 -6.964723e-01 7.069970e-01
    outer loop
      vertex   2.683082e+01 2.283274e+01 3.500000e+00
      vertex   2.653282e+01 2.187017e+01 2.500000e+00
      vertex   2.668245e+01 2.184379e+01 2.500000e+00
    endloop
  endfacet
  facet normal -9.409981e-02 -7.008538e-01 7.070708e-01
    outer loop
      vertex   2.683082e+01 2.283274e+01 3.500000e+00
      vertex   2.668245e+01 2.184379e+01 2.500000e+00
      vertex   2.683304e+01 2.182357e+01 2.500000e+00
    endloop
  endfacet
  facet normal -9.299127e-02 -7.009259e-01 7.071460e-01
    outer loop
      vertex   2.683082e+01 2.283274e+01 3.500000e+00
      vertex   2.683304e+01 2.182357e+01 2.500000e+00
      vertex   2.695919e+01 2.281571e+01 3.500000e+00
    endloop
  endfacet
  facet normal -6.525842e-02 -7.042506e-01 7.069459e-01
    outer loop
      vertex   2.695919e+01 2.281571e+01 3.500000e+00
      vertex   2.683304e+01 2.182357e+01 2.500000e+00
      vertex   2.698432e+01 2.180955e+01 2.500000e+00
    endloop
  endfacet
  facet normal -5.926680e-02 -7.044388e-01 7.072859e-01
    outer loop
      vertex   2.695919e+01 2.281571e+01 3.500000e+00
      vertex   2.698432e+01 2.180955e+01 2.500000e+00
      vertex   2.708822e+01 2.280485e+01 3.500000e+00
    endloop
  endfacet
  facet normal -3.629446e-02 -7.064153e-01 7.068664e-01
    outer loop
      vertex   2.708822e+01 2.280485e+01 3.500000e+00
      vertex   2.698432e+01 2.180955e+01 2.500000e+00
      vertex   2.713606e+01 2.180175e+01 2.500000e+00
    endloop
  endfacet
  facet normal -2.542163e-02 -7.063926e-01 7.073636e-01
    outer loop
      vertex   2.708822e+01 2.280485e+01 3.500000e+00
      vertex   2.713606e+01 2.180175e+01 2.500000e+00
      vertex   2.721763e+01 2.280019e+01 3.500000e+00
    endloop
  endfacet
  facet normal -7.262302e-03 -7.073439e-01 7.068323e-01
    outer loop
      vertex   2.721763e+01 2.280019e+01 3.500000e+00
      vertex   2.713606e+01 2.180175e+01 2.500000e+00
      vertex   2.728799e+01 2.180019e+01 2.500000e+00
    endloop
  endfacet
  facet normal 8.475314e-03 -7.067835e-01 7.073792e-01
    outer loop
      vertex   2.721763e+01 2.280019e+01 3.500000e+00
      vertex   2.728799e+01 2.180019e+01 2.500000e+00
      vertex   2.734710e+01 2.280175e+01 3.500000e+00
    endloop
  endfacet
  facet normal 2.178349e-02 -7.070343e-01 7.068436e-01
    outer loop
      vertex   2.734710e+01 2.280175e+01 3.500000e+00
      vertex   2.728799e+01 2.180019e+01 2.500000e+00
      vertex   2.743985e+01 2.180487e+01 2.500000e+00
    endloop
  endfacet
  facet normal 4.235500e-02 -7.056109e-01 7.073326e-01
    outer loop
      vertex   2.734710e+01 2.280175e+01 3.500000e+00
      vertex   2.743985e+01 2.180487e+01 2.500000e+00
      vertex   2.747636e+01 2.280951e+01 3.500000e+00
    endloop
  endfacet
  facet normal 5.078837e-02 -7.054873e-01 7.069005e-01
    outer loop
      vertex   2.747636e+01 2.280951e+01 3.500000e+00
      vertex   2.743985e+01 2.180487e+01 2.500000e+00
      vertex   2.759139e+01 2.181578e+01 2.500000e+00
    endloop
  endfacet
  facet normal 7.614843e-02 -7.028769e-01 7.072237e-01
    outer loop
      vertex   2.747636e+01 2.280951e+01 3.500000e+00
      vertex   2.759139e+01 2.181578e+01 2.500000e+00
      vertex   2.760510e+01 2.282345e+01 3.500000e+00
    endloop
  endfacet
  facet normal 7.969783e-02 -7.027058e-01 7.070027e-01
    outer loop
      vertex   2.760510e+01 2.282345e+01 3.500000e+00
      vertex   2.759139e+01 2.181578e+01 2.500000e+00
      vertex   2.774236e+01 2.183291e+01 2.500000e+00
    endloop
  endfacet
  facet normal 1.084708e-01 -6.987806e-01 7.070641e-01
    outer loop
      vertex   2.760510e+01 2.282345e+01 3.500000e+00
      vertex   2.774236e+01 2.183291e+01 2.500000e+00
      vertex   2.789250e+01 2.185621e+01 2.500000e+00
    endloop
  endfacet
  facet normal 1.097711e-01 -6.984869e-01 7.071537e-01
    outer loop
      vertex   2.760510e+01 2.282345e+01 3.500000e+00
      vertex   2.789250e+01 2.185621e+01 2.500000e+00
      vertex   2.773301e+01 2.284356e+01 3.500000e+00
    endloop
  endfacet
  facet normal 1.370916e-01 -6.938587e-01 7.069413e-01
    outer loop
      vertex   2.773301e+01 2.284356e+01 3.500000e+00
      vertex   2.789250e+01 2.185621e+01 2.500000e+00
      vertex   2.804155e+01 2.188566e+01 2.500000e+00
    endloop
  endfacet
  facet normal 1.431059e-01 -6.922864e-01 7.072908e-01
    outer loop
      vertex   2.773301e+01 2.284356e+01 3.500000e+00
      vertex   2.804155e+01 2.188566e+01 2.500000e+00
      vertex   2.785982e+01 2.286977e+01 3.500000e+00
    endloop
  endfacet
  facet normal 1.654805e-01 -6.877207e-01 7.068638e-01
    outer loop
      vertex   2.785982e+01 2.286977e+01 3.500000e+00
      vertex   2.804155e+01 2.188566e+01 2.500000e+00
      vertex   2.818927e+01 2.192121e+01 2.500000e+00
    endloop
  endfacet
  facet normal 1.761143e-01 -6.845565e-01 7.073657e-01
    outer loop
      vertex   2.785982e+01 2.286977e+01 3.500000e+00
      vertex   2.818927e+01 2.192121e+01 2.500000e+00
      vertex   2.798523e+01 2.290203e+01 3.500000e+00
    endloop
  endfacet
  facet normal 1.935842e-01 -6.803778e-01 7.068318e-01
    outer loop
      vertex   2.798523e+01 2.290203e+01 3.500000e+00
      vertex   2.818927e+01 2.192121e+01 2.500000e+00
      vertex   2.833541e+01 2.196278e+01 2.500000e+00
    endloop
  endfacet
  facet normal 2.087289e-01 -6.753133e-01 7.073784e-01
    outer loop
      vertex   2.798523e+01 2.290203e+01 3.500000e+00
      vertex   2.833541e+01 2.196278e+01 2.500000e+00
      vertex   2.810894e+01 2.294027e+01 3.500000e+00
    endloop
  endfacet
  facet normal 2.213497e-01 -6.718438e-01 7.068452e-01
    outer loop
      vertex   2.810894e+01 2.294027e+01 3.500000e+00
      vertex   2.833541e+01 2.196278e+01 2.500000e+00
      vertex   2.847971e+01 2.201033e+01 2.500000e+00
    endloop
  endfacet
  facet normal 2.408835e-01 -6.645757e-01 7.073290e-01
    outer loop
      vertex   2.810894e+01 2.294027e+01 3.500000e+00
      vertex   2.847971e+01 2.201033e+01 2.500000e+00
      vertex   2.823068e+01 2.298439e+01 3.500000e+00
    endloop
  endfacet
  facet normal 2.487249e-01 -6.621348e-01 7.069041e-01
    outer loop
      vertex   2.823068e+01 2.298439e+01 3.500000e+00
      vertex   2.847971e+01 2.201033e+01 2.500000e+00
      vertex   2.862194e+01 2.206376e+01 2.500000e+00
    endloop
  endfacet
  facet normal 2.725126e-01 -6.523654e-01 7.072173e-01
    outer loop
      vertex   2.823068e+01 2.298439e+01 3.500000e+00
      vertex   2.862194e+01 2.206376e+01 2.500000e+00
      vertex   2.835016e+01 2.303431e+01 3.500000e+00
    endloop
  endfacet
  facet normal 2.756586e-01 -6.512691e-01 7.070084e-01
    outer loop
      vertex   2.835016e+01 2.303431e+01 3.500000e+00
      vertex   2.862194e+01 2.206376e+01 2.500000e+00
      vertex   2.876186e+01 2.212298e+01 2.500000e+00
    endloop
  endfacet
  facet normal 3.021430e-01 -6.393584e-01 7.070576e-01
    outer loop
      vertex   2.835016e+01 2.303431e+01 3.500000e+00
      vertex   2.876186e+01 2.212298e+01 2.500000e+00
      vertex   2.889923e+01 2.218790e+01 2.500000e+00
    endloop
  endfacet
  facet normal 3.035008e-01 -6.386002e-01 7.071613e-01
    outer loop
      vertex   2.835016e+01 2.303431e+01 3.500000e+00
      vertex   2.889923e+01 2.218790e+01 2.500000e+00
      vertex   2.846711e+01 2.308989e+01 3.500000e+00
    endloop
  endfacet
  facet normal 3.281932e-01 -6.265218e-01 7.069368e-01
    outer loop
      vertex   2.846711e+01 2.308989e+01 3.500000e+00
      vertex   2.889923e+01 2.218790e+01 2.500000e+00
      vertex   2.903382e+01 2.225840e+01 2.500000e+00
    endloop
  endfacet
  facet normal 3.337059e-01 -6.231961e-01 7.072956e-01
    outer loop
      vertex   2.846711e+01 2.308989e+01 3.500000e+00
      vertex   2.903382e+01 2.225840e+01 2.500000e+00
      vertex   2.858127e+01 2.315101e+01 3.500000e+00
    endloop
  endfacet
  facet normal 3.536760e-01 -6.125849e-01 7.068614e-01
    outer loop
      vertex   2.858127e+01 2.315101e+01 3.500000e+00
      vertex   2.903382e+01 2.225840e+01 2.500000e+00
      vertex   2.916540e+01 2.233437e+01 2.500000e+00
    endloop
  endfacet
  facet normal 3.631642e-01 -6.064180e-01 7.073676e-01
    outer loop
      vertex   2.858127e+01 2.315101e+01 3.500000e+00
      vertex   2.916540e+01 2.233437e+01 2.500000e+00
      vertex   2.869236e+01 2.321754e+01 3.500000e+00
    endloop
  endfacet
  facet normal 3.785436e-01 -5.975735e-01 7.068314e-01
    outer loop
      vertex   2.869236e+01 2.321754e+01 3.500000e+00
      vertex   2.916540e+01 2.233437e+01 2.500000e+00
      vertex   2.929375e+01 2.241567e+01 2.500000e+00
    endloop
  endfacet
  facet normal 3.918157e-01 -5.883006e-01 7.073775e-01
    outer loop
      vertex   2.869236e+01 2.321754e+01 3.500000e+00
      vertex   2.929375e+01 2.241567e+01 2.500000e+00
      vertex   2.880013e+01 2.328932e+01 3.500000e+00
    endloop
  endfacet
  facet normal 4.027490e-01 -5.815158e-01 7.068469e-01
    outer loop
      vertex   2.880013e+01 2.328932e+01 3.500000e+00
      vertex   2.929375e+01 2.241567e+01 2.500000e+00
      vertex   2.941865e+01 2.250218e+01 2.500000e+00
    endloop
  endfacet
  facet normal 4.196021e-01 -5.688805e-01 7.073252e-01
    outer loop
      vertex   2.880013e+01 2.328932e+01 3.500000e+00
      vertex   2.941865e+01 2.250218e+01 2.500000e+00
      vertex   2.890434e+01 2.336618e+01 3.500000e+00
    endloop
  endfacet
  facet normal 4.262469e-01 -5.644421e-01 7.069079e-01
    outer loop
      vertex   2.890434e+01 2.336618e+01 3.500000e+00
      vertex   2.941865e+01 2.250218e+01 2.500000e+00
      vertex   2.953990e+01 2.259374e+01 2.500000e+00
    endloop
  endfacet
  facet normal 4.464668e-01 -5.481974e-01 7.072108e-01
    outer loop
      vertex   2.890434e+01 2.336618e+01 3.500000e+00
      vertex   2.953990e+01 2.259374e+01 2.500000e+00
      vertex   2.900474e+01 2.344796e+01 3.500000e+00
    endloop
  endfacet
  facet normal 4.489932e-01 -5.463845e-01 7.070142e-01
    outer loop
      vertex   2.900474e+01 2.344796e+01 3.500000e+00
      vertex   2.953990e+01 2.259374e+01 2.500000e+00
      vertex   2.965729e+01 2.269020e+01 2.500000e+00
    endloop
  endfacet
  facet normal 4.710219e-01 -5.274629e-01 7.070511e-01
    outer loop
      vertex   2.900474e+01 2.344796e+01 3.500000e+00
      vertex   2.965729e+01 2.269020e+01 2.500000e+00
      vertex   2.977061e+01 2.279140e+01 2.500000e+00
    endloop
  endfacet
  facet normal 4.722647e-01 -5.261924e-01 7.071687e-01
    outer loop
      vertex   2.900474e+01 2.344796e+01 3.500000e+00
      vertex   2.977061e+01 2.279140e+01 2.500000e+00
      vertex   2.910111e+01 2.353445e+01 3.500000e+00
    endloop
  endfacet
  facet normal 4.923624e-01 -5.077656e-01 7.069324e-01
    outer loop
      vertex   2.910111e+01 2.353445e+01 3.500000e+00
      vertex   2.977061e+01 2.279140e+01 2.500000e+00
      vertex   2.987969e+01 2.289717e+01 2.500000e+00
    endloop
  endfacet
  facet normal 4.968574e-01 -5.028511e-01 7.073002e-01
    outer loop
      vertex   2.910111e+01 2.353445e+01 3.500000e+00
      vertex   2.987969e+01 2.289717e+01 2.500000e+00
      vertex   2.919322e+01 2.362546e+01 3.500000e+00
    endloop
  endfacet
  facet normal 5.128468e-01 -4.871740e-01 7.068590e-01
    outer loop
      vertex   2.919322e+01 2.362546e+01 3.500000e+00
      vertex   2.987969e+01 2.289717e+01 2.500000e+00
      vertex   2.998433e+01 2.300733e+01 2.500000e+00
    endloop
  endfacet
  facet normal 5.203441e-01 -4.784042e-01 7.073694e-01
    outer loop
      vertex   2.919322e+01 2.362546e+01 3.500000e+00
      vertex   2.998433e+01 2.300733e+01 2.500000e+00
      vertex   2.928086e+01 2.372078e+01 3.500000e+00
    endloop
  endfacet
  facet normal 5.324363e-01 -4.657267e-01 7.068312e-01
    outer loop
      vertex   2.928086e+01 2.372078e+01 3.500000e+00
      vertex   2.998433e+01 2.300733e+01 2.500000e+00
      vertex   3.008436e+01 2.312169e+01 2.500000e+00
    endloop
  endfacet
  facet normal 5.426773e-01 -4.529016e-01 7.073765e-01
    outer loop
      vertex   2.928086e+01 2.372078e+01 3.500000e+00
      vertex   3.008436e+01 2.312169e+01 2.500000e+00
      vertex   2.936383e+01 2.382020e+01 3.500000e+00
    endloop
  endfacet
  facet normal 5.510941e-01 -4.434638e-01 7.068487e-01
    outer loop
      vertex   2.936383e+01 2.382020e+01 3.500000e+00
      vertex   3.008436e+01 2.312169e+01 2.500000e+00
      vertex   3.017962e+01 2.324006e+01 2.500000e+00
    endloop
  endfacet
  facet normal 5.638115e-01 -4.263955e-01 7.073214e-01
    outer loop
      vertex   2.936383e+01 2.382020e+01 3.500000e+00
      vertex   3.017962e+01 2.324006e+01 2.500000e+00
      vertex   2.944193e+01 2.392347e+01 3.500000e+00
    endloop
  endfacet
  facet normal 5.687853e-01 -4.204273e-01 7.069117e-01
    outer loop
      vertex   2.944193e+01 2.392347e+01 3.500000e+00
      vertex   3.017962e+01 2.324006e+01 2.500000e+00
      vertex   3.026993e+01 2.336224e+01 2.500000e+00
    endloop
  endfacet
  facet normal 5.837034e-01 -3.989394e-01 7.072041e-01
    outer loop
      vertex   2.944193e+01 2.392347e+01 3.500000e+00
      vertex   3.026993e+01 2.336224e+01 2.500000e+00
      vertex   2.951500e+01 2.403038e+01 3.500000e+00
    endloop
  endfacet
  facet normal 5.854767e-01 -3.966606e-01 7.070201e-01
    outer loop
      vertex   2.951500e+01 2.403038e+01 3.500000e+00
      vertex   3.026993e+01 2.336224e+01 2.500000e+00
      vertex   3.035515e+01 2.348802e+01 2.500000e+00
    endloop
  endfacet
  facet normal 6.012471e-01 -3.722764e-01 7.070447e-01
    outer loop
      vertex   2.951500e+01 2.403038e+01 3.500000e+00
      vertex   3.035515e+01 2.348802e+01 2.500000e+00
      vertex   3.043513e+01 2.361720e+01 2.500000e+00
    endloop
  endfacet
  facet normal 6.021831e-01 -3.705098e-01 7.071761e-01
    outer loop
      vertex   2.951500e+01 2.403038e+01 3.500000e+00
      vertex   3.043513e+01 2.361720e+01 2.500000e+00
      vertex   2.958285e+01 2.414066e+01 3.500000e+00
    endloop
  endfacet
  facet normal 6.161256e-01 -3.473356e-01 7.069281e-01
    outer loop
      vertex   2.958285e+01 2.414066e+01 3.500000e+00
      vertex   3.043513e+01 2.361720e+01 2.500000e+00
      vertex   3.050975e+01 2.374955e+01 2.500000e+00
    endloop
  endfacet
  facet normal 6.191420e-01 -3.411500e-01 7.073047e-01
    outer loop
      vertex   2.958285e+01 2.414066e+01 3.500000e+00
      vertex   3.050975e+01 2.374955e+01 2.500000e+00
      vertex   2.964534e+01 2.425408e+01 3.500000e+00
    endloop
  endfacet
  facet normal 6.299294e-01 -3.217801e-01 7.068568e-01
    outer loop
      vertex   2.964534e+01 2.425408e+01 3.500000e+00
      vertex   3.050975e+01 2.374955e+01 2.500000e+00
      vertex   3.057886e+01 2.388486e+01 2.500000e+00
    endloop
  endfacet
  facet normal 6.347267e-01 -3.110438e-01 7.073711e-01
    outer loop
      vertex   2.964534e+01 2.425408e+01 3.500000e+00
      vertex   3.057886e+01 2.388486e+01 2.500000e+00
      vertex   2.970233e+01 2.437035e+01 3.500000e+00
    endloop
  endfacet
  facet normal 6.426324e-01 -2.956578e-01 7.068310e-01
    outer loop
      vertex   2.970233e+01 2.437035e+01 3.500000e+00
      vertex   3.057886e+01 2.388486e+01 2.500000e+00
      vertex   3.064236e+01 2.402289e+01 2.500000e+00
    endloop
  endfacet
  facet normal 6.489058e-01 -2.802525e-01 7.073753e-01
    outer loop
      vertex   2.970233e+01 2.437035e+01 3.500000e+00
      vertex   3.064236e+01 2.402289e+01 2.500000e+00
      vertex   2.975367e+01 2.448923e+01 3.500000e+00
    endloop
  endfacet
  facet normal 6.542107e-01 -2.690178e-01 7.068506e-01
    outer loop
      vertex   2.975367e+01 2.448923e+01 3.500000e+00
      vertex   3.064236e+01 2.402289e+01 2.500000e+00
      vertex   3.070015e+01 2.416341e+01 2.500000e+00
    endloop
  endfacet
  facet normal 6.616504e-01 -2.488389e-01 7.073174e-01
    outer loop
      vertex   2.975367e+01 2.448923e+01 3.500000e+00
      vertex   3.070015e+01 2.416341e+01 2.500000e+00
      vertex   2.979925e+01 2.461043e+01 3.500000e+00
    endloop
  endfacet
  facet normal 6.646426e-01 -2.419101e-01 7.069157e-01
    outer loop
      vertex   2.979925e+01 2.461043e+01 3.500000e+00
      vertex   3.070015e+01 2.416341e+01 2.500000e+00
      vertex   3.075211e+01 2.430618e+01 2.500000e+00
    endloop
  endfacet
  facet normal 6.729344e-01 -2.168669e-01 7.071973e-01
    outer loop
      vertex   2.979925e+01 2.461043e+01 3.500000e+00
      vertex   3.075211e+01 2.430618e+01 2.500000e+00
      vertex   2.983897e+01 2.473368e+01 3.500000e+00
    endloop
  endfacet
  facet normal 6.739086e-01 -2.143858e-01 7.070261e-01
    outer loop
      vertex   2.983897e+01 2.473368e+01 3.500000e+00
      vertex   3.075211e+01 2.430618e+01 2.500000e+00
      vertex   3.079817e+01 2.445096e+01 2.500000e+00
    endloop
  endfacet
  facet normal 6.821302e-01 -1.865344e-01 7.070384e-01
    outer loop
      vertex   2.983897e+01 2.473368e+01 3.500000e+00
      vertex   3.079817e+01 2.445096e+01 2.500000e+00
      vertex   3.083825e+01 2.459752e+01 2.500000e+00
    endloop
  endfacet
  facet normal 6.825717e-01 -1.843574e-01 7.071833e-01
    outer loop
      vertex   2.983897e+01 2.473368e+01 3.500000e+00
      vertex   3.083825e+01 2.459752e+01 2.500000e+00
      vertex   2.987273e+01 2.485868e+01 3.500000e+00
    endloop
  endfacet
  facet normal 6.893249e-01 -1.583979e-01 7.069238e-01
    outer loop
      vertex   2.987273e+01 2.485868e+01 3.500000e+00
      vertex   3.083825e+01 2.459752e+01 2.500000e+00
      vertex   3.087227e+01 2.474560e+01 2.500000e+00
    endloop
  endfacet
  facet normal 6.905029e-01 -1.513926e-01 7.073090e-01
    outer loop
      vertex   2.987273e+01 2.485868e+01 3.500000e+00
      vertex   3.087227e+01 2.474560e+01 2.500000e+00
      vertex   2.990046e+01 2.498517e+01 3.500000e+00
    endloop
  endfacet
  facet normal 6.953147e-01 -1.299768e-01 7.068546e-01
    outer loop
      vertex   2.990046e+01 2.498517e+01 3.500000e+00
      vertex   3.087227e+01 2.474560e+01 2.500000e+00
      vertex   3.090019e+01 2.489494e+01 2.500000e+00
    endloop
  endfacet
  facet normal 6.969045e-01 -1.181018e-01 7.073726e-01
    outer loop
      vertex   2.990046e+01 2.498517e+01 3.500000e+00
      vertex   3.090019e+01 2.489494e+01 2.500000e+00
      vertex   2.992210e+01 2.511284e+01 3.500000e+00
    endloop
  endfacet
  facet normal 7.000882e-01 -1.013245e-01 7.068309e-01
    outer loop
      vertex   2.992210e+01 2.511284e+01 3.500000e+00
      vertex   3.090019e+01 2.489494e+01 2.500000e+00
      vertex   3.092196e+01 2.504531e+01 2.500000e+00
    endloop
  endfacet
  facet normal 7.017641e-01 -8.455283e-02 7.073740e-01
    outer loop
      vertex   2.992210e+01 2.511284e+01 3.500000e+00
      vertex   3.092196e+01 2.504531e+01 2.500000e+00
      vertex   2.993759e+01 2.524140e+01 3.500000e+00
    endloop
  endfacet
  facet normal 7.036362e-01 -7.249471e-02 7.068526e-01
    outer loop
      vertex   2.993759e+01 2.524140e+01 3.500000e+00
      vertex   3.092196e+01 2.504531e+01 2.500000e+00
      vertex   3.093753e+01 2.519645e+01 2.500000e+00
    endloop
  endfacet
  facet normal 7.050715e-01 -5.081398e-02 7.073133e-01
    outer loop
      vertex   2.993759e+01 2.524140e+01 3.500000e+00
      vertex   3.093753e+01 2.519645e+01 2.500000e+00
      vertex   2.994689e+01 2.537055e+01 3.500000e+00
    endloop
  endfacet
  facet normal 7.059523e-01 -4.354165e-02 7.069197e-01
    outer loop
      vertex   2.994689e+01 2.537055e+01 3.500000e+00
      vertex   3.093753e+01 2.519645e+01 2.500000e+00
      vertex   3.094688e+01 2.534810e+01 2.500000e+00
    endloop
  endfacet
  facet normal 7.068199e-01 -1.695394e-02 7.071903e-01
    outer loop
      vertex   2.994689e+01 2.537055e+01 3.500000e+00
      vertex   3.094688e+01 2.534810e+01 2.500000e+00
      vertex   2.995000e+01 2.550000e+01 3.500000e+00
    endloop
  endfacet
  facet normal 0.000000e+00 0.000000e+00 1.000000e+00
    outer loop
      vertex   2.994689e+01 2.562945e+01 3.500000e+00
      vertex   2.455078e+01 2.556474e+01 3.500000e+00
      vertex   2.995000e+01 2.550000e+01 3.500000e+00
    endloop
  endfacet
  facet normal 0.000000e+00 0.000000e+00 1.000000e+00
    outer loop
      vertex   2.995000e+01 2.550000e+01 3.500000e+00
      vertex   2.455078e+01 2.556474e+01 3.500000e+00
      vertex   2.455078e+01 2.543526e+01 3.500000e+00
    endloop
  endfacet
  facet normal 0.000000e+00 0.000000e+00 1.000000e+00
    outer loop
      vertex   2.995000e+01 2.550000e+01 3.500000e+00
      vertex   2.455078e+01 2.543526e+01 3.500000e+00
      vertex   2.994689e+01 2.537055e+01 3.500000e+00
    endloop
  endfacet
  facet normal 0.000000e+00 0.000000e+00 1.000000e+00
    outer loop
      vertex   2.994689e+01 2.537055e+01 3.500000e+00
      vertex   2.455078e+01 2.543526e+01 3.500000e+00
      vertex   2.455698e+01 2.530592e+01 3.500000e+00
    endloop
  endfacet
  facet normal 0.000000e+00 0.000000e+00 1.000000e+00
    outer loop
      vertex   2.994689e+01 2.537055e+01 3.500000e+00
      vertex   2.455698e+01 2.530592e+01 3.500000e+00
      vertex   2.993759e+01 2.524140e+01 3.500000e+00
    endloop
  endfacet
  facet normal 0.000000e+00 0.000000e+00 1.000000e+00
    outer loop
      vertex   2.993759e+01 2.524140e+01 3.500000e+00
      vertex   2.455698e+01 2.530592e+01 3.500000e+00
      vertex   2.456939e+01 2.517702e+01 3.500000e+00
    endloop
  endfacet
  facet normal 0.000000e+00 0.000000e+00 1.000000e+00
    outer loop
      vertex   2.993759e+01 2.524140e+01 3.500000e+00
      vertex   2.456939e+01 2.517702e+01 3.500000e+00
      vertex   2.992210e+01 2.511284e+01 3.500000e+00
    endloop
  endfacet
  facet normal 0.000000e+00 0.000000e+00 1.000000e+00
    outer loop
      vertex   2.992210e+01 2.511284e+01 3.500000e+00
      vertex   2.456939e+01 2.517702e+01 3.500000e+00
      vertex   2.458795e+01 2.504887e+01 3.500000e+00
    endloop
  endfacet
  facet normal 0.000000e+00 0.000000e+00 1.000000e+00
    outer loop
      vertex   2.992210e+01 2.511284e+01 3.500000e+00
      vertex   2.458795e+01 2.504887e+01 3.500000e+00
      vertex   2.990046e+01 2.498517e+01 3.500000e+00
    endloop
  endfacet
  facet normal 0.000000e+00 0.000000e+00 1.000000e+00
    outer loop
      vertex   2.990046e+01 2.498517e+01 3.500000e+00
      vertex   2.458795e+01 2.504887e+01 3.500000e+00
      vertex   2.461265e+01 2.492176e+01 3.500000e+00
    endloop
  endfacet
  facet normal 0.000000e+00 0.000000e+00 1.000000e+00
    outer loop
      vertex   2.990046e+01 2.498517e+01 3.500000e+00
      vertex   2.461265e+01 2.492176e+01 3.500000e+00
      vertex   2.987273e+01 2.485868e+01 3.500000e+00
    endloop
  endfacet
  facet normal 0.000000e+00 0.000000e+00 1.000000e+00
    outer loop
      vertex   2.987273e+01 2.485868e+01 3.500000e+00
      vertex   2.461265e+01 2.492176e+01 3.500000e+00
      vertex   2.464340e+01 2.479598e+01 3.500000e+00
    endloop
  endfacet
  facet normal 0.000000e+00 0.000000e+00 1.000000e+00
    outer loop
      vertex   2.987273e+01 2.485868e+01 3.500000e+00
      vertex   2.464340e+01 2.479598e+01 3.500000e+00
      vertex   2.983897e+01 2.473368e+01 3.500000e+00
    endloop
  endfacet
  facet normal 0.000000e+00 0.000000e+00 1.000000e+00
    outer loop
      vertex   2.983897e+01 2.473368e+01 3.500000e+00
      vertex   2.464340e+01 2.479598e+01 3.500000e+00
      vertex   2.468015e+01 2.467181e+01 3.500000e+00
    endloop
  endfacet
  facet normal 0.000000e+00 0.000000e+00 1.000000e+00
    outer loop
      vertex   2.983897e+01 2.473368e+01 3.500000e+00
      vertex   2.468015e+01 2.467181e+01 3.500000e+00
      vertex   2.979925e+01 2.461043e+01 3.500000e+00
    endloop
  endfacet
  facet normal 0.000000e+00 0.000000e+00 1.000000e+00
    outer loop
      vertex   2.979925e+01 2.461043e+01 3.500000e+00
      vertex   2.468015e+01 2.467181e+01 3.500000e+00
      vertex   2.472282e+01 2.454956e+01 3.500000e+00
    endloop
  endfacet
  facet normal 0.000000e+00 0.000000e+00 1.000000e+00
    outer loop
      vertex   2.979925e+01 2.461043e+01 3.500000e+00
      vertex   2.472282e+01 2.454956e+01 3.500000e+00
      vertex   2.975367e+01 2.448923e+01 3.500000e+00
    endloop
  endfacet
  facet normal 0.000000e+00 0.000000e+00 1.000000e+00
    outer loop
      vertex   2.975367e+01 2.448923e+01 3.500000e+00
      vertex   2.472282e+01 2.454956e+01 3.500000e+00
      vertex   2.477129e+01 2.442948e+01 3.500000e+00
    endloop
  endfacet
  facet normal 0.000000e+00 0.000000e+00 1.000000e+00
    outer loop
      vertex   2.975367e+01 2.448923e+01 3.500000e+00
      vertex   2.477129e+01 2.442948e+01 3.500000e+00
      vertex   2.970233e+01 2.437035e+01 3.500000e+00
    endloop
  endfacet
  facet normal 0.000000e+00 0.000000e+00 1.000000e+00
    outer loop
      vertex   2.970233e+01 2.437035e+01 3.500000e+00
      vertex   2.477129e+01 2.442948e+01 3.500000e+00
      vertex   2.482547e+01 2.431187e+01 3.500000e+00
    endloop
  endfacet
  facet normal 0.000000e+00 0.000000e+00 1.000000e+00
    outer loop
      vertex   2.970233e+01 2.437035e+01 3.500000e+00
      vertex   2.482547e+01 2.431187e+01 3.500000e+00
      vertex   2.488522e+01 2.419700e+01 3.500000e+00
    endloop
  endfacet
  facet normal 0.000000e+00 0.000000e+00 1.000000e+00
    outer loop
      vertex   2.455078e+01 2.556474e+01 3.500000e+00
      vertex   2.994689e+01 2.562945e+01 3.500000e+00
      vertex   2.455698e+01 2.569408e+01 3.500000e+00
    endloop
  endfacet
  facet normal -0.000000e+00 0.000000e+00 1.000000e+00
    outer loop
      vertex   2.455698e+01 2.569408e+01 3.500000e+00
      vertex   2.994689e+01 2.562945e+01 3.500000e+00
      vertex   2.993759e+01 2.575860e+01 3.500000e+00
    endloop
  endfacet
  facet normal 0.000000e+00 0.000000e+00 1.000000e+00
    outer loop
      vertex   2.455698e+01 2.569408e+01 3.500000e+00
      vertex   2.993759e+01 2.575860e+01 3.500000e+00
      vertex   2.456939e+01 2.582298e+01 3.500000e+00
    endloop
  endfacet
  facet normal -0.000000e+00 0.000000e+00 1.000000e+00
    outer loop
      vertex   2.456939e+01 2.582298e+01 3.500000e+00
      vertex   2.993759e+01 2.575860e+01 3.500000e+00
      vertex   2.992210e+01 2.588716e+01 3.500000e+00
    endloop
  endfacet
  facet normal 0.000000e+00 0.000000e+00 1.000000e+00
    outer loop
      vertex   2.456939e+01 2.582298e+01 3.500000e+00
      vertex   2.992210e+01 2.588716e+01 3.500000e+00
      vertex   2.458795e+01 2.595113e+01 3.500000e+00
    endloop
  endfacet
  facet normal -0.000000e+00 0.000000e+00 1.000000e+00
    outer loop
      vertex   2.458795e+01 2.595113e+01 3.500000e+00
      vertex   2.992210e+01 2.588716e+01 3.500000e+00
      vertex   2.990046e+01 2.601483e+01 3.500000e+00
    endloop
  endfacet
  facet normal 0.000000e+00 0.000000e+00 1.000000e+00
    outer loop
      vertex   2.458795e+01 2.595113e+01 3.500000e+00
      vertex   2.990046e+01 2.601483e+01 3.500000e+00
      vertex   2.461265e+01 2.607824e+01 3.500000e+00
    endloop
  endfacet
  facet normal -0.000000e+00 0.000000e+00 1.000000e+00
    outer loop
      vertex   2.461265e+01 2.607824e+01 3.500000e+00
      vertex   2.990046e+01 2.601483e+01 3.500000e+00
      vertex   2.987273e+01 2.614132e+01 3.500000e+00
    endloop
  endfacet
  facet normal 0.000000e+00 0.000000e+00 1.000000e+00
    outer loop
      vertex   2.461265e+01 2.607824e+01 3.500000e+00
      vertex   2.987273e+01 2.614132e+01 3.500000e+00
      vertex   2.464340e+01 2.620402e+01 3.500000e+00
    endloop
  endfacet
  facet normal -0.000000e+00 0.000000e+00 1.000000e+00
    outer loop
      vertex   2.464340e+01 2.620402e+01 3.500000e+00
      vertex   2.987273e+01 2.614132e+01 3.500000e+00
      vertex   2.983897e+01 2.626632e+01 3.500000e+00
    endloop
  endfacet
  facet normal 0.000000e+00 0.000000e+00 1.000000e+00
    outer loop
      vertex   2.464340e+01 2.620402e+01 3.500000e+00
      vertex   2.983897e+01 2.626632e+01 3.500000e+00
      vertex   2.468015e+01 2.632819e+01 3.500000e+00
    endloop
  endfacet
  facet normal -0.000000e+00 0.000000e+00 1.000000e+00
    outer loop
      vertex   2.468015e+01 2.632819e+01 3.500000e+00
      vertex   2.983897e+01 2.626632e+01 3.500000e+00
      vertex   2.979925e+01 2.638957e+01 3.500000e+00
    endloop
  endfacet
  facet normal 0.000000e+00 0.000000e+00 1.000000e+00
    outer loop
      vertex   2.468015e+01 2.632819e+01 3.500000e+00
      vertex   2.979925e+01 2.638957e+01 3.500000e+00
      vertex   2.472282e+01 2.645044e+01 3.500000e+00
    endloop
  endfacet
  facet normal -0.000000e+00 0.000000e+00 1.000000e+00
    outer loop
      vertex   2.472282e+01 2.645044e+01 3.500000e+00
      vertex   2.979925e+01 2.638957e+01 3.500000e+00
      vertex   2.975367e+01 2.651077e+01 3.500000e+00
    endloop
  endfacet
  facet normal 0.000000e+00 0.000000e+00 1.000000e+00
    outer loop
      vertex   2.472282e+01 2.645044e+01 3.500000e+00
      vertex   2.975367e+01 2.651077e+01 3.500000e+00
      vertex   2.477129e+01 2.657052e+01 3.500000e+00
    endloop
  endfacet
  facet normal -0.000000e+00 0.000000e+00 1.000000e+00
    outer loop
      vertex   2.477129e+01 2.657052e+01 3.500000e+00
      vertex   2.975367e+01 2.651077e+01 3.500000e+00
      vertex   2.970233e+01 2.662965e+01 3.500000e+00
    endloop
  endfacet
  facet normal 0.000000e+00 0.000000e+00 1.000000e+00
    outer loop
      vertex   2.477129e+01 2.657052e+01 3.500000e+00
      vertex   2.970233e+01 2.662965e+01 3.500000e+00
      vertex   2.482547e+01 2.668813e+01 3.500000e+00
    endloop
  endfacet
  facet normal -0.000000e+00 0.000000e+00 1.000000e+00
    outer loop
      vertex   2.482547e+01 2.668813e+01 3.500000e+00
      vertex   2.970233e+01 2.662965e+01 3.500000e+00
      vertex   2.964534e+01 2.674592e+01 3.500000e+00
    endloop
  endfacet
  facet normal 0.000000e+00 0.000000e+00 1.000000e+00
    outer loop
      vertex   2.482547e+01 2.668813e+01 3.500000e+00
      vertex   2.964534e+01 2.674592e+01 3.500000e+00
      vertex   2.488522e+01 2.680300e+01 3.500000e+00
    endloop
  endfacet
  facet normal -0.000000e+00 0.000000e+00 1.000000e+00
    outer loop
      vertex   2.488522e+01 2.680300e+01 3.500000e+00
      vertex   2.964534e+01 2.674592e+01 3.500000e+00
      vertex   2.958285e+01 2.685934e+01 3.500000e+00
    endloop
  endfacet
  facet normal 0.000000e+00 0.000000e+00 1.000000e+00
    outer loop
      vertex   2.488522e+01 2.680300e+01 3.500000e+00
      vertex   2.958285e+01 2.685934e+01 3.500000e+00
      vertex   2.495041e+01 2.691488e+01 3.500000e+00
    endloop
  endfacet
  facet normal -0.000000e+00 0.000000e+00 1.000000e+00
    outer loop
      vertex   2.495041e+01 2.691488e+01 3.500000e+00
      vertex   2.958285e+01 2.685934e+01 3.500000e+00
      vertex   2.951500e+01 2.696962e+01 3.500000e+00
    endloop
  endfacet
  facet normal 0.000000e+00 0.000000e+00 1.000000e+00
    outer loop
      vertex   2.495041e+01 2.691488e+01 3.500000e+00
      vertex   2.951500e+01 2.696962e+01 3.500000e+00
      vertex   2.502089e+01 2.702351e+01 3.500000e+00
    endloop
  endfacet
  facet normal -0.000000e+00 0.000000e+00 1.000000e+00
    outer loop
      vertex   2.502089e+01 2.702351e+01 3.500000e+00
      vertex   2.951500e+01 2.696962e+01 3.500000e+00
      vertex   2.944193e+01 2.707653e+01 3.500000e+00
    endloop
  endfacet
  facet normal 0.000000e+00 0.000000e+00 1.000000e+00
    outer loop
      vertex   2.502089e+01 2.702351e+01 3.500000e+00
      vertex   2.944193e+01 2.707653e+01 3.500000e+00
      vertex   2.509650e+01 2.712863e+01 3.500000e+00
    endloop
  endfacet
  facet normal -0.000000e+00 0.000000e+00 1.000000e+00
    outer loop
      vertex   2.509650e+01 2.712863e+01 3.500000e+00
      vertex   2.944193e+01 2.707653e+01 3.500000e+00
      vertex   2.936383e+01 2.717980e+01 3.500000e+00
    endloop
  endfacet
  facet normal 0.000000e+00 0.000000e+00 1.000000e+00
    outer loop
      vertex   2.509650e+01 2.712863e+01 3.500000e+00
      vertex   2.936383e+01 2.717980e+01 3.500000e+00
      vertex   2.517706e+01 2.723001e+01 3.500000e+00
    endloop
  endfacet
  facet normal -0.000000e+00 0.000000e+00 1.000000e+00
    outer loop
      vertex   2.517706e+01 2.723001e+01 3.500000e+00
      vertex   2.936383e+01 2.717980e+01 3.500000e+00
      vertex   2.928086e+01 2.727922e+01 3.500000e+00
    endloop
  endfacet
  facet normal 0.000000e+00 0.000000e+00 1.000000e+00
    outer loop
      vertex   2.517706e+01 2.723001e+01 3.500000e+00
      vertex   2.928086e+01 2.727922e+01 3.500000e+00
      vertex   2.526239e+01 2.732741e+01 3.500000e+00
    endloop
  endfacet
  facet normal -0.000000e+00 0.000000e+00 1.000000e+00
    outer loop
      vertex   2.526239e+01 2.732741e+01 3.500000e+00
      vertex   2.928086e+01 2.727922e+01 3.500000e+00
      vertex   2.919322e+01 2.737454e+01 3.500000e+00
    endloop
  endfacet
  facet normal 0.000000e+00 0.000000e+00 1.000000e+00
    outer loop
      vertex   2.526239e+01 2.732741e+01 3.500000e+00
      vertex   2.919322e+01 2.737454e+01 3.500000e+00
      vertex   2.535229e+01 2.742060e+01 3.500000e+00
    endloop
  endfacet
  facet normal -0.000000e+00 0.000000e+00 1.000000e+00
    outer loop
      vertex   2.535229e+01 2.742060e+01 3.500000e+00
      vertex   2.919322e+01 2.737454e+01 3.500000e+00
      vertex   2.910111e+01 2.746555e+01 3.500000e+00
    endloop
  endfacet
  facet normal 0.000000e+00 0.000000e+00 1.000000e+00
    outer loop
      vertex   2.535229e+01 2.742060e+01 3.500000e+00
      vertex   2.910111e+01 2.746555e+01 3.500000e+00
      vertex   2.544656e+01 2.750938e+01 3.500000e+00
    endloop
  endfacet
  facet normal -0.000000e+00 0.000000e+00 1.000000e+00
    outer loop
      vertex   2.544656e+01 2.750938e+01 3.500000e+00
      vertex   2.910111e+01 2.746555e+01 3.500000e+00
      vertex   2.900474e+01 2.755204e+01 3.500000e+00
    endloop
  endfacet
  facet normal 0.000000e+00 0.000000e+00 1.000000e+00
    outer loop
      vertex   2.544656e+01 2.750938e+01 3.500000e+00
      vertex   2.900474e+01 2.755204e+01 3.500000e+00
      vertex   2.554497e+01 2.759353e+01 3.500000e+00
    endloop
  endfacet
  facet normal -0.000000e+00 0.000000e+00 1.000000e+00
    outer loop
      vertex   2.554497e+01 2.759353e+01 3.500000e+00
      vertex   2.900474e+01 2.755204e+01 3.500000e+00
      vertex   2.890434e+01 2.763382e+01 3.500000e+00
    endloop
  endfacet
  facet normal 0.000000e+00 0.000000e+00 1.000000e+00
    outer loop
      vertex   2.554497e+01 2.759353e+01 3.500000e+00
      vertex   2.890434e+01 2.763382e+01 3.500000e+00
      vertex   2.564731e+01 2.767287e+01 3.500000e+00
    endloop
  endfacet
  facet normal -0.000000e+00 0.000000e+00 1.000000e+00
    outer loop
      vertex   2.564731e+01 2.767287e+01 3.500000e+00
      vertex   2.890434e+01 2.763382e+01 3.500000e+00
      vertex   2.880013e+01 2.771068e+01 3.500000e+00
    endloop
  endfacet
  facet normal 0.000000e+00 0.000000e+00 1.000000e+00
    outer loop
      vertex   2.564731e+01 2.767287e+01 3.500000e+00
      vertex   2.880013e+01 2.771068e+01 3.500000e+00
      vertex   2.575333e+01 2.774721e+01 3.500000e+00
    endloop
  endfacet
  facet normal -0.000000e+00 0.000000e+00 1.000000e+00
    outer loop
      vertex   2.575333e+01 2.774721e+01 3.500000e+00
      vertex   2.880013e+01 2.771068e+01 3.500000e+00
      vertex   2.869236e+01 2.778246e+01 3.500000e+00
    endloop
  endfacet
  facet normal 0.000000e+00 0.000000e+00 1.000000e+00
    outer loop
      vertex   2.575333e+01 2.774721e+01 3.500000e+00
      vertex   2.869236e+01 2.778246e+01 3.500000e+00
      vertex   2.586279e+01 2.781639e+01 3.500000e+00
    endloop
  endfacet
  facet normal -0.000000e+00 0.000000e+00 1.000000e+00
    outer loop
      vertex   2.586279e+01 2.781639e+01 3.500000e+00
      vertex   2.869236e+01 2.778246e+01 3.500000e+00
      vertex   2.858127e+01 2.784899e+01 3.500000e+00
    endloop
  endfacet
  facet normal 0.000000e+00 0.000000e+00 1.000000e+00
    outer loop
      vertex   2.586279e+01 2.781639e+01 3.500000e+00
      vertex   2.858127e+01 2.784899e+01 3.500000e+00
      vertex   2.597544e+01 2.788023e+01 3.500000e+00
    endloop
  endfacet
  facet normal -0.000000e+00 0.000000e+00 1.000000e+00
    outer loop
      vertex   2.597544e+01 2.788023e+01 3.500000e+00
      vertex   2.858127e+01 2.784899e+01 3.500000e+00
      vertex   2.846711e+01 2.791011e+01 3.500000e+00
    endloop
  endfacet
  facet normal 0.000000e+00 0.000000e+00 1.000000e+00
    outer loop
      vertex   2.597544e+01 2.788023e+01 3.500000e+00
      vertex   2.846711e+01 2.791011e+01 3.500000e+00
      vertex   2.609103e+01 2.793860e+01 3.500000e+00
    endloop
  endfacet
  facet normal -0.000000e+00 0.000000e+00 1.000000e+00
    outer loop
      vertex   2.609103e+01 2.793860e+01 3.500000e+00
      vertex   2.846711e+01 2.791011e+01 3.500000e+00
      vertex   2.835016e+01 2.796569e+01 3.500000e+00
    endloop
  endfacet
  facet normal 0.000000e+00 0.000000e+00 1.000000e+00
    outer loop
      vertex   2.609103e+01 2.793860e+01 3.500000e+00
      vertex   2.835016e+01 2.796569e+01 3.500000e+00
      vertex   2.620928e+01 2.799137e+01 3.500000e+00
    endloop
  endfacet
  facet normal -0.000000e+00 0.000000e+00 1.000000e+00
    outer loop
      vertex   2.620928e+01 2.799137e+01 3.500000e+00
      vertex   2.835016e+01 2.796569e+01 3.500000e+00
      vertex   2.823068e+01 2.801561e+01 3.500000e+00
    endloop
  endfacet
  facet normal 0.000000e+00 0.000000e+00 1.000000e+00
    outer loop
      vertex   2.620928e+01 2.799137e+01 3.500000e+00
      vertex   2.823068e+01 2.801561e+01 3.500000e+00
      vertex   2.632993e+01 2.803840e+01 3.500000e+00
    endloop
  endfacet
  facet normal -0.000000e+00 0.000000e+00 1.000000e+00
    outer loop
      vertex   2.632993e+01 2.803840e+01 3.500000e+00
      vertex   2.823068e+01 2.801561e+01 3.500000e+00
      vertex   2.810894e+01 2.805973e+01 3.500000e+00
    endloop
  endfacet
  facet normal 0.000000e+00 0.000000e+00 1.000000e+00
    outer loop
      vertex   2.632993e+01 2.803840e+01 3.500000e+00
      vertex   2.810894e+01 2.805973e+01 3.500000e+00
      vertex   2.645269e+01 2.807959e+01 3.500000e+00
    endloop
  endfacet
  facet normal -0.000000e+00 0.000000e+00 1.000000e+00
    outer loop
      vertex   2.645269e+01 2.807959e+01 3.500000e+00
      vertex   2.810894e+01 2.805973e+01 3.500000e+00
      vertex   2.798523e+01 2.809797e+01 3.500000e+00
    endloop
  endfacet
  facet normal 0.000000e+00 0.000000e+00 1.000000e+00
    outer loop
      vertex   2.645269e+01 2.807959e+01 3.500000e+00
      vertex   2.798523e+01 2.809797e+01 3.500000e+00
      vertex   2.657728e+01 2.811485e+01 3.500000e+00
    endloop
  endfacet
  facet normal -0.000000e+00 0.000000e+00 1.000000e+00
    outer loop
      vertex   2.657728e+01 2.811485e+01 3.500000e+00
      vertex   2.798523e+01 2.809797e+01 3.500000e+00
      vertex   2.785982e+01 2.813023e+01 3.500000e+00
    endloop
  endfacet
  facet normal 0.000000e+00 0.000000e+00 1.000000e+00
    outer loop
      vertex   2.657728e+01 2.811485e+01 3.500000e+00
      vertex   2.785982e+01 2.813023e+01 3.500000e+00
      vertex   2.670343e+01 2.814410e+01 3.500000e+00
    endloop
  endfacet
  facet normal -0.000000e+00 0.000000e+00 1.000000e+00
    outer loop
      vertex   2.670343e+01 2.814410e+01 3.500000e+00
      vertex   2.785982e+01 2.813023e+01 3.500000e+00
      vertex   2.773301e+01 2.815644e+01 3.500000e+00
    endloop
  endfacet
  facet normal 0.000000e+00 0.000000e+00 1.000000e+00
    outer loop
      vertex   2.670343e+01 2.814410e+01 3.500000e+00
      vertex   2.773301e+01 2.815644e+01 3.500000e+00
      vertex   2.683082e+01 2.816726e+01 3.500000e+00
    endloop
  endfacet
  facet normal -0.000000e+00 0.000000e+00 1.000000e+00
    outer loop
      vertex   2.683082e+01 2.816726e+01 3.500000e+00
      vertex   2.773301e+01 2.815644e+01 3.500000e+00
      vertex   2.760510e+01 2.817655e+01 3.500000e+00
    endloop
  endfacet
  facet normal 0.000000e+00 0.000000e+00 1.000000e+00
    outer loop
      vertex   2.683082e+01 2.816726e+01 3.500000e+00
      vertex   2.760510e+01 2.817655e+01 3.500000e+00
      vertex   2.695919e+01 2.818429e+01 3.500000e+00
    endloop
  endfacet
  facet normal -0.000000e+00 0.000000e+00 1.000000e+00
    outer loop
      vertex   2.695919e+01 2.818429e+01 3.500000e+00
      vertex   2.760510e+01 2.817655e+01 3.500000e+00
      vertex   2.747636e+01 2.819049e+01 3.500000e+00
    endloop
  endfacet
  facet normal 0.000000e+00 0.000000e+00 1.000000e+00
    outer loop
      vertex   2.695919e+01 2.818429e+01 3.500000e+00
      vertex   2.747636e+01 2.819049e+01 3.500000e+00
      vertex   2.708822e+01 2.819515e+01 3.500000e+00
    endloop
  endfacet
  facet normal -0.000000e+00 0.000000e+00 1.000000e+00
    outer loop
      vertex   2.708822e+01 2.819515e+01 3.500000e+00
      vertex   2.747636e+01 2.819049e+01 3.500000e+00
      vertex   2.734710e+01 2.819825e+01 3.500000e+00
    endloop
  endfacet
  facet normal 0.000000e+00 0.000000e+00 1.000000e+00
    outer loop
      vertex   2.708822e+01 2.819515e+01 3.500000e+00
      vertex   2.734710e+01 2.819825e+01 3.500000e+00
      vertex   2.721763e+01 2.819981e+01 3.500000e+00
    endloop
  endfacet
  facet normal -0.000000e+00 0.000000e+00 1.000000e+00
    outer loop
      vertex   2.488522e+01 2.419700e+01 3.500000e+00
      vertex   2.495041e+01 2.408512e+01 3.500000e+00
      vertex   2.970233e+01 2.437035e+01 3.500000e+00
    endloop
  endfacet
  facet normal 0.000000e+00 0.000000e+00 1.000000e+00
    outer loop
      vertex   2.970233e+01 2.437035e+01 3.500000e+00
      vertex   2.495041e+01 2.408512e+01 3.500000e+00
      vertex   2.502089e+01 2.397649e+01 3.500000e+00
    endloop
  endfacet
  facet normal 0.000000e+00 0.000000e+00 1.000000e+00
    outer loop
      vertex   2.970233e+01 2.437035e+01 3.500000e+00
      vertex   2.502089e+01 2.397649e+01 3.500000e+00
      vertex   2.509650e+01 2.387137e+01 3.500000e+00
    endloop
  endfacet
  facet normal -0.000000e+00 0.000000e+00 1.000000e+00
    outer loop
      vertex   2.509650e+01 2.387137e+01 3.500000e+00
      vertex   2.517706e+01 2.376999e+01 3.500000e+00
      vertex   2.970233e+01 2.437035e+01 3.500000e+00
    endloop
  endfacet
  facet normal 0.000000e+00 0.000000e+00 1.000000e+00
    outer loop
      vertex   2.970233e+01 2.437035e+01 3.500000e+00
      vertex   2.517706e+01 2.376999e+01 3.500000e+00
      vertex   2.526239e+01 2.367259e+01 3.500000e+00
    endloop
  endfacet
  facet normal 0.000000e+00 0.000000e+00 1.000000e+00
    outer loop
      vertex   2.970233e+01 2.437035e+01 3.500000e+00
      vertex   2.526239e+01 2.367259e+01 3.500000e+00
      vertex   2.535229e+01 2.357940e+01 3.500000e+00
    endloop
  endfacet
  facet normal -0.000000e+00 0.000000e+00 1.000000e+00
    outer loop
      vertex   2.535229e+01 2.357940e+01 3.500000e+00
      vertex   2.544656e+01 2.349062e+01 3.500000e+00
      vertex   2.970233e+01 2.437035e+01 3.500000e+00
    endloop
  endfacet
  facet normal 0.000000e+00 0.000000e+00 1.000000e+00
    outer loop
      vertex   2.970233e+01 2.437035e+01 3.500000e+00
      vertex   2.544656e+01 2.349062e+01 3.500000e+00
      vertex   2.554497e+01 2.340647e+01 3.500000e+00
    endloop
  endfacet
  facet normal 0.000000e+00 0.000000e+00 1.000000e+00
    outer loop
      vertex   2.970233e+01 2.437035e+01 3.500000e+00
      vertex   2.554497e+01 2.340647e+01 3.500000e+00
      vertex   2.564731e+01 2.332713e+01 3.500000e+00
    endloop
  endfacet
  facet normal -0.000000e+00 0.000000e+00 1.000000e+00
    outer loop
      vertex   2.564731e+01 2.332713e+01 3.500000e+00
      vertex   2.575333e+01 2.325279e+01 3.500000e+00
      vertex   2.970233e+01 2.437035e+01 3.500000e+00
    endloop
  endfacet
  facet normal 0.000000e+00 0.000000e+00 1.000000e+00
    outer loop
      vertex   2.970233e+01 2.437035e+01 3.500000e+00
      vertex   2.575333e+01 2.325279e+01 3.500000e+00
      vertex   2.586279e+01 2.318361e+01 3.500000e+00
    endloop
  endfacet
  facet normal 0.000000e+00 0.000000e+00 1.000000e+00
    outer loop
      vertex   2.970233e+01 2.437035e+01 3.500000e+00
      vertex   2.586279e+01 2.318361e+01 3.500000e+00
      vertex   2.597544e+01 2.311977e+01 3.500000e+00
    endloop
  endfacet
  facet normal -0.000000e+00 0.000000e+00 1.000000e+00
    outer loop
      vertex   2.597544e+01 2.311977e+01 3.500000e+00
      vertex   2.609103e+01 2.306140e+01 3.500000e+00
      vertex   2.970233e+01 2.437035e+01 3.500000e+00
    endloop
  endfacet
  facet normal 0.000000e+00 0.000000e+00 1.000000e+00
    outer loop
      vertex   2.970233e+01 2.437035e+01 3.500000e+00
      vertex   2.609103e+01 2.306140e+01 3.500000e+00
      vertex   2.620928e+01 2.300863e+01 3.500000e+00
    endloop
  endfacet
  facet normal 0.000000e+00 0.000000e+00 1.000000e+00
    outer loop
      vertex   2.970233e+01 2.437035e+01 3.500000e+00
      vertex   2.620928e+01 2.300863e+01 3.500000e+00
      vertex   2.632993e+01 2.296160e+01 3.500000e+00
    endloop
  endfacet
  facet normal -0.000000e+00 0.000000e+00 1.000000e+00
    outer loop
      vertex   2.632993e+01 2.296160e+01 3.500000e+00
      vertex   2.645269e+01 2.292041e+01 3.500000e+00
      vertex   2.970233e+01 2.437035e+01 3.500000e+00
    endloop
  endfacet
  facet normal 0.000000e+00 0.000000e+00 1.000000e+00
    outer loop
      vertex   2.970233e+01 2.437035e+01 3.500000e+00
      vertex   2.645269e+01 2.292041e+01 3.500000e+00
      vertex   2.657728e+01 2.288515e+01 3.500000e+00
    endloop
  endfacet
  facet normal 0.000000e+00 0.000000e+00 1.000000e+00
    outer loop
      vertex   2.970233e+01 2.437035e+01 3.500000e+00
      vertex   2.657728e+01 2.288515e+01 3.500000e+00
      vertex   2.670343e+01 2.285590e+01 3.500000e+00
    endloop
  endfacet
  facet normal -0.000000e+00 0.000000e+00 1.000000e+00
    outer loop
      vertex   2.670343e+01 2.285590e+01 3.500000e+00
      vertex   2.683082e+01 2.283274e+01 3.500000e+00
      vertex   2.970233e+01 2.437035e+01 3.500000e+00
    endloop
  endfacet
  facet normal 0.000000e+00 0.000000e+00 1.000000e+00
    outer loop
      vertex   2.970233e+01 2.437035e+01 3.500000e+00
      vertex   2.683082e+01 2.283274e+01 3.500000e+00
      vertex   2.695919e+01 2.281571e+01 3.500000e+00
    endloop
  endfacet
  facet normal 0.000000e+00 0.000000e+00 1.000000e+00
    outer loop
      vertex   2.970233e+01 2.437035e+01 3.500000e+00
      vertex   2.695919e+01 2.281571e+01 3.500000e+00
      vertex   2.708822e+01 2.280485e+01 3.500000e+00
    endloop
  endfacet
  facet normal -0.000000e+00 0.000000e+00 1.000000e+00
    outer loop
      vertex   2.708822e+01 2.280485e+01 3.500000e+00
      vertex   2.721763e+01 2.280019e+01 3.500000e+00
      vertex   2.970233e+01 2.437035e+01 3.500000e+00
    endloop
  endfacet
  facet normal 0.000000e+00 0.000000e+00 1.000000e+00
    outer loop
      vertex   2.970233e+01 2.437035e+01 3.500000e+00
      vertex   2.721763e+01 2.280019e+01 3.500000e+00
      vertex   2.734710e+01 2.280175e+01 3.500000e+00
    endloop
  endfacet
  facet normal 0.000000e+00 0.000000e+00 1.000000e+00
    outer loop
      vertex   2.970233e+01 2.437035e+01 3.500000e+00
      vertex   2.734710e+01 2.280175e+01 3.500000e+00
      vertex   2.964534e+01 2.425408e+01 3.500000e+00
    endloop
  endfacet
  facet normal 0.000000e+00 0.000000e+00 1.000000e+00
    outer loop
      vertex   2.964534e+01 2.425408e+01 3.500000e+00
      vertex   2.734710e+01 2.280175e+01 3.500000e+00
      vertex   2.747636e+01 2.280951e+01 3.500000e+00
    endloop
  endfacet
  facet normal 0.000000e+00 0.000000e+00 1.000000e+00
    outer loop
      vertex   2.964534e+01 2.425408e+01 3.500000e+00
      vertex   2.747636e+01 2.280951e+01 3.500000e+00
      vertex   2.760510e+01 2.282345e+01 3.500000e+00
    endloop
  endfacet
  facet normal 0.000000e+00 0.000000e+00 1.000000e+00
    outer loop
      vertex   2.760510e+01 2.282345e+01 3.500000e+00
      vertex   2.773301e+01 2.284356e+01 3.500000e+00
      vertex   2.964534e+01 2.425408e+01 3.500000e+00
    endloop
  endfacet
  facet normal 0.000000e+00 0.000000e+00 1.000000e+00
    outer loop
      vertex   2.964534e+01 2.425408e+01 3.500000e+00
      vertex   2.773301e+01 2.284356e+01 3.500000e+00
      vertex   2.785982e+01 2.286977e+01 3.500000e+00
    endloop
  endfacet
  facet normal 0.000000e+00 0.000000e+00 1.000000e+00
    outer loop
      vertex   2.964534e+01 2.425408e+01 3.500000e+00
      vertex   2.785982e+01 2.286977e+01 3.500000e+00
      vertex   2.798523e+01 2.290203e+01 3.500000e+00
    endloop
  endfacet
  facet normal 0.000000e+00 0.000000e+00 1.000000e+00
    outer loop
      vertex   2.798523e+01 2.290203e+01 3.500000e+00
      vertex   2.810894e+01 2.294027e+01 3.500000e+00
      vertex   2.964534e+01 2.425408e+01 3.500000e+00
    endloop
  endfacet
  facet normal 0.000000e+00 0.000000e+00 1.000000e+00
    outer loop
      vertex   2.964534e+01 2.425408e+01 3.500000e+00
      vertex   2.810894e+01 2.294027e+01 3.500000e+00
      vertex   2.823068e+01 2.298439e+01 3.500000e+00
    endloop
  endfacet
  facet normal 0.000000e+00 0.000000e+00 1.000000e+00
    outer loop
      vertex   2.964534e+01 2.425408e+01 3.500000e+00
      vertex   2.823068e+01 2.298439e+01 3.500000e+00
      vertex   2.835016e+01 2.303431e+01 3.500000e+00
    endloop
  endfacet
  facet normal 0.000000e+00 0.000000e+00 1.000000e+00
    outer loop
      vertex   2.835016e+01 2.303431e+01 3.500000e+00
      vertex   2.846711e+01 2.308989e+01 3.500000e+00
      vertex   2.964534e+01 2.425408e+01 3.500000e+00
    endloop
  endfacet
  facet normal 0.000000e+00 0.000000e+00 1.000000e+00
    outer loop
      vertex   2.964534e+01 2.425408e+01 3.500000e+00
      vertex   2.846711e+01 2.308989e+01 3.500000e+00
      vertex   2.858127e+01 2.315101e+01 3.500000e+00
    endloop
  endfacet
  facet normal 0.000000e+00 0.000000e+00 1.000000e+00
    outer loop
      vertex   2.964534e+01 2.425408e+01 3.500000e+00
      vertex   2.858127e+01 2.315101e+01 3.500000e+00
      vertex   2.869236e+01 2.321754e+01 3.500000e+00
    endloop
  endfacet
  facet normal 0.000000e+00 0.000000e+00 1.000000e+00
    outer loop
      vertex   2.869236e+01 2.321754e+01 3.500000e+00
      vertex   2.880013e+01 2.328932e+01 3.500000e+00
      vertex   2.964534e+01 2.425408e+01 3.500000e+00
    endloop
  endfacet
  facet normal 0.000000e+00 0.000000e+00 1.000000e+00
    outer loop
      vertex   2.964534e+01 2.425408e+01 3.500000e+00
      vertex   2.880013e+01 2.328932e+01 3.500000e+00
      vertex   2.890434e+01 2.336618e+01 3.500000e+00
    endloop
  endfacet
  facet normal 0.000000e+00 0.000000e+00 1.000000e+00
    outer loop
      vertex   2.964534e+01 2.425408e+01 3.500000e+00
      vertex   2.890434e+01 2.336618e+01 3.500000e+00
      vertex   2.900474e+01 2.344796e+01 3.500000e+00
    endloop
  endfacet
  facet normal 0.000000e+00 0.000000e+00 1.000000e+00
    outer loop
      vertex   2.900474e+01 2.344796e+01 3.500000e+00
      vertex   2.910111e+01 2.353445e+01 3.500000e+00
      vertex   2.964534e+01 2.425408e+01 3.500000e+00
    endloop
  endfacet
  facet normal 0.000000e+00 0.000000e+00 1.000000e+00
    outer loop
      vertex   2.964534e+01 2.425408e+01 3.500000e+00
      vertex   2.910111e+01 2.353445e+01 3.500000e+00
      vertex   2.919322e+01 2.362546e+01 3.500000e+00
    endloop
  endfacet
  facet normal 0.000000e+00 0.000000e+00 1.000000e+00
    outer loop
      vertex   2.964534e+01 2.425408e+01 3.500000e+00
      vertex   2.919322e+01 2.362546e+01 3.500000e+00
      vertex   2.928086e+01 2.372078e+01 3.500000e+00
    endloop
  endfacet
  facet normal 0.000000e+00 0.000000e+00 1.000000e+00
    outer loop
      vertex   2.928086e+01 2.372078e+01 3.500000e+00
      vertex   2.936383e+01 2.382020e+01 3.500000e+00
      vertex   2.964534e+01 2.425408e+01 3.500000e+00
    endloop
  endfacet
  facet normal 0.000000e+00 0.000000e+00 1.000000e+00
    outer loop
      vertex   2.964534e+01 2.425408e+01 3.500000e+00
      vertex   2.936383e+01 2.382020e+01 3.500000e+00
      vertex   2.944193e+01 2.392347e+01 3.500000e+00
    endloop
  endfacet
  facet normal 0.000000e+00 0.000000e+00 1.000000e+00
    outer loop
      vertex   2.964534e+01 2.425408e+01 3.500000e+00
      vertex   2.944193e+01 2.392347e+01 3.500000e+00
      vertex   2.951500e+01 2.403038e+01 3.500000e+00
    endloop
  endfacet
  facet normal 0.000000e+00 0.000000e+00 1.000000e+00
    outer loop
      vertex   2.951500e+01 2.403038e+01 3.500000e+00
      vertex   2.958285e+01 2.414066e+01 3.500000e+00
      vertex   2.964534e+01 2.425408e+01 3.500000e+00
    endloop
  endfacet
  facet normal -0.000000e+00 -1.000000e+00 -0.000000e+00
    outer loop
      vertex   2.875000e+01 2.700000e+01 1.500000e+00
      vertex   2.575000e+01 2.700000e+01 1.500000e+00
      vertex   2.875000e+01 2.700000e+01 -3.000000e+00
    endloop
  endfacet
  facet normal 0.000000e+00 -1.000000e+00 0.000000e+00
    outer loop
      vertex   2.875000e+01 2.700000e+01 -3.000000e+00
      vertex   2.575000e+01 2.700000e+01 1.500000e+00
      vertex   2.575000e+01 2.700000e+01 -3.000000e+00
    endloop
  endfacet
  facet normal -1.000000e+00 0.000000e+00 0.000000e+00
    outer loop
      vertex   2.875000e+01 2.400000e+01 1.500000e+00
      vertex   2.875000e+01 2.700000e+01 1.500000e+00
      vertex   2.875000e+01 2.400000e+01 -3.000000e+00
    endloop
  endfacet
  facet normal -1.000000e+00 0.000000e+00 0.000000e+00
    outer loop
      vertex   2.875000e+01 2.400000e+01 -3.000000e+00
      vertex   2.875000e+01 2.700000e+01 1.500000e+00
      vertex   2.875000e+01 2.700000e+01 -3.000000e+00
    endloop
  endfacet
  facet normal 2.368476e-15 1.000000e+00 0.000000e+00
    outer loop
      vertex   2.575000e+01 2.400000e+01 1.500000e+00
      vertex   2.875000e+01 2.400000e+01 1.500000e+00
      vertex   2.575000e+01 2.400000e+01 -3.000000e+00
    endloop
  endfacet
  facet normal 2.368476e-15 1.000000e+00 0.000000e+00
    outer loop
      vertex   2.575000e+01 2.400000e+01 -3.000000e+00
      vertex   2.875000e+01 2.400000e+01 1.500000e+00
      vertex   2.875000e+01 2.400000e+01 -3.000000e+00
    endloop
  endfacet
  facet normal 1.000000e+00 0.000000e+00 0.000000e+00
    outer loop
      vertex   2.575000e+01 2.700000e+01 1.500000e+00
      vertex   2.575000e+01 2.400000e+01 1.500000e+00
      vertex   2.575000e+01 2.700000e+01 -3.000000e+00
    endloop
  endfacet
  facet normal 1.000000e+00 0.000000e+00 0.000000e+00
    outer loop
      vertex   2.575000e+01 2.700000e+01 -3.000000e+00
      vertex   2.575000e+01 2.400000e+01 1.500000e+00
      vertex   2.575000e+01 2.400000e+01 -3.000000e+00
    endloop
  endfacet
  facet normal 0.000000e+00 -0.000000e+00 -1.000000e+00
    outer loop
      vertex   2.225311e+01 2.567646e+01 -3.000000e+00
      vertex   2.575000e+01 2.700000e+01 -3.000000e+00
      vertex   2.225000e+01 2.550000e+01 -3.000000e+00
    endloop
  endfacet
  facet normal 0.000000e+00 0.000000e+00 -1.000000e+00
    outer loop
      vertex   2.225000e+01 2.550000e+01 -3.000000e+00
      vertex   2.575000e+01 2.700000e+01 -3.000000e+00
      vertex   2.575000e+01 2.400000e+01 -3.000000e+00
    endloop
  endfacet
  facet normal 0.000000e+00 0.000000e+00 -1.000000e+00
    outer loop
      vertex   2.225000e+01 2.550000e+01 -3.000000e+00
      vertex   2.575000e+01 2.400000e+01 -3.000000e+00
      vertex   2.225311e+01 2.532354e+01 -3.000000e+00
    endloop
  endfacet
  facet normal 0.000000e+00 0.000000e+00 -1.000000e+00
    outer loop
      vertex   2.225311e+01 2.532354e+01 -3.000000e+00
      vertex   2.575000e+01 2.400000e+01 -3.000000e+00
      vertex   2.226245e+01 2.514731e+01 -3.000000e+00
    endloop
  endfacet
  facet normal 0.000000e+00 0.000000e+00 -1.000000e+00
    outer loop
      vertex   2.226245e+01 2.514731e+01 -3.000000e+00
      vertex   2.575000e+01 2.400000e+01 -3.000000e+00
      vertex   2.227801e+01 2.497151e+01 -3.000000e+00
    endloop
  endfacet
  facet normal 0.000000e+00 0.000000e+00 -1.000000e+00
    outer loop
      vertex   2.227801e+01 2.497151e+01 -3.000000e+00
      vertex   2.575000e+01 2.400000e+01 -3.000000e+00
      vertex   2.229976e+01 2.479637e+01 -3.000000e+00
    endloop
  endfacet
  facet normal 0.000000e+00 0.000000e+00 -1.000000e+00
    outer loop
      vertex   2.229976e+01 2.479637e+01 -3.000000e+00
      vertex   2.575000e+01 2.400000e+01 -3.000000e+00
      vertex   2.232767e+01 2.462210e+01 -3.000000e+00
    endloop
  endfacet
  facet normal 0.000000e+00 0.000000e+00 -1.000000e+00
    outer loop
      vertex   2.232767e+01 2.462210e+01 -3.000000e+00
      vertex   2.575000e+01 2.400000e+01 -3.000000e+00
      vertex   2.236172e+01 2.444894e+01 -3.000000e+00
    endloop
  endfacet
  facet normal 0.000000e+00 0.000000e+00 -1.000000e+00
    outer loop
      vertex   2.236172e+01 2.444894e+01 -3.000000e+00
      vertex   2.575000e+01 2.400000e+01 -3.000000e+00
      vertex   2.240186e+01 2.427708e+01 -3.000000e+00
    endloop
  endfacet
  facet normal 0.000000e+00 0.000000e+00 -1.000000e+00
    outer loop
      vertex   2.240186e+01 2.427708e+01 -3.000000e+00
      vertex   2.575000e+01 2.400000e+01 -3.000000e+00
      vertex   2.244804e+01 2.410674e+01 -3.000000e+00
    endloop
  endfacet
  facet normal 0.000000e+00 0.000000e+00 -1.000000e+00
    outer loop
      vertex   2.244804e+01 2.410674e+01 -3.000000e+00
      vertex   2.575000e+01 2.400000e+01 -3.000000e+00
      vertex   2.250020e+01 2.393814e+01 -3.000000e+00
    endloop
  endfacet
  facet normal 0.000000e+00 0.000000e+00 -1.000000e+00
    outer loop
      vertex   2.250020e+01 2.393814e+01 -3.000000e+00
      vertex   2.575000e+01 2.400000e+01 -3.000000e+00
      vertex   2.255828e+01 2.377148e+01 -3.000000e+00
    endloop
  endfacet
  facet normal 0.000000e+00 0.000000e+00 -1.000000e+00
    outer loop
      vertex   2.255828e+01 2.377148e+01 -3.000000e+00
      vertex   2.575000e+01 2.400000e+01 -3.000000e+00
      vertex   2.262220e+01 2.360698e+01 -3.000000e+00
    endloop
  endfacet
  facet normal 0.000000e+00 0.000000e+00 -1.000000e+00
    outer loop
      vertex   2.262220e+01 2.360698e+01 -3.000000e+00
      vertex   2.575000e+01 2.400000e+01 -3.000000e+00
      vertex   2.269189e+01 2.344484e+01 -3.000000e+00
    endloop
  endfacet
  facet normal 0.000000e+00 0.000000e+00 -1.000000e+00
    outer loop
      vertex   2.269189e+01 2.344484e+01 -3.000000e+00
      vertex   2.575000e+01 2.400000e+01 -3.000000e+00
      vertex   2.276726e+01 2.328526e+01 -3.000000e+00
    endloop
  endfacet
  facet normal 0.000000e+00 0.000000e+00 -1.000000e+00
    outer loop
      vertex   2.276726e+01 2.328526e+01 -3.000000e+00
      vertex   2.575000e+01 2.400000e+01 -3.000000e+00
      vertex   2.284822e+01 2.312844e+01 -3.000000e+00
    endloop
  endfacet
  facet normal 0.000000e+00 0.000000e+00 -1.000000e+00
    outer loop
      vertex   2.284822e+01 2.312844e+01 -3.000000e+00
      vertex   2.575000e+01 2.400000e+01 -3.000000e+00
      vertex   2.293466e+01 2.297457e+01 -3.000000e+00
    endloop
  endfacet
  facet normal 0.000000e+00 0.000000e+00 -1.000000e+00
    outer loop
      vertex   2.293466e+01 2.297457e+01 -3.000000e+00
      vertex   2.575000e+01 2.400000e+01 -3.000000e+00
      vertex   2.302647e+01 2.282385e+01 -3.000000e+00
    endloop
  endfacet
  facet normal 0.000000e+00 0.000000e+00 -1.000000e+00
    outer loop
      vertex   2.302647e+01 2.282385e+01 -3.000000e+00
      vertex   2.575000e+01 2.400000e+01 -3.000000e+00
      vertex   2.312355e+01 2.267646e+01 -3.000000e+00
    endloop
  endfacet
  facet normal 0.000000e+00 0.000000e+00 -1.000000e+00
    outer loop
      vertex   2.312355e+01 2.267646e+01 -3.000000e+00
      vertex   2.575000e+01 2.400000e+01 -3.000000e+00
      vertex   2.322576e+01 2.253259e+01 -3.000000e+00
    endloop
  endfacet
  facet normal 0.000000e+00 0.000000e+00 -1.000000e+00
    outer loop
      vertex   2.322576e+01 2.253259e+01 -3.000000e+00
      vertex   2.575000e+01 2.400000e+01 -3.000000e+00
      vertex   2.333299e+01 2.239242e+01 -3.000000e+00
    endloop
  endfacet
  facet normal 0.000000e+00 0.000000e+00 -1.000000e+00
    outer loop
      vertex   2.333299e+01 2.239242e+01 -3.000000e+00
      vertex   2.575000e+01 2.400000e+01 -3.000000e+00
      vertex   2.344511e+01 2.225612e+01 -3.000000e+00
    endloop
  endfacet
  facet normal 0.000000e+00 0.000000e+00 -1.000000e+00
    outer loop
      vertex   2.344511e+01 2.225612e+01 -3.000000e+00
      vertex   2.575000e+01 2.400000e+01 -3.000000e+00
      vertex   2.356196e+01 2.212386e+01 -3.000000e+00
    endloop
  endfacet
  facet normal 0.000000e+00 0.000000e+00 -1.000000e+00
    outer loop
      vertex   2.356196e+01 2.212386e+01 -3.000000e+00
      vertex   2.575000e+01 2.400000e+01 -3.000000e+00
      vertex   2.368340e+01 2.199580e+01 -3.000000e+00
    endloop
  endfacet
  facet normal 0.000000e+00 0.000000e+00 -1.000000e+00
    outer loop
      vertex   2.368340e+01 2.199580e+01 -3.000000e+00
      vertex   2.575000e+01 2.400000e+01 -3.000000e+00
      vertex   2.380929e+01 2.187212e+01 -3.000000e+00
    endloop
  endfacet
  facet normal 0.000000e+00 0.000000e+00 -1.000000e+00
    outer loop
      vertex   2.380929e+01 2.187212e+01 -3.000000e+00
      vertex   2.575000e+01 2.400000e+01 -3.000000e+00
      vertex   2.393947e+01 2.175295e+01 -3.000000e+00
    endloop
  endfacet
  facet normal 0.000000e+00 0.000000e+00 -1.000000e+00
    outer loop
      vertex   2.393947e+01 2.175295e+01 -3.000000e+00
      vertex   2.575000e+01 2.400000e+01 -3.000000e+00
      vertex   2.407377e+01 2.163845e+01 -3.000000e+00
    endloop
  endfacet
  facet normal 0.000000e+00 0.000000e+00 -1.000000e+00
    outer loop
      vertex   2.407377e+01 2.163845e+01 -3.000000e+00
      vertex   2.575000e+01 2.400000e+01 -3.000000e+00
      vertex   2.421203e+01 2.152876e+01 -3.000000e+00
    endloop
  endfacet
  facet normal 0.000000e+00 0.000000e+00 -1.000000e+00
    outer loop
      vertex   2.421203e+01 2.152876e+01 -3.000000e+00
      vertex   2.575000e+01 2.400000e+01 -3.000000e+00
      vertex   2.435407e+01 2.142402e+01 -3.000000e+00
    endloop
  endfacet
  facet normal 0.000000e+00 0.000000e+00 -1.000000e+00
    outer loop
      vertex   2.435407e+01 2.142402e+01 -3.000000e+00
      vertex   2.575000e+01 2.400000e+01 -3.000000e+00
      vertex   2.449972e+01 2.132436e+01 -3.000000e+00
    endloop
  endfacet
  facet normal 0.000000e+00 0.000000e+00 -1.000000e+00
    outer loop
      vertex   2.449972e+01 2.132436e+01 -3.000000e+00
      vertex   2.575000e+01 2.400000e+01 -3.000000e+00
      vertex   2.464880e+01 2.122990e+01 -3.000000e+00
    endloop
  endfacet
  facet normal 0.000000e+00 0.000000e+00 -1.000000e+00
    outer loop
      vertex   2.464880e+01 2.122990e+01 -3.000000e+00
      vertex   2.575000e+01 2.400000e+01 -3.000000e+00
      vertex   2.480112e+01 2.114076e+01 -3.000000e+00
    endloop
  endfacet
  facet normal 0.000000e+00 0.000000e+00 -1.000000e+00
    outer loop
      vertex   2.480112e+01 2.114076e+01 -3.000000e+00
      vertex   2.575000e+01 2.400000e+01 -3.000000e+00
      vertex   2.495649e+01 2.105705e+01 -3.000000e+00
    endloop
  endfacet
  facet normal 0.000000e+00 0.000000e+00 -1.000000e+00
    outer loop
      vertex   2.495649e+01 2.105705e+01 -3.000000e+00
      vertex   2.575000e+01 2.400000e+01 -3.000000e+00
      vertex   2.511472e+01 2.097888e+01 -3.000000e+00
    endloop
  endfacet
  facet normal 0.000000e+00 0.000000e+00 -1.000000e+00
    outer loop
      vertex   2.511472e+01 2.097888e+01 -3.000000e+00
      vertex   2.575000e+01 2.400000e+01 -3.000000e+00
      vertex   2.527561e+01 2.090633e+01 -3.000000e+00
    endloop
  endfacet
  facet normal 0.000000e+00 0.000000e+00 -1.000000e+00
    outer loop
      vertex   2.527561e+01 2.090633e+01 -3.000000e+00
      vertex   2.575000e+01 2.400000e+01 -3.000000e+00
      vertex   2.543895e+01 2.083952e+01 -3.000000e+00
    endloop
  endfacet
  facet normal 0.000000e+00 0.000000e+00 -1.000000e+00
    outer loop
      vertex   2.543895e+01 2.083952e+01 -3.000000e+00
      vertex   2.575000e+01 2.400000e+01 -3.000000e+00
      vertex   2.560456e+01 2.077851e+01 -3.000000e+00
    endloop
  endfacet
  facet normal 0.000000e+00 0.000000e+00 -1.000000e+00
    outer loop
      vertex   2.560456e+01 2.077851e+01 -3.000000e+00
      vertex   2.575000e+01 2.400000e+01 -3.000000e+00
      vertex   2.577221e+01 2.072338e+01 -3.000000e+00
    endloop
  endfacet
  facet normal 0.000000e+00 0.000000e+00 -1.000000e+00
    outer loop
      vertex   2.577221e+01 2.072338e+01 -3.000000e+00
      vertex   2.575000e+01 2.400000e+01 -3.000000e+00
      vertex   2.594170e+01 2.067420e+01 -3.000000e+00
    endloop
  endfacet
  facet normal 0.000000e+00 0.000000e+00 -1.000000e+00
    outer loop
      vertex   2.594170e+01 2.067420e+01 -3.000000e+00
      vertex   2.575000e+01 2.400000e+01 -3.000000e+00
      vertex   2.611283e+01 2.063103e+01 -3.000000e+00
    endloop
  endfacet
  facet normal 0.000000e+00 0.000000e+00 -1.000000e+00
    outer loop
      vertex   2.611283e+01 2.063103e+01 -3.000000e+00
      vertex   2.575000e+01 2.400000e+01 -3.000000e+00
      vertex   2.628537e+01 2.059393e+01 -3.000000e+00
    endloop
  endfacet
  facet normal 0.000000e+00 0.000000e+00 -1.000000e+00
    outer loop
      vertex   2.628537e+01 2.059393e+01 -3.000000e+00
      vertex   2.575000e+01 2.400000e+01 -3.000000e+00
      vertex   2.645911e+01 2.056295e+01 -3.000000e+00
    endloop
  endfacet
  facet normal 0.000000e+00 0.000000e+00 -1.000000e+00
    outer loop
      vertex   2.645911e+01 2.056295e+01 -3.000000e+00
      vertex   2.575000e+01 2.400000e+01 -3.000000e+00
      vertex   2.663384e+01 2.053811e+01 -3.000000e+00
    endloop
  endfacet
  facet normal 0.000000e+00 0.000000e+00 -1.000000e+00
    outer loop
      vertex   2.663384e+01 2.053811e+01 -3.000000e+00
      vertex   2.575000e+01 2.400000e+01 -3.000000e+00
      vertex   2.680934e+01 2.051946e+01 -3.000000e+00
    endloop
  endfacet
  facet normal 0.000000e+00 0.000000e+00 -1.000000e+00
    outer loop
      vertex   2.680934e+01 2.051946e+01 -3.000000e+00
      vertex   2.575000e+01 2.400000e+01 -3.000000e+00
      vertex   2.698538e+01 2.050701e+01 -3.000000e+00
    endloop
  endfacet
  facet normal 0.000000e+00 0.000000e+00 -1.000000e+00
    outer loop
      vertex   2.698538e+01 2.050701e+01 -3.000000e+00
      vertex   2.575000e+01 2.400000e+01 -3.000000e+00
      vertex   2.716176e+01 2.050078e+01 -3.000000e+00
    endloop
  endfacet
  facet normal 0.000000e+00 0.000000e+00 -1.000000e+00
    outer loop
      vertex   2.716176e+01 2.050078e+01 -3.000000e+00
      vertex   2.575000e+01 2.400000e+01 -3.000000e+00
      vertex   2.875000e+01 2.400000e+01 -3.000000e+00
    endloop
  endfacet
  facet normal 0.000000e+00 0.000000e+00 -1.000000e+00
    outer loop
      vertex   2.716176e+01 2.050078e+01 -3.000000e+00
      vertex   2.875000e+01 2.400000e+01 -3.000000e+00
      vertex   2.733824e+01 2.050078e+01 -3.000000e+00
    endloop
  endfacet
  facet normal 0.000000e+00 0.000000e+00 -1.000000e+00
    outer loop
      vertex   2.733824e+01 2.050078e+01 -3.000000e+00
      vertex   2.875000e+01 2.400000e+01 -3.000000e+00
      vertex   2.751462e+01 2.050701e+01 -3.000000e+00
    endloop
  endfacet
  facet normal 0.000000e+00 0.000000e+00 -1.000000e+00
    outer loop
      vertex   2.751462e+01 2.050701e+01 -3.000000e+00
      vertex   2.875000e+01 2.400000e+01 -3.000000e+00
      vertex   2.769066e+01 2.051946e+01 -3.000000e+00
    endloop
  endfacet
  facet normal 0.000000e+00 0.000000e+00 -1.000000e+00
    outer loop
      vertex   2.769066e+01 2.051946e+01 -3.000000e+00
      vertex   2.875000e+01 2.400000e+01 -3.000000e+00
      vertex   2.786616e+01 2.053811e+01 -3.000000e+00
    endloop
  endfacet
  facet normal 0.000000e+00 0.000000e+00 -1.000000e+00
    outer loop
      vertex   2.786616e+01 2.053811e+01 -3.000000e+00
      vertex   2.875000e+01 2.400000e+01 -3.000000e+00
      vertex   2.804089e+01 2.056295e+01 -3.000000e+00
    endloop
  endfacet
  facet normal 0.000000e+00 0.000000e+00 -1.000000e+00
    outer loop
      vertex   2.804089e+01 2.056295e+01 -3.000000e+00
      vertex   2.875000e+01 2.400000e+01 -3.000000e+00
      vertex   2.821463e+01 2.059393e+01 -3.000000e+00
    endloop
  endfacet
  facet normal 0.000000e+00 0.000000e+00 -1.000000e+00
    outer loop
      vertex   2.821463e+01 2.059393e+01 -3.000000e+00
      vertex   2.875000e+01 2.400000e+01 -3.000000e+00
      vertex   2.838717e+01 2.063103e+01 -3.000000e+00
    endloop
  endfacet
  facet normal 0.000000e+00 0.000000e+00 -1.000000e+00
    outer loop
      vertex   2.838717e+01 2.063103e+01 -3.000000e+00
      vertex   2.875000e+01 2.400000e+01 -3.000000e+00
      vertex   2.855830e+01 2.067420e+01 -3.000000e+00
    endloop
  endfacet
  facet normal 0.000000e+00 0.000000e+00 -1.000000e+00
    outer loop
      vertex   2.855830e+01 2.067420e+01 -3.000000e+00
      vertex   2.875000e+01 2.400000e+01 -3.000000e+00
      vertex   2.872779e+01 2.072338e+01 -3.000000e+00
    endloop
  endfacet
  facet normal 0.000000e+00 0.000000e+00 -1.000000e+00
    outer loop
      vertex   2.872779e+01 2.072338e+01 -3.000000e+00
      vertex   2.875000e+01 2.400000e+01 -3.000000e+00
      vertex   2.889544e+01 2.077851e+01 -3.000000e+00
    endloop
  endfacet
  facet normal 0.000000e+00 0.000000e+00 -1.000000e+00
    outer loop
      vertex   2.889544e+01 2.077851e+01 -3.000000e+00
      vertex   2.875000e+01 2.400000e+01 -3.000000e+00
      vertex   2.906105e+01 2.083952e+01 -3.000000e+00
    endloop
  endfacet
  facet normal 0.000000e+00 0.000000e+00 -1.000000e+00
    outer loop
      vertex   2.906105e+01 2.083952e+01 -3.000000e+00
      vertex   2.875000e+01 2.400000e+01 -3.000000e+00
      vertex   2.922439e+01 2.090633e+01 -3.000000e+00
    endloop
  endfacet
  facet normal 0.000000e+00 0.000000e+00 -1.000000e+00
    outer loop
      vertex   2.922439e+01 2.090633e+01 -3.000000e+00
      vertex   2.875000e+01 2.400000e+01 -3.000000e+00
      vertex   2.938528e+01 2.097888e+01 -3.000000e+00
    endloop
  endfacet
  facet normal 0.000000e+00 0.000000e+00 -1.000000e+00
    outer loop
      vertex   2.938528e+01 2.097888e+01 -3.000000e+00
      vertex   2.875000e+01 2.400000e+01 -3.000000e+00
      vertex   2.954351e+01 2.105705e+01 -3.000000e+00
    endloop
  endfacet
  facet normal 0.000000e+00 0.000000e+00 -1.000000e+00
    outer loop
      vertex   2.954351e+01 2.105705e+01 -3.000000e+00
      vertex   2.875000e+01 2.400000e+01 -3.000000e+00
      vertex   2.969888e+01 2.114076e+01 -3.000000e+00
    endloop
  endfacet
  facet normal 0.000000e+00 0.000000e+00 -1.000000e+00
    outer loop
      vertex   2.969888e+01 2.114076e+01 -3.000000e+00
      vertex   2.875000e+01 2.400000e+01 -3.000000e+00
      vertex   2.985120e+01 2.122990e+01 -3.000000e+00
    endloop
  endfacet
  facet normal 0.000000e+00 0.000000e+00 -1.000000e+00
    outer loop
      vertex   2.985120e+01 2.122990e+01 -3.000000e+00
      vertex   2.875000e+01 2.400000e+01 -3.000000e+00
      vertex   3.000028e+01 2.132436e+01 -3.000000e+00
    endloop
  endfacet
  facet normal 0.000000e+00 0.000000e+00 -1.000000e+00
    outer loop
      vertex   3.000028e+01 2.132436e+01 -3.000000e+00
      vertex   2.875000e+01 2.400000e+01 -3.000000e+00
      vertex   3.014593e+01 2.142402e+01 -3.000000e+00
    endloop
  endfacet
  facet normal 0.000000e+00 0.000000e+00 -1.000000e+00
    outer loop
      vertex   3.014593e+01 2.142402e+01 -3.000000e+00
      vertex   2.875000e+01 2.400000e+01 -3.000000e+00
      vertex   3.028797e+01 2.152876e+01 -3.000000e+00
    endloop
  endfacet
  facet normal 0.000000e+00 0.000000e+00 -1.000000e+00
    outer loop
      vertex   3.028797e+01 2.152876e+01 -3.000000e+00
      vertex   2.875000e+01 2.400000e+01 -3.000000e+00
      vertex   3.042623e+01 2.163845e+01 -3.000000e+00
    endloop
  endfacet
  facet normal 0.000000e+00 0.000000e+00 -1.000000e+00
    outer loop
      vertex   3.042623e+01 2.163845e+01 -3.000000e+00
      vertex   2.875000e+01 2.400000e+01 -3.000000e+00
      vertex   3.056053e+01 2.175295e+01 -3.000000e+00
    endloop
  endfacet
  facet normal 0.000000e+00 0.000000e+00 -1.000000e+00
    outer loop
      vertex   3.056053e+01 2.175295e+01 -3.000000e+00
      vertex   2.875000e+01 2.400000e+01 -3.000000e+00
      vertex   3.069071e+01 2.187212e+01 -3.000000e+00
    endloop
  endfacet
  facet normal 0.000000e+00 0.000000e+00 -1.000000e+00
    outer loop
      vertex   3.069071e+01 2.187212e+01 -3.000000e+00
      vertex   2.875000e+01 2.400000e+01 -3.000000e+00
      vertex   3.081660e+01 2.199580e+01 -3.000000e+00
    endloop
  endfacet
  facet normal 0.000000e+00 0.000000e+00 -1.000000e+00
    outer loop
      vertex   3.081660e+01 2.199580e+01 -3.000000e+00
      vertex   2.875000e+01 2.400000e+01 -3.000000e+00
      vertex   3.093804e+01 2.212386e+01 -3.000000e+00
    endloop
  endfacet
  facet normal 0.000000e+00 0.000000e+00 -1.000000e+00
    outer loop
      vertex   3.093804e+01 2.212386e+01 -3.000000e+00
      vertex   2.875000e+01 2.400000e+01 -3.000000e+00
      vertex   3.105489e+01 2.225612e+01 -3.000000e+00
    endloop
  endfacet
  facet normal 0.000000e+00 0.000000e+00 -1.000000e+00
    outer loop
      vertex   3.105489e+01 2.225612e+01 -3.000000e+00
      vertex   2.875000e+01 2.400000e+01 -3.000000e+00
      vertex   3.116701e+01 2.239242e+01 -3.000000e+00
    endloop
  endfacet
  facet normal 0.000000e+00 0.000000e+00 -1.000000e+00
    outer loop
      vertex   3.116701e+01 2.239242e+01 -3.000000e+00
      vertex   2.875000e+01 2.400000e+01 -3.000000e+00
      vertex   3.127424e+01 2.253259e+01 -3.000000e+00
    endloop
  endfacet
  facet normal 0.000000e+00 0.000000e+00 -1.000000e+00
    outer loop
      vertex   3.127424e+01 2.253259e+01 -3.000000e+00
      vertex   2.875000e+01 2.400000e+01 -3.000000e+00
      vertex   3.137645e+01 2.267646e+01 -3.000000e+00
    endloop
  endfacet
  facet normal 0.000000e+00 0.000000e+00 -1.000000e+00
    outer loop
      vertex   3.137645e+01 2.267646e+01 -3.000000e+00
      vertex   2.875000e+01 2.400000e+01 -3.000000e+00
      vertex   3.147353e+01 2.282385e+01 -3.000000e+00
    endloop
  endfacet
  facet normal 0.000000e+00 0.000000e+00 -1.000000e+00
    outer loop
      vertex   3.147353e+01 2.282385e+01 -3.000000e+00
      vertex   2.875000e+01 2.400000e+01 -3.000000e+00
      vertex   3.156534e+01 2.297457e+01 -3.000000e+00
    endloop
  endfacet
  facet normal 0.000000e+00 0.000000e+00 -1.000000e+00
    outer loop
      vertex   3.156534e+01 2.297457e+01 -3.000000e+00
      vertex   2.875000e+01 2.400000e+01 -3.000000e+00
      vertex   3.165178e+01 2.312844e+01 -3.000000e+00
    endloop
  endfacet
  facet normal 0.000000e+00 0.000000e+00 -1.000000e+00
    outer loop
      vertex   3.165178e+01 2.312844e+01 -3.000000e+00
      vertex   2.875000e+01 2.400000e+01 -3.000000e+00
      vertex   3.173274e+01 2.328526e+01 -3.000000e+00
    endloop
  endfacet
  facet normal 0.000000e+00 0.000000e+00 -1.000000e+00
    outer loop
      vertex   3.173274e+01 2.328526e+01 -3.000000e+00
      vertex   2.875000e+01 2.400000e+01 -3.000000e+00
      vertex   3.180811e+01 2.344484e+01 -3.000000e+00
    endloop
  endfacet
  facet normal 0.000000e+00 0.000000e+00 -1.000000e+00
    outer loop
      vertex   3.180811e+01 2.344484e+01 -3.000000e+00
      vertex   2.875000e+01 2.400000e+01 -3.000000e+00
      vertex   3.187780e+01 2.360698e+01 -3.000000e+00
    endloop
  endfacet
  facet normal 0.000000e+00 0.000000e+00 -1.000000e+00
    outer loop
      vertex   3.187780e+01 2.360698e+01 -3.000000e+00
      vertex   2.875000e+01 2.400000e+01 -3.000000e+00
      vertex   3.194172e+01 2.377148e+01 -3.000000e+00
    endloop
  endfacet
  facet normal 0.000000e+00 0.000000e+00 -1.000000e+00
    outer loop
      vertex   3.194172e+01 2.377148e+01 -3.000000e+00
      vertex   2.875000e+01 2.400000e+01 -3.000000e+00
      vertex   3.199980e+01 2.393814e+01 -3.000000e+00
    endloop
  endfacet
  facet normal 0.000000e+00 0.000000e+00 -1.000000e+00
    outer loop
      vertex   3.199980e+01 2.393814e+01 -3.000000e+00
      vertex   2.875000e+01 2.400000e+01 -3.000000e+00
      vertex   3.205196e+01 2.410674e+01 -3.000000e+00
    endloop
  endfacet
  facet normal -0.000000e+00 0.000000e+00 -1.000000e+00
    outer loop
      vertex   3.205196e+01 2.410674e+01 -3.000000e+00
      vertex   2.875000e+01 2.400000e+01 -3.000000e+00
      vertex   3.209814e+01 2.427708e+01 -3.000000e+00
    endloop
  endfacet
  facet normal -0.000000e+00 0.000000e+00 -1.000000e+00
    outer loop
      vertex   3.209814e+01 2.427708e+01 -3.000000e+00
      vertex   2.875000e+01 2.400000e+01 -3.000000e+00
      vertex   3.213828e+01 2.444894e+01 -3.000000e+00
    endloop
  endfacet
  facet normal -0.000000e+00 0.000000e+00 -1.000000e+00
    outer loop
      vertex   3.213828e+01 2.444894e+01 -3.000000e+00
      vertex   2.875000e+01 2.400000e+01 -3.000000e+00
      vertex   3.217233e+01 2.462210e+01 -3.000000e+00
    endloop
  endfacet
  facet normal -0.000000e+00 0.000000e+00 -1.000000e+00
    outer loop
      vertex   3.217233e+01 2.462210e+01 -3.000000e+00
      vertex   2.875000e+01 2.400000e+01 -3.000000e+00
      vertex   3.220024e+01 2.479637e+01 -3.000000e+00
    endloop
  endfacet
  facet normal -0.000000e+00 0.000000e+00 -1.000000e+00
    outer loop
      vertex   3.220024e+01 2.479637e+01 -3.000000e+00
      vertex   2.875000e+01 2.400000e+01 -3.000000e+00
      vertex   3.222199e+01 2.497151e+01 -3.000000e+00
    endloop
  endfacet
  facet normal -0.000000e+00 0.000000e+00 -1.000000e+00
    outer loop
      vertex   3.222199e+01 2.497151e+01 -3.000000e+00
      vertex   2.875000e+01 2.400000e+01 -3.000000e+00
      vertex   3.223755e+01 2.514731e+01 -3.000000e+00
    endloop
  endfacet
  facet normal -0.000000e+00 0.000000e+00 -1.000000e+00
    outer loop
      vertex   3.223755e+01 2.514731e+01 -3.000000e+00
      vertex   2.875000e+01 2.400000e+01 -3.000000e+00
      vertex   3.224689e+01 2.532354e+01 -3.000000e+00
    endloop
  endfacet
  facet normal -0.000000e+00 0.000000e+00 -1.000000e+00
    outer loop
      vertex   3.224689e+01 2.532354e+01 -3.000000e+00
      vertex   2.875000e+01 2.400000e+01 -3.000000e+00
      vertex   3.225000e+01 2.550000e+01 -3.000000e+00
    endloop
  endfacet
  facet normal -0.000000e+00 0.000000e+00 -1.000000e+00
    outer loop
      vertex   3.225000e+01 2.550000e+01 -3.000000e+00
      vertex   2.875000e+01 2.400000e+01 -3.000000e+00
      vertex   2.875000e+01 2.700000e+01 -3.000000e+00
    endloop
  endfacet
  facet normal 0.000000e+00 0.000000e+00 -1.000000e+00
    outer loop
      vertex   3.225000e+01 2.550000e+01 -3.000000e+00
      vertex   2.875000e+01 2.700000e+01 -3.000000e+00
      vertex   3.224689e+01 2.567646e+01 -3.000000e+00
    endloop
  endfacet
  facet normal 0.000000e+00 0.000000e+00 -1.000000e+00
    outer loop
      vertex   3.224689e+01 2.567646e+01 -3.000000e+00
      vertex   2.875000e+01 2.700000e+01 -3.000000e+00
      vertex   3.223755e+01 2.585269e+01 -3.000000e+00
    endloop
  endfacet
  facet normal 0.000000e+00 0.000000e+00 -1.000000e+00
    outer loop
      vertex   3.223755e+01 2.585269e+01 -3.000000e+00
      vertex   2.875000e+01 2.700000e+01 -3.000000e+00
      vertex   3.222199e+01 2.602849e+01 -3.000000e+00
    endloop
  endfacet
  facet normal 0.000000e+00 0.000000e+00 -1.000000e+00
    outer loop
      vertex   3.222199e+01 2.602849e+01 -3.000000e+00
      vertex   2.875000e+01 2.700000e+01 -3.000000e+00
      vertex   3.220024e+01 2.620363e+01 -3.000000e+00
    endloop
  endfacet
  facet normal 0.000000e+00 0.000000e+00 -1.000000e+00
    outer loop
      vertex   3.220024e+01 2.620363e+01 -3.000000e+00
      vertex   2.875000e+01 2.700000e+01 -3.000000e+00
      vertex   3.217233e+01 2.637790e+01 -3.000000e+00
    endloop
  endfacet
  facet normal 0.000000e+00 0.000000e+00 -1.000000e+00
    outer loop
      vertex   3.217233e+01 2.637790e+01 -3.000000e+00
      vertex   2.875000e+01 2.700000e+01 -3.000000e+00
      vertex   3.213828e+01 2.655106e+01 -3.000000e+00
    endloop
  endfacet
  facet normal 0.000000e+00 0.000000e+00 -1.000000e+00
    outer loop
      vertex   3.213828e+01 2.655106e+01 -3.000000e+00
      vertex   2.875000e+01 2.700000e+01 -3.000000e+00
      vertex   3.209814e+01 2.672292e+01 -3.000000e+00
    endloop
  endfacet
  facet normal 0.000000e+00 0.000000e+00 -1.000000e+00
    outer loop
      vertex   3.209814e+01 2.672292e+01 -3.000000e+00
      vertex   2.875000e+01 2.700000e+01 -3.000000e+00
      vertex   3.205196e+01 2.689326e+01 -3.000000e+00
    endloop
  endfacet
  facet normal 0.000000e+00 0.000000e+00 -1.000000e+00
    outer loop
      vertex   3.205196e+01 2.689326e+01 -3.000000e+00
      vertex   2.875000e+01 2.700000e+01 -3.000000e+00
      vertex   3.199980e+01 2.706186e+01 -3.000000e+00
    endloop
  endfacet
  facet normal -0.000000e+00 0.000000e+00 -1.000000e+00
    outer loop
      vertex   3.199980e+01 2.706186e+01 -3.000000e+00
      vertex   2.875000e+01 2.700000e+01 -3.000000e+00
      vertex   3.194172e+01 2.722852e+01 -3.000000e+00
    endloop
  endfacet
  facet normal -0.000000e+00 0.000000e+00 -1.000000e+00
    outer loop
      vertex   3.194172e+01 2.722852e+01 -3.000000e+00
      vertex   2.875000e+01 2.700000e+01 -3.000000e+00
      vertex   3.187780e+01 2.739302e+01 -3.000000e+00
    endloop
  endfacet
  facet normal -0.000000e+00 0.000000e+00 -1.000000e+00
    outer loop
      vertex   3.187780e+01 2.739302e+01 -3.000000e+00
      vertex   2.875000e+01 2.700000e+01 -3.000000e+00
      vertex   3.180811e+01 2.755516e+01 -3.000000e+00
    endloop
  endfacet
  facet normal -0.000000e+00 0.000000e+00 -1.000000e+00
    outer loop
      vertex   3.180811e+01 2.755516e+01 -3.000000e+00
      vertex   2.875000e+01 2.700000e+01 -3.000000e+00
      vertex   3.173274e+01 2.771474e+01 -3.000000e+00
    endloop
  endfacet
  facet normal -0.000000e+00 0.000000e+00 -1.000000e+00
    outer loop
      vertex   3.173274e+01 2.771474e+01 -3.000000e+00
      vertex   2.875000e+01 2.700000e+01 -3.000000e+00
      vertex   3.165178e+01 2.787156e+01 -3.000000e+00
    endloop
  endfacet
  facet normal -0.000000e+00 0.000000e+00 -1.000000e+00
    outer loop
      vertex   3.165178e+01 2.787156e+01 -3.000000e+00
      vertex   2.875000e+01 2.700000e+01 -3.000000e+00
      vertex   3.156534e+01 2.802543e+01 -3.000000e+00
    endloop
  endfacet
  facet normal -0.000000e+00 0.000000e+00 -1.000000e+00
    outer loop
      vertex   3.156534e+01 2.802543e+01 -3.000000e+00
      vertex   2.875000e+01 2.700000e+01 -3.000000e+00
      vertex   3.147353e+01 2.817615e+01 -3.000000e+00
    endloop
  endfacet
  facet normal -0.000000e+00 0.000000e+00 -1.000000e+00
    outer loop
      vertex   3.147353e+01 2.817615e+01 -3.000000e+00
      vertex   2.875000e+01 2.700000e+01 -3.000000e+00
      vertex   3.137645e+01 2.832354e+01 -3.000000e+00
    endloop
  endfacet
  facet normal -0.000000e+00 0.000000e+00 -1.000000e+00
    outer loop
      vertex   3.137645e+01 2.832354e+01 -3.000000e+00
      vertex   2.875000e+01 2.700000e+01 -3.000000e+00
      vertex   3.127424e+01 2.846741e+01 -3.000000e+00
    endloop
  endfacet
  facet normal -0.000000e+00 0.000000e+00 -1.000000e+00
    outer loop
      vertex   3.127424e+01 2.846741e+01 -3.000000e+00
      vertex   2.875000e+01 2.700000e+01 -3.000000e+00
      vertex   3.116701e+01 2.860758e+01 -3.000000e+00
    endloop
  endfacet
  facet normal -0.000000e+00 0.000000e+00 -1.000000e+00
    outer loop
      vertex   3.116701e+01 2.860758e+01 -3.000000e+00
      vertex   2.875000e+01 2.700000e+01 -3.000000e+00
      vertex   3.105489e+01 2.874388e+01 -3.000000e+00
    endloop
  endfacet
  facet normal -0.000000e+00 0.000000e+00 -1.000000e+00
    outer loop
      vertex   3.105489e+01 2.874388e+01 -3.000000e+00
      vertex   2.875000e+01 2.700000e+01 -3.000000e+00
      vertex   3.093804e+01 2.887614e+01 -3.000000e+00
    endloop
  endfacet
  facet normal -0.000000e+00 0.000000e+00 -1.000000e+00
    outer loop
      vertex   3.093804e+01 2.887614e+01 -3.000000e+00
      vertex   2.875000e+01 2.700000e+01 -3.000000e+00
      vertex   3.081660e+01 2.900420e+01 -3.000000e+00
    endloop
  endfacet
  facet normal -0.000000e+00 0.000000e+00 -1.000000e+00
    outer loop
      vertex   3.081660e+01 2.900420e+01 -3.000000e+00
      vertex   2.875000e+01 2.700000e+01 -3.000000e+00
      vertex   3.069071e+01 2.912788e+01 -3.000000e+00
    endloop
  endfacet
  facet normal -0.000000e+00 0.000000e+00 -1.000000e+00
    outer loop
      vertex   3.069071e+01 2.912788e+01 -3.000000e+00
      vertex   2.875000e+01 2.700000e+01 -3.000000e+00
      vertex   3.056053e+01 2.924705e+01 -3.000000e+00
    endloop
  endfacet
  facet normal -0.000000e+00 0.000000e+00 -1.000000e+00
    outer loop
      vertex   3.056053e+01 2.924705e+01 -3.000000e+00
      vertex   2.875000e+01 2.700000e+01 -3.000000e+00
      vertex   3.042623e+01 2.936155e+01 -3.000000e+00
    endloop
  endfacet
  facet normal -0.000000e+00 0.000000e+00 -1.000000e+00
    outer loop
      vertex   3.042623e+01 2.936155e+01 -3.000000e+00
      vertex   2.875000e+01 2.700000e+01 -3.000000e+00
      vertex   3.028797e+01 2.947124e+01 -3.000000e+00
    endloop
  endfacet
  facet normal -0.000000e+00 0.000000e+00 -1.000000e+00
    outer loop
      vertex   3.028797e+01 2.947124e+01 -3.000000e+00
      vertex   2.875000e+01 2.700000e+01 -3.000000e+00
      vertex   3.014593e+01 2.957598e+01 -3.000000e+00
    endloop
  endfacet
  facet normal -0.000000e+00 0.000000e+00 -1.000000e+00
    outer loop
      vertex   3.014593e+01 2.957598e+01 -3.000000e+00
      vertex   2.875000e+01 2.700000e+01 -3.000000e+00
      vertex   3.000028e+01 2.967564e+01 -3.000000e+00
    endloop
  endfacet
  facet normal -0.000000e+00 0.000000e+00 -1.000000e+00
    outer loop
      vertex   3.000028e+01 2.967564e+01 -3.000000e+00
      vertex   2.875000e+01 2.700000e+01 -3.000000e+00
      vertex   2.985120e+01 2.977010e+01 -3.000000e+00
    endloop
  endfacet
  facet normal -0.000000e+00 0.000000e+00 -1.000000e+00
    outer loop
      vertex   2.985120e+01 2.977010e+01 -3.000000e+00
      vertex   2.875000e+01 2.700000e+01 -3.000000e+00
      vertex   2.969888e+01 2.985924e+01 -3.000000e+00
    endloop
  endfacet
  facet normal -0.000000e+00 0.000000e+00 -1.000000e+00
    outer loop
      vertex   2.969888e+01 2.985924e+01 -3.000000e+00
      vertex   2.875000e+01 2.700000e+01 -3.000000e+00
      vertex   2.954351e+01 2.994295e+01 -3.000000e+00
    endloop
  endfacet
  facet normal -0.000000e+00 0.000000e+00 -1.000000e+00
    outer loop
      vertex   2.954351e+01 2.994295e+01 -3.000000e+00
      vertex   2.875000e+01 2.700000e+01 -3.000000e+00
      vertex   2.938528e+01 3.002112e+01 -3.000000e+00
    endloop
  endfacet
  facet normal -0.000000e+00 0.000000e+00 -1.000000e+00
    outer loop
      vertex   2.938528e+01 3.002112e+01 -3.000000e+00
      vertex   2.875000e+01 2.700000e+01 -3.000000e+00
      vertex   2.922439e+01 3.009367e+01 -3.000000e+00
    endloop
  endfacet
  facet normal -0.000000e+00 0.000000e+00 -1.000000e+00
    outer loop
      vertex   2.922439e+01 3.009367e+01 -3.000000e+00
      vertex   2.875000e+01 2.700000e+01 -3.000000e+00
      vertex   2.906105e+01 3.016048e+01 -3.000000e+00
    endloop
  endfacet
  facet normal -0.000000e+00 0.000000e+00 -1.000000e+00
    outer loop
      vertex   2.906105e+01 3.016048e+01 -3.000000e+00
      vertex   2.875000e+01 2.700000e+01 -3.000000e+00
      vertex   2.889544e+01 3.022149e+01 -3.000000e+00
    endloop
  endfacet
  facet normal -0.000000e+00 0.000000e+00 -1.000000e+00
    outer loop
      vertex   2.889544e+01 3.022149e+01 -3.000000e+00
      vertex   2.875000e+01 2.700000e+01 -3.000000e+00
      vertex   2.872779e+01 3.027662e+01 -3.000000e+00
    endloop
  endfacet
  facet normal -0.000000e+00 -0.000000e+00 -1.000000e+00
    outer loop
      vertex   2.872779e+01 3.027662e+01 -3.000000e+00
      vertex   2.875000e+01 2.700000e+01 -3.000000e+00
      vertex   2.855830e+01 3.032580e+01 -3.000000e+00
    endloop
  endfacet
  facet normal -0.000000e+00 -0.000000e+00 -1.000000e+00
    outer loop
      vertex   2.855830e+01 3.032580e+01 -3.000000e+00
      vertex   2.875000e+01 2.700000e+01 -3.000000e+00
      vertex   2.838717e+01 3.036897e+01 -3.000000e+00
    endloop
  endfacet
  facet normal -0.000000e+00 -0.000000e+00 -1.000000e+00
    outer loop
      vertex   2.838717e+01 3.036897e+01 -3.000000e+00
      vertex   2.875000e+01 2.700000e+01 -3.000000e+00
      vertex   2.821463e+01 3.040607e+01 -3.000000e+00
    endloop
  endfacet
  facet normal -0.000000e+00 -0.000000e+00 -1.000000e+00
    outer loop
      vertex   2.821463e+01 3.040607e+01 -3.000000e+00
      vertex   2.875000e+01 2.700000e+01 -3.000000e+00
      vertex   2.804089e+01 3.043705e+01 -3.000000e+00
    endloop
  endfacet
  facet normal -0.000000e+00 -0.000000e+00 -1.000000e+00
    outer loop
      vertex   2.804089e+01 3.043705e+01 -3.000000e+00
      vertex   2.875000e+01 2.700000e+01 -3.000000e+00
      vertex   2.786616e+01 3.046189e+01 -3.000000e+00
    endloop
  endfacet
  facet normal -0.000000e+00 -0.000000e+00 -1.000000e+00
    outer loop
      vertex   2.786616e+01 3.046189e+01 -3.000000e+00
      vertex   2.875000e+01 2.700000e+01 -3.000000e+00
      vertex   2.769066e+01 3.048054e+01 -3.000000e+00
    endloop
  endfacet
  facet normal -0.000000e+00 -0.000000e+00 -1.000000e+00
    outer loop
      vertex   2.769066e+01 3.048054e+01 -3.000000e+00
      vertex   2.875000e+01 2.700000e+01 -3.000000e+00
      vertex   2.751462e+01 3.049299e+01 -3.000000e+00
    endloop
  endfacet
  facet normal -0.000000e+00 -0.000000e+00 -1.000000e+00
    outer loop
      vertex   2.751462e+01 3.049299e+01 -3.000000e+00
      vertex   2.875000e+01 2.700000e+01 -3.000000e+00
      vertex   2.733824e+01 3.049922e+01 -3.000000e+00
    endloop
  endfacet
  facet normal 0.000000e+00 -0.000000e+00 -1.000000e+00
    outer loop
      vertex   2.733824e+01 3.049922e+01 -3.000000e+00
      vertex   2.875000e+01 2.700000e+01 -3.000000e+00
      vertex   2.575000e+01 2.700000e+01 -3.000000e+00
    endloop
  endfacet
  facet normal -0.000000e+00 0.000000e+00 -1.000000e+00
    outer loop
      vertex   2.733824e+01 3.049922e+01 -3.000000e+00
      vertex   2.575000e+01 2.700000e+01 -3.000000e+00
      vertex   2.716176e+01 3.049922e+01 -3.000000e+00
    endloop
  endfacet
  facet normal 0.000000e+00 0.000000e+00 -1.000000e+00
    outer loop
      vertex   2.716176e+01 3.049922e+01 -3.000000e+00
      vertex   2.575000e+01 2.700000e+01 -3.000000e+00
      vertex   2.698538e+01 3.049299e+01 -3.000000e+00
    endloop
  endfacet
  facet normal 0.000000e+00 0.000000e+00 -1.000000e+00
    outer loop
      vertex   2.698538e+01 3.049299e+01 -3.000000e+00
      vertex   2.575000e+01 2.700000e+01 -3.000000e+00
      vertex   2.680934e+01 3.048054e+01 -3.000000e+00
    endloop
  endfacet
  facet normal 0.000000e+00 0.000000e+00 -1.000000e+00
    outer loop
      vertex   2.680934e+01 3.048054e+01 -3.000000e+00
      vertex   2.575000e+01 2.700000e+01 -3.000000e+00
      vertex   2.663384e+01 3.046189e+01 -3.000000e+00
    endloop
  endfacet
  facet normal 0.000000e+00 0.000000e+00 -1.000000e+00
    outer loop
      vertex   2.663384e+01 3.046189e+01 -3.000000e+00
      vertex   2.575000e+01 2.700000e+01 -3.000000e+00
      vertex   2.645911e+01 3.043705e+01 -3.000000e+00
    endloop
  endfacet
  facet normal 0.000000e+00 0.000000e+00 -1.000000e+00
    outer loop
      vertex   2.645911e+01 3.043705e+01 -3.000000e+00
      vertex   2.575000e+01 2.700000e+01 -3.000000e+00
      vertex   2.628537e+01 3.040607e+01 -3.000000e+00
    endloop
  endfacet
  facet normal 0.000000e+00 0.000000e+00 -1.000000e+00
    outer loop
      vertex   2.628537e+01 3.040607e+01 -3.000000e+00
      vertex   2.575000e+01 2.700000e+01 -3.000000e+00
      vertex   2.611283e+01 3.036897e+01 -3.000000e+00
    endloop
  endfacet
  facet normal 0.000000e+00 0.000000e+00 -1.000000e+00
    outer loop
      vertex   2.611283e+01 3.036897e+01 -3.000000e+00
      vertex   2.575000e+01 2.700000e+01 -3.000000e+00
      vertex   2.594170e+01 3.032580e+01 -3.000000e+00
    endloop
  endfacet
  facet normal 0.000000e+00 0.000000e+00 -1.000000e+00
    outer loop
      vertex   2.594170e+01 3.032580e+01 -3.000000e+00
      vertex   2.575000e+01 2.700000e+01 -3.000000e+00
      vertex   2.577221e+01 3.027662e+01 -3.000000e+00
    endloop
  endfacet
  facet normal 0.000000e+00 0.000000e+00 -1.000000e+00
    outer loop
      vertex   2.577221e+01 3.027662e+01 -3.000000e+00
      vertex   2.575000e+01 2.700000e+01 -3.000000e+00
      vertex   2.560456e+01 3.022149e+01 -3.000000e+00
    endloop
  endfacet
  facet normal 0.000000e+00 -0.000000e+00 -1.000000e+00
    outer loop
      vertex   2.560456e+01 3.022149e+01 -3.000000e+00
      vertex   2.575000e+01 2.700000e+01 -3.000000e+00
      vertex   2.543895e+01 3.016048e+01 -3.000000e+00
    endloop
  endfacet
  facet normal 0.000000e+00 -0.000000e+00 -1.000000e+00
    outer loop
      vertex   2.543895e+01 3.016048e+01 -3.000000e+00
      vertex   2.575000e+01 2.700000e+01 -3.000000e+00
      vertex   2.527561e+01 3.009367e+01 -3.000000e+00
    endloop
  endfacet
  facet normal 0.000000e+00 -0.000000e+00 -1.000000e+00
    outer loop
      vertex   2.527561e+01 3.009367e+01 -3.000000e+00
      vertex   2.575000e+01 2.700000e+01 -3.000000e+00
      vertex   2.511472e+01 3.002112e+01 -3.000000e+00
    endloop
  endfacet
  facet normal 0.000000e+00 -0.000000e+00 -1.000000e+00
    outer loop
      vertex   2.511472e+01 3.002112e+01 -3.000000e+00
      vertex   2.575000e+01 2.700000e+01 -3.000000e+00
      vertex   2.495649e+01 2.994295e+01 -3.000000e+00
    endloop
  endfacet
  facet normal 0.000000e+00 -0.000000e+00 -1.000000e+00
    outer loop
      vertex   2.495649e+01 2.994295e+01 -3.000000e+00
      vertex   2.575000e+01 2.700000e+01 -3.000000e+00
      vertex   2.480112e+01 2.985924e+01 -3.000000e+00
    endloop
  endfacet
  facet normal 0.000000e+00 -0.000000e+00 -1.000000e+00
    outer loop
      vertex   2.480112e+01 2.985924e+01 -3.000000e+00
      vertex   2.575000e+01 2.700000e+01 -3.000000e+00
      vertex   2.464880e+01 2.977010e+01 -3.000000e+00
    endloop
  endfacet
  facet normal 0.000000e+00 -0.000000e+00 -1.000000e+00
    outer loop
      vertex   2.464880e+01 2.977010e+01 -3.000000e+00
      vertex   2.575000e+01 2.700000e+01 -3.000000e+00
      vertex   2.449972e+01 2.967564e+01 -3.000000e+00
    endloop
  endfacet
  facet normal 0.000000e+00 -0.000000e+00 -1.000000e+00
    outer loop
      vertex   2.449972e+01 2.967564e+01 -3.000000e+00
      vertex   2.575000e+01 2.700000e+01 -3.000000e+00
      vertex   2.435407e+01 2.957598e+01 -3.000000e+00
    endloop
  endfacet
  facet normal 0.000000e+00 -0.000000e+00 -1.000000e+00
    outer loop
      vertex   2.435407e+01 2.957598e+01 -3.000000e+00
      vertex   2.575000e+01 2.700000e+01 -3.000000e+00
      vertex   2.421203e+01 2.947124e+01 -3.000000e+00
    endloop
  endfacet
  facet normal 0.000000e+00 -0.000000e+00 -1.000000e+00
    outer loop
      vertex   2.421203e+01 2.947124e+01 -3.000000e+00
      vertex   2.575000e+01 2.700000e+01 -3.000000e+00
      vertex   2.407377e+01 2.936155e+01 -3.000000e+00
    endloop
  endfacet
  facet normal 0.000000e+00 -0.000000e+00 -1.000000e+00
    outer loop
      vertex   2.407377e+01 2.936155e+01 -3.000000e+00
      vertex   2.575000e+01 2.700000e+01 -3.000000e+00
      vertex   2.393947e+01 2.924705e+01 -3.000000e+00
    endloop
  endfacet
  facet normal 0.000000e+00 -0.000000e+00 -1.000000e+00
    outer loop
      vertex   2.393947e+01 2.924705e+01 -3.000000e+00
      vertex   2.575000e+01 2.700000e+01 -3.000000e+00
      vertex   2.380929e+01 2.912788e+01 -3.000000e+00
    endloop
  endfacet
  facet normal 0.000000e+00 -0.000000e+00 -1.000000e+00
    outer loop
      vertex   2.380929e+01 2.912788e+01 -3.000000e+00
      vertex   2.575000e+01 2.700000e+01 -3.000000e+00
      vertex   2.368340e+01 2.900420e+01 -3.000000e+00
    endloop
  endfacet
  facet normal 0.000000e+00 -0.000000e+00 -1.000000e+00
    outer loop
      vertex   2.368340e+01 2.900420e+01 -3.000000e+00
      vertex   2.575000e+01 2.700000e+01 -3.000000e+00
      vertex   2.356196e+01 2.887614e+01 -3.000000e+00
    endloop
  endfacet
  facet normal 0.000000e+00 -0.000000e+00 -1.000000e+00
    outer loop
      vertex   2.356196e+01 2.887614e+01 -3.000000e+00
      vertex   2.575000e+01 2.700000e+01 -3.000000e+00
      vertex   2.344511e+01 2.874388e+01 -3.000000e+00
    endloop
  endfacet
  facet normal 0.000000e+00 -0.000000e+00 -1.000000e+00
    outer loop
      vertex   2.344511e+01 2.874388e+01 -3.000000e+00
      vertex   2.575000e+01 2.700000e+01 -3.000000e+00
      vertex   2.333299e+01 2.860758e+01 -3.000000e+00
    endloop
  endfacet
  facet normal 0.000000e+00 -0.000000e+00 -1.000000e+00
    outer loop
      vertex   2.333299e+01 2.860758e+01 -3.000000e+00
      vertex   2.575000e+01 2.700000e+01 -3.000000e+00
      vertex   2.322576e+01 2.846741e+01 -3.000000e+00
    endloop
  endfacet
  facet normal 0.000000e+00 -0.000000e+00 -1.000000e+00
    outer loop
      vertex   2.322576e+01 2.846741e+01 -3.000000e+00
      vertex   2.575000e+01 2.700000e+01 -3.000000e+00
      vertex   2.312355e+01 2.832354e+01 -3.000000e+00
    endloop
  endfacet
  facet normal 0.000000e+00 -0.000000e+00 -1.000000e+00
    outer loop
      vertex   2.312355e+01 2.832354e+01 -3.000000e+00
      vertex   2.575000e+01 2.700000e+01 -3.000000e+00
      vertex   2.302647e+01 2.817615e+01 -3.000000e+00
    endloop
  endfacet
  facet normal 0.000000e+00 -0.000000e+00 -1.000000e+00
    outer loop
      vertex   2.302647e+01 2.817615e+01 -3.000000e+00
      vertex   2.575000e+01 2.700000e+01 -3.000000e+00
      vertex   2.293466e+01 2.802543e+01 -3.000000e+00
    endloop
  endfacet
  facet normal 0.000000e+00 -0.000000e+00 -1.000000e+00
    outer loop
      vertex   2.293466e+01 2.802543e+01 -3.000000e+00
      vertex   2.575000e+01 2.700000e+01 -3.000000e+00
      vertex   2.284822e+01 2.787156e+01 -3.000000e+00
    endloop
  endfacet
  facet normal 0.000000e+00 -0.000000e+00 -1.000000e+00
    outer loop
      vertex   2.284822e+01 2.787156e+01 -3.000000e+00
      vertex   2.575000e+01 2.700000e+01 -3.000000e+00
      vertex   2.276726e+01 2.771474e+01 -3.000000e+00
    endloop
  endfacet
  facet normal 0.000000e+00 -0.000000e+00 -1.000000e+00
    outer loop
      vertex   2.276726e+01 2.771474e+01 -3.000000e+00
      vertex   2.575000e+01 2.700000e+01 -3.000000e+00
      vertex   2.269189e+01 2.755516e+01 -3.000000e+00
    endloop
  endfacet
  facet normal 0.000000e+00 -0.000000e+00 -1.000000e+00
    outer loop
      vertex   2.269189e+01 2.755516e+01 -3.000000e+00
      vertex   2.575000e+01 2.700000e+01 -3.000000e+00
      vertex   2.262220e+01 2.739302e+01 -3.000000e+00
    endloop
  endfacet
  facet normal 0.000000e+00 -0.000000e+00 -1.000000e+00
    outer loop
      vertex   2.262220e+01 2.739302e+01 -3.000000e+00
      vertex   2.575000e+01 2.700000e+01 -3.000000e+00
      vertex   2.255828e+01 2.722852e+01 -3.000000e+00
    endloop
  endfacet
  facet normal 0.000000e+00 -0.000000e+00 -1.000000e+00
    outer loop
      vertex   2.255828e+01 2.722852e+01 -3.000000e+00
      vertex   2.575000e+01 2.700000e+01 -3.000000e+00
      vertex   2.250020e+01 2.706186e+01 -3.000000e+00
    endloop
  endfacet
  facet normal 0.000000e+00 -0.000000e+00 -1.000000e+00
    outer loop
      vertex   2.250020e+01 2.706186e+01 -3.000000e+00
      vertex   2.575000e+01 2.700000e+01 -3.000000e+00
      vertex   2.244804e+01 2.689326e+01 -3.000000e+00
    endloop
  endfacet
  facet normal 0.000000e+00 -0.000000e+00 -1.000000e+00
    outer loop
      vertex   2.244804e+01 2.689326e+01 -3.000000e+00
      vertex   2.575000e+01 2.700000e+01 -3.000000e+00
      vertex   2.240186e+01 2.672292e+01 -3.000000e+00
    endloop
  endfacet
  facet normal 0.000000e+00 -0.000000e+00 -1.000000e+00
    outer loop
      vertex   2.240186e+01 2.672292e+01 -3.000000e+00
      vertex   2.575000e+01 2.700000e+01 -3.000000e+00
      vertex   2.236172e+01 2.655106e+01 -3.000000e+00
    endloop
  endfacet
  facet normal 0.000000e+00 -0.000000e+00 -1.000000e+00
    outer loop
      vertex   2.236172e+01 2.655106e+01 -3.000000e+00
      vertex   2.575000e+01 2.700000e+01 -3.000000e+00
      vertex   2.232767e+01 2.637790e+01 -3.000000e+00
    endloop
  endfacet
  facet normal 0.000000e+00 -0.000000e+00 -1.000000e+00
    outer loop
      vertex   2.232767e+01 2.637790e+01 -3.000000e+00
      vertex   2.575000e+01 2.700000e+01 -3.000000e+00
      vertex   2.229976e+01 2.620363e+01 -3.000000e+00
    endloop
  endfacet
  facet normal 0.000000e+00 -0.000000e+00 -1.000000e+00
    outer loop
      vertex   2.229976e+01 2.620363e+01 -3.000000e+00
      vertex   2.575000e+01 2.700000e+01 -3.000000e+00
      vertex   2.227801e+01 2.602849e+01 -3.000000e+00
    endloop
  endfacet
  facet normal 0.000000e+00 -0.000000e+00 -1.000000e+00
    outer loop
      vertex   2.227801e+01 2.602849e+01 -3.000000e+00
      vertex   2.575000e+01 2.700000e+01 -3.000000e+00
      vertex   2.226245e+01 2.585269e+01 -3.000000e+00
    endloop
  endfacet
  facet normal 0.000000e+00 -0.000000e+00 -1.000000e+00
    outer loop
      vertex   2.226245e+01 2.585269e+01 -3.000000e+00
      vertex   2.575000e+01 2.700000e+01 -3.000000e+00
      vertex   2.225311e+01 2.567646e+01 -3.000000e+00
    endloop
  endfacet
  facet normal 0.000000e+00 0.000000e+00 -1.000000e+00
    outer loop
      vertex   2.575000e+01 2.700000e+01 1.500000e+00
      vertex   2.875000e+01 2.700000e+01 1.500000e+00
      vertex   2.575000e+01 2.400000e+01 1.500000e+00
    endloop
  endfacet
  facet normal 0.000000e+00 0.000000e+00 -1.000000e+00
    outer loop
      vertex   2.575000e+01 2.400000e+01 1.500000e+00
      vertex   2.875000e+01 2.700000e+01 1.500000e+00
      vertex   2.875000e+01 2.400000e+01 1.500000e+00
    endloop
  endfacet
endsolid
